id	cryptoclass	emonym	country	construction_type	classifier_lemma	citation_es	source	source_file	source_sheet	source_locator
acu-amor-ar-0001	Res Acutae	amor	AR	verbal-subject-transitive		Además de el bichito de el amor, a muchos les pica la necesidad de decorar con plantas y flores	manual	Res Acutae.xlsx	AMOR	B2
acu-amor-ar-0002	Res Acutae	amor	AR	verbal-subject-transitive		ese " bichito " que pica a el que llaman amor.	manual	Res Acutae.xlsx	AMOR	B2
acu-amor-ar-0003	Res Acutae	amor	AR	attributive	agudo	el amor es más agudo que el odio	manual	Res Acutae.xlsx	AMOR	F2
acu-amor-bo-0001	Res Acutae	amor	BO	verbal-subject-transitive		algún momento picará el bichito de amor.	manual	Res Acutae.xlsx	AMOR	B3
acu-amor-cl-0001	Res Acutae	amor	CL	verbal-subject-transitive		adie puede ser malo cuando le viene picando el bichito de el amor	manual	Res Acutae.xlsx	AMOR	B4
acu-amor-cl-0002	Res Acutae	amor	CL	attributive	agudo	" el agudo aguijón de el amor	manual	Res Acutae.xlsx	AMOR	F4
acu-amor-co-0001	Res Acutae	amor	CO	verbal-subject-transitive		el' bichito' de el amor le ha vuelto a picar	manual	Res Acutae.xlsx	AMOR	B5
acu-amor-co-0002	Res Acutae	amor	CO	verbal-subject-transitive		n qué momento lo picó ese amor por las letras	manual	Res Acutae.xlsx	AMOR	B5
acu-amor-co-0003	Res Acutae	amor	CO	substantive	punta de	el proceso fue fácil, ya que la hicimos realmente sin dinero, sólo a punta de amor, esfuerzo y sacrificio.	manual	Res Acutae.xlsx	AMOR	H5
acu-amor-co-0004	Res Acutae	amor	CO	substantive	punta de	todos los padres del mundo que se han ganado a punta de amor un puesto preferencial en el corazón de sus hijos	manual	Res Acutae.xlsx	AMOR	H5
acu-amor-cr-0001	Res Acutae	amor	CR	attributive	punzante	la cama con espinosas almohadas de Amor punzante,	manual	Res Acutae.xlsx	AMOR	F6
acu-amor-cu-0001	Res Acutae	amor	CU	verbal-subject-transitive		que cuando te agarra, a eso que llaman amor, lo hace picándo te duro por el cuello.	manual	Res Acutae.xlsx	AMOR	B7
acu-amor-cu-0002	Res Acutae	amor	CU	attributive	agudo	/ Es más grave el amor, es más agudo.	manual	Res Acutae.xlsx	AMOR	F7
acu-amor-es-0001	Res Acutae	amor	ES	attributive	punzante	No un amor punzante y afilado, como en' El secreto de sus ojos'	manual	Res Acutae.xlsx	AMOR	F10
acu-amor-mx-0001	Res Acutae	amor	MX	attributive	punzante	a Universidad Iberoamericana de Torreón nos regala un acto de amor punzante que fluye por nuestras arterias con dolor	manual	Res Acutae.xlsx	AMOR	F13
acu-amor-mx-0002	Res Acutae	amor	MX	substantive	punta de	asta en su forma de querer curar mi llanto a punta de amor.	manual	Res Acutae.xlsx	AMOR	H13
acu-amor-pa-0001	Res Acutae	amor	PA	verbal-subject-transitive		Cuando te pica el amor, te pica	manual	Res Acutae.xlsx	AMOR	B15
acu-amor-pa-0002	Res Acutae	amor	PA	substantive	punta de	y es que a punta de amor regresas a Panamá gial	manual	Res Acutae.xlsx	AMOR	H15
acu-amor-py-0001	Res Acutae	amor	PY	verbal-subject-transitive		Si te picó el bichito de el amor, en tu playlist se hacen presentes la músic	manual	Res Acutae.xlsx	AMOR	B18
acu-amor-ve-0001	Res Acutae	amor	VE	verbal-subject-transitive		El amor pica y se extiende	manual	Res Acutae.xlsx	AMOR	B21
con-amor-ar-0001	Res Continens	amor	AR	verbal-objective	tapar	están tapando el verdadero amor	manual	RES CONTINENS.xlsx	amor	B2
con-amor-ar-0002	Res Continens	amor	AR	verbal-objective	destapar	¿ Se destapó el amor?	manual	RES CONTINENS.xlsx	amor	B2
con-amor-ar-0003	Res Continens	amor	AR	verbal-subject-intransitive		se tapa la tristeza, la amargurano se tapa el amor ni la voluntad de hacer cosas	manual	RES CONTINENS.xlsx	amor	C2
con-amor-ar-0004	Res Continens	amor	AR	verbal-subject-transitive	contener	el amor contiene en su seno la traición como un elemento constitutivo	manual	RES CONTINENS.xlsx	amor	D2
con-amor-ar-0005	Res Continens	amor	AR	verbal-locative-state	dentro de	dentro de el amor la actriz tiene una larga lista de matrimonios y romances	manual	RES CONTINENS.xlsx	amor	E2
con-amor-ar-0006	Res Continens	amor	AR	verbal-locative-state	dentro de	Dentro de el amor está la compasión, preocupar se por el otro, la justicia socia	manual	RES CONTINENS.xlsx	amor	E2
con-amor-ar-0007	Res Continens	amor	AR	verbal-locative-state	dentro de	el drama dentro de el amor también es sumamente importante	manual	RES CONTINENS.xlsx	amor	E2
con-amor-ar-0008	Res Continens	amor	AR	verbal-locative-state	dentro de	Hasta entre los apóstoles hubo diferencias, pero todas dentro de el amor a Cristo y siguiendo sus enseñanzas	manual	RES CONTINENS.xlsx	amor	E2
con-amor-ar-0010	Res Continens	amor	AR	verbal-locative-state	encontrarse en	encontrar en el amor el camino para salir " del fondo	manual	RES CONTINENS.xlsx	amor	E2
con-amor-ar-0011	Res Continens	amor	AR	verbal-locative-state	encontrarse en	las mujeres encuentran en el amor esa posición, ese lugar social que les permite ser alguien	manual	RES CONTINENS.xlsx	amor	E2
con-amor-ar-0012	Res Continens	amor	AR	verbal-locative-state	encontrarse en	el delantero encontró en el amor un sostén incondiciona	manual	RES CONTINENS.xlsx	amor	E2
con-amor-ar-0013	Res Continens	amor	AR	verbal-locative-state	encontrarse en	nos encontramos en el amor y la unidad de Dios	manual	RES CONTINENS.xlsx	amor	E2
con-amor-ar-0014	Res Continens	amor	AR	verbal-locative-state	encontrarse en	encontramos en el amor la llave a el sosiego	manual	RES CONTINENS.xlsx	amor	E2
con-amor-ar-0015	Res Continens	amor	AR	verbal-locative-state	encontrarse en	Ana encuentra en el amor y la maternidad un resquicio donde se disipan las brumas	manual	RES CONTINENS.xlsx	amor	E2
con-amor-ar-0016	Res Continens	amor	AR	verbal-locative-into	caer en	la locura que nos afectaría si cayéramos en el amor romántico	manual	RES CONTINENS.xlsx	amor	F2
con-amor-ar-0017	Res Continens	amor	AR	verbal-locative-into	caer en	no caigas en un amor egoísta por ti mismo.	manual	RES CONTINENS.xlsx	amor	F2
con-amor-ar-0018	Res Continens	amor	AR	attributive	destapado	amores ocultos destapados en el fulgor de la fiest	manual	RES CONTINENS.xlsx	amor	G2
con-amor-ar-0019	Res Continens	amor	AR	attributive	lleno de	. Un amor llamado " inflación ", Un amor lleno de Hiperinflación	manual	RES CONTINENS.xlsx	amor	G2
con-amor-ar-0020	Res Continens	amor	AR	attributive	lleno de	un amor lleno de felicidad;	manual	RES CONTINENS.xlsx	amor	G2
con-amor-ar-0021	Res Continens	amor	AR	attributive	lleno de	un amor lleno de ternura.	manual	RES CONTINENS.xlsx	amor	G2
con-amor-ar-0022	Res Continens	amor	AR	attributive	lleno de	tener un amor lleno de ternura con los que te rodean,	manual	RES CONTINENS.xlsx	amor	G2
con-amor-ar-0023	Res Continens	amor	AR	predicative	está lleno de	El amor está lleno de ansiedades, de dudas.	manual	RES CONTINENS.xlsx	amor	H2
con-amor-ar-0024	Res Continens	amor	AR	predicative	está lleno de	El amor está lleno de supersticiones que no resisten la luz de el día.	manual	RES CONTINENS.xlsx	amor	H2
con-amor-ar-0025	Res Continens	amor	AR	predicative	está lleno de	El verdadero amor está lleno de vida cotidiana	manual	RES CONTINENS.xlsx	amor	H2
con-amor-bo-0001	Res Continens	amor	BO	attributive	lleno de	amor lleno de pureza.	manual	RES CONTINENS.xlsx	amor	G3
con-amor-cl-0001	Res Continens	amor	CL	verbal-subject-transitive	contener	El amor contiene su propia poesía y su plena justificación	manual	RES CONTINENS.xlsx	amor	D4
con-amor-cl-0002	Res Continens	amor	CL	attributive	lleno de	un amor lleno de aventuras y nuevas experiencias a pesar de la distanci	manual	RES CONTINENS.xlsx	amor	G4
con-amor-co-0001	Res Continens	amor	CO	verbal-subject-intransitive		El amor no se tapa, el amor es como el sol	manual	RES CONTINENS.xlsx	amor	C5
con-amor-co-0002	Res Continens	amor	CO	verbal-locative-state	dentro de	está dentro de el amor romántico la promesa de sumisión que alimenta la violencia contra una mujer.	manual	RES CONTINENS.xlsx	amor	E5
con-amor-co-0004	Res Continens	amor	CO	verbal-locative-state	encontrarse en	Un componente importante de la relación entre padres e hijos se encuentra en el amor y cuidado	manual	RES CONTINENS.xlsx	amor	E5
con-amor-co-0005	Res Continens	amor	CO	verbal-locative-state	encontrarse en	el artista encuentra en el amor más que una musa	manual	RES CONTINENS.xlsx	amor	E5
con-amor-co-0006	Res Continens	amor	CO	verbal-locative-state	encontrarse en	encontró en el amor el camino a la satisfacción	manual	RES CONTINENS.xlsx	amor	E5
con-amor-co-0007	Res Continens	amor	CO	verbal-locative-state	encontrarse en	Encuentras en el amor todo lo que necesitas	manual	RES CONTINENS.xlsx	amor	E5
con-amor-co-0008	Res Continens	amor	CO	verbal-locative-into	caer en	caer en el amor es difícil.	manual	RES CONTINENS.xlsx	amor	F5
con-amor-co-0009	Res Continens	amor	CO	attributive	lleno de	demuestran su amor lleno de ternura, complicidad, besos y caricia	manual	RES CONTINENS.xlsx	amor	G5
con-amor-co-0010	Res Continens	amor	CO	attributive	lleno de	amor lleno de peligros, intenciones ocultas y mucha pasión	manual	RES CONTINENS.xlsx	amor	G5
con-amor-co-0011	Res Continens	amor	CO	predicative		el amor estará lleno de ternura.	manual	RES CONTINENS.xlsx	amor	H5
con-amor-co-0012	Res Continens	amor	CO	predicative	está lleno de	Mi amor está lleno de rarezas, de obstáculos, de originalidades	manual	RES CONTINENS.xlsx	amor	H5
con-amor-co-0013	Res Continens	amor	CO	predicative		el amor está llena de resonancias de Vértigo.	manual	RES CONTINENS.xlsx	amor	H5
con-amor-co-0014	Res Continens	amor	CO	predicative		El amor estará lleno de detalles y manifestaciones de cariño	manual	RES CONTINENS.xlsx	amor	H5
con-amor-co-0015	Res Continens	amor	CO	predicative	está lleno de	El amor está lleno de reliquias	manual	RES CONTINENS.xlsx	amor	H5
con-amor-cu-0001	Res Continens	amor	CU	verbal-subject-intransitive		se hicieron cortos entre tanto café, ruedas de casino y amores que se destaparon en las lomas, lejos de la presión de la ciudad.	manual	RES CONTINENS.xlsx	amor	C7
con-amor-cu-0002	Res Continens	amor	CU	verbal-locative-state	dentro de	cuánta fuerza y maravilla habitan dentro de el amor.	manual	RES CONTINENS.xlsx	amor	E7
con-amor-cu-0003	Res Continens	amor	CU	attributive	lleno de	un amor lleno de sangre valiente	manual	RES CONTINENS.xlsx	amor	G7
con-amor-do-0001	Res Continens	amor	DO	attributive	lleno de	viven amores llenos de trabas, oposiciones, envidia	manual	RES CONTINENS.xlsx	amor	G8
con-amor-ec-0001	Res Continens	amor	EC	verbal-locative-state	encontrarse en	Encuentra en el amor la salvación	manual	RES CONTINENS.xlsx	amor	E9
con-amor-ec-0002	Res Continens	amor	EC	verbal-locative-into	caer en	en la Carrera de Campeones cayeron en el amor con el evento.	manual	RES CONTINENS.xlsx	amor	F9
con-amor-ec-0003	Res Continens	amor	EC	attributive	lleno de	el amor lleno de reencuentros.	manual	RES CONTINENS.xlsx	amor	G9
con-amor-ec-0004	Res Continens	amor	EC	predicative		amor esté lleno de plástico lanzado por el hombre y de algo más doloroso, cadáveres y juguetes	manual	RES CONTINENS.xlsx	amor	H9
con-amor-es-0001	Res Continens	amor	ES	verbal-objective	tapar	no hay hormigón suficiente que tape el amor de la gent	manual	RES CONTINENS.xlsx	amor	B10
con-amor-es-0002	Res Continens	amor	ES	verbal-objective	tapar	las nubes taparon a su amor	manual	RES CONTINENS.xlsx	amor	B10
con-amor-es-0003	Res Continens	amor	ES	verbal-objective	destapar	3(  Destapan amores de el expresidente	manual	RES CONTINENS.xlsx	amor	B10
con-amor-es-0004	Res Continens	amor	ES	verbal-locative-state	encontrarse en	En el amor encontró la solución a su problema etílico	manual	RES CONTINENS.xlsx	amor	E10
con-amor-es-0005	Res Continens	amor	ES	verbal-locative-state	encontrarse en	2)La raíz de todo se encuentra en el amor.	manual	RES CONTINENS.xlsx	amor	E10
con-amor-es-0006	Res Continens	amor	ES	verbal-locative-state	encontrarse en	goce del amor que buscaba infructuosamente en las relaciones lo he encontrado en el amor a mi criatura.	manual	RES CONTINENS.xlsx	amor	E10
con-amor-es-0007	Res Continens	amor	ES	verbal-locative-state	estar en	La hipocresía en el amor aparece cuando uno no quiere perder aquello que no está dispuesto a cuida	manual	RES CONTINENS.xlsx	amor	E10
con-amor-es-0008	Res Continens	amor	ES	verbal-locative-into	caer en	Katie comienza a caer en el amor, ella lucha con un oscuro secreto	manual	RES CONTINENS.xlsx	amor	F10
con-amor-es-0009	Res Continens	amor	ES	verbal-locative-into	caer en	Caí en el amor y pronto me convertiré en padre	manual	RES CONTINENS.xlsx	amor	F10
con-amor-es-0010	Res Continens	amor	ES	verbal-locative-into	caer en	lo único que hicieron mal fue caer en el amor	manual	RES CONTINENS.xlsx	amor	F10
con-amor-es-0011	Res Continens	amor	ES	attributive	lleno de	el amor lleno de sensualidad	manual	RES CONTINENS.xlsx	amor	G10
con-amor-es-0012	Res Continens	amor	ES	attributive	lleno de	tejen un amor lleno de intrigas y referencias a un pasado desconocido	manual	RES CONTINENS.xlsx	amor	G10
con-amor-es-0013	Res Continens	amor	ES	attributive	lleno de	' Un amor lleno de vida'	manual	RES CONTINENS.xlsx	amor	G10
con-amor-es-0014	Res Continens	amor	ES	attributive	lleno de	Es un amor lleno de pretendientes y	manual	RES CONTINENS.xlsx	amor	G10
con-amor-es-0015	Res Continens	amor	ES	attributive	lleno de	amor lleno de madurez,	manual	RES CONTINENS.xlsx	amor	G10
con-amor-es-0016	Res Continens	amor	ES	attributive	lleno de	un amor lleno de fe,	manual	RES CONTINENS.xlsx	amor	G10
con-amor-es-0017	Res Continens	amor	ES	predicative	está lleno de	El amor está lleno de contrastes.	manual	RES CONTINENS.xlsx	amor	H10
con-amor-gt-0001	Res Continens	amor	GT	attributive	lleno de	se amor lleno de satisfacciones, deseos y pasiones,	manual	RES CONTINENS.xlsx	amor	G11
con-amor-mx-0001	Res Continens	amor	MX	verbal-objective	destapar	la campaña de recolección " Juntos destapemos amor "	manual	RES CONTINENS.xlsx	amor	B13
con-amor-mx-0002	Res Continens	amor	MX	verbal-objective	destapar	los famosos decidieron usar sus redes para destapar su amor.	manual	RES CONTINENS.xlsx	amor	B13
con-amor-mx-0003	Res Continens	amor	MX	verbal-objective	destapar	Chávez destapó su amor por uno de los clubes	manual	RES CONTINENS.xlsx	amor	B13
con-amor-mx-0004	Res Continens	amor	MX	verbal-subject-intransitive		demás se destapa el gran amor que hubo entre Issabela Camil y el cantante	manual	RES CONTINENS.xlsx	amor	C13
con-amor-mx-0005	Res Continens	amor	MX	verbal-subject-transitive	contener	nuestro amor contendrá una serie de temores saludables	manual	RES CONTINENS.xlsx	amor	D13
con-amor-mx-0006	Res Continens	amor	MX	verbal-subject-transitive	contener	Nuestra música al igual que nuestro amor contiene lo más bello	manual	RES CONTINENS.xlsx	amor	D13
con-amor-mx-0007	Res Continens	amor	MX	verbal-subject-transitive	almacenar	El amor, fiereza, ritmo de la carne: cálices que almacenan sospechas.	manual	RES CONTINENS.xlsx	amor	D13
con-amor-mx-0008	Res Continens	amor	MX	verbal-subject-transitive	guardar	el amor guarda una relación estrecha con el corazón,	manual	RES CONTINENS.xlsx	amor	D13
con-amor-mx-0009	Res Continens	amor	MX	verbal-locative-state	encontrarse en	en el amor encuentras a la persona ideal	manual	RES CONTINENS.xlsx	amor	E13
con-amor-mx-0010	Res Continens	amor	MX	verbal-locative-state	existir en	En el amor existen factores que la mente no puede llegar a comprender o resignar	manual	RES CONTINENS.xlsx	amor	E13
con-amor-mx-0011	Res Continens	amor	MX	verbal-locative-state	encontrarse en	la fórmula para conseguir la felicidad; algunos lo encuentran en el amor	manual	RES CONTINENS.xlsx	amor	E13
con-amor-mx-0012	Res Continens	amor	MX	verbal-locative-state	encontrarse en	la fuerza que se encuentra en el amor	manual	RES CONTINENS.xlsx	amor	E13
con-amor-mx-0013	Res Continens	amor	MX	verbal-locative-state	encontrarse en	encuentras en el amor las partes que necesitas	manual	RES CONTINENS.xlsx	amor	E13
con-amor-mx-0014	Res Continens	amor	MX	verbal-locative-state	encontrarse en	encontrarán en el amor la fuerza necesaria	manual	RES CONTINENS.xlsx	amor	E13
con-amor-mx-0015	Res Continens	amor	MX	verbal-locative-state	encontrarse en	encuentra en el amor fraternal el impulso	manual	RES CONTINENS.xlsx	amor	E13
con-amor-mx-0016	Res Continens	amor	MX	verbal-locative-state	encontrarse en	la satisfacción que se puede encontrar en el amor	manual	RES CONTINENS.xlsx	amor	E13
con-amor-mx-0017	Res Continens	amor	MX	verbal-locative-state	encontrarse en	encontró en el amor una suerte de exorcismo	manual	RES CONTINENS.xlsx	amor	E13
con-amor-mx-0018	Res Continens	amor	MX	verbal-locative-into	caer en	la mujer con la que cayó en amores	manual	RES CONTINENS.xlsx	amor	F13
con-amor-mx-0019	Res Continens	amor	MX	verbal-locative-into	caer en	Caí en amor	manual	RES CONTINENS.xlsx	amor	F13
con-amor-mx-0020	Res Continens	amor	MX	verbal-locative-into	caer en	Pero una cosa es la promesa de no caer en el amor y otra los tonteos	manual	RES CONTINENS.xlsx	amor	F13
con-amor-mx-0021	Res Continens	amor	MX	verbal-locative-into	caer en	trata de dos mujeres jóvenes que están cayendo en el amor	manual	RES CONTINENS.xlsx	amor	F13
con-amor-mx-0022	Res Continens	amor	MX	verbal-locative-into	caer en	Puedes caer en el amor platónico	manual	RES CONTINENS.xlsx	amor	F13
con-amor-mx-0023	Res Continens	amor	MX	attributive	lleno de	Un amor lleno de verdad permite superar fanatismos peligrosos	manual	RES CONTINENS.xlsx	amor	G13
con-amor-mx-0024	Res Continens	amor	MX	attributive	lleno de	Un amor lleno de verdad	manual	RES CONTINENS.xlsx	amor	G13
con-amor-mx-0025	Res Continens	amor	MX	attributive	lleno de	su amor lleno de esperanza	manual	RES CONTINENS.xlsx	amor	G13
con-amor-mx-0026	Res Continens	amor	MX	attributive	lleno de	viven un amor lleno de obstáculos por las diferencias de clases	manual	RES CONTINENS.xlsx	amor	G13
con-amor-mx-0027	Res Continens	amor	MX	attributive		Dios, encontrado en el amor	manual	RES CONTINENS.xlsx	amor	G13
con-amor-mx-0028	Res Continens	amor	MX	predicative	está lleno de	el amor está lleno de infantilismos, pero también de sentidos profundos.	manual	RES CONTINENS.xlsx	amor	H13
con-amor-mx-0029	Res Continens	amor	MX	predicative	está lleno de	EL AMOR ESTÁ LLENO de ilusiones,	manual	RES CONTINENS.xlsx	amor	H13
con-amor-mx-0030	Res Continens	amor	MX	predicative	está lleno de	El amor está lleno de errores	manual	RES CONTINENS.xlsx	amor	H13
con-amor-mx-0031	Res Continens	amor	MX	predicative	está lleno de	Este amor está lleno de inocencia. # 7. Inalcanzable #	manual	RES CONTINENS.xlsx	amor	H13
con-amor-ni-0001	Res Continens	amor	NI	predicative		el amor están llenas de sentido	manual	RES CONTINENS.xlsx	amor	H14
con-amor-pe-0002	Res Continens	amor	PE	verbal-locative-state	encontrarse en	han encontrado en el amor filial un soporte emocional	manual	RES CONTINENS.xlsx	amor	E16
con-amor-pe-0003	Res Continens	amor	PE	verbal-locative-state	encontrarse en	Fiona Apple ha encontrado en el amor una gran fuente de inspiración	manual	RES CONTINENS.xlsx	amor	E16
con-amor-pe-0004	Res Continens	amor	PE	verbal-locative-state	encontrarse en	la salvación solo se encuentra en el amor de Dios	manual	RES CONTINENS.xlsx	amor	E16
con-amor-pe-0005	Res Continens	amor	PE	verbal-locative-into	caer en	no cae en el amor tan fácil.	manual	RES CONTINENS.xlsx	amor	F16
con-amor-pe-0006	Res Continens	amor	PE	verbal-locative-into	caer en	finalmente ambos cayeran en el amor.	manual	RES CONTINENS.xlsx	amor	F16
con-amor-pe-0007	Res Continens	amor	PE	verbal-locative-into	caer en	más difícil de convencer a caer en el amor.	manual	RES CONTINENS.xlsx	amor	F16
con-amor-pe-0008	Res Continens	amor	PE	verbal-locative-into	caer en	vas a caer en el amor con alguien que realmente disminuya tu inquietud,	manual	RES CONTINENS.xlsx	amor	F16
con-amor-pe-0009	Res Continens	amor	PE	attributive	lleno de	un amor lleno de emociones, pasión, intimidad y sexo.	manual	RES CONTINENS.xlsx	amor	G16
con-amor-pe-0010	Res Continens	amor	PE	attributive	lleno de	se vive un amor lleno de ilusión	manual	RES CONTINENS.xlsx	amor	G16
con-amor-pe-0011	Res Continens	amor	PE	attributive	lleno de	ése amor lleno de emociones, en el que nos sentimos flotando en una nube	manual	RES CONTINENS.xlsx	amor	G16
con-amor-pe-0012	Res Continens	amor	PE	attributive	lleno de	existió un amor lleno de peripecias y vicisitudes	manual	RES CONTINENS.xlsx	amor	G16
con-amor-pe-0013	Res Continens	amor	PE	attributive	lleno de	disfrutar de ese amor lleno de la felicida	manual	RES CONTINENS.xlsx	amor	G16
con-amor-pe-0014	Res Continens	amor	PE	attributive	lleno de	un amor lleno de peripecias y vicisitudes	manual	RES CONTINENS.xlsx	amor	G16
con-amor-us-0001	Res Continens	amor	US	verbal-objective	tapar	están tapando el verdadero amor que viven hace más de dos décadas?	manual	RES CONTINENS.xlsx	amor	B22
con-amor-us-0002	Res Continens	amor	US	verbal-objective	destapar	emociona a el destapar su amor por otra muje	manual	RES CONTINENS.xlsx	amor	B22
con-amor-us-0003	Res Continens	amor	US	verbal-objective	destapar	Chiquis Rivera y Lorenzo Méndez destaparan su amor	manual	RES CONTINENS.xlsx	amor	B22
con-amor-us-0004	Res Continens	amor	US	verbal-objective	destapar	es a través de redes sociales que destapan su amor, con lindos mensajes.	manual	RES CONTINENS.xlsx	amor	B22
con-amor-us-0005	Res Continens	amor	US	verbal-subject-transitive	guardar	El amor guarda semejanza con el árbol, se inclina por la fuerza de su propio peso,	manual	RES CONTINENS.xlsx	amor	D22
con-amor-us-0006	Res Continens	amor	US	verbal-locative-state	dentro de	nuestra amistad tiene esos apreciados ingredientes dentro de el Amor que son la bondad, la búsqueda de la aún difícil tolerancia	manual	RES CONTINENS.xlsx	amor	E22
con-amor-us-0007	Res Continens	amor	US	verbal-locative-state	encontrarse en	la motivación la encuentra en el amor que siente por su profesión	manual	RES CONTINENS.xlsx	amor	E22
con-amor-us-0008	Res Continens	amor	US	verbal-locative-into	caer en	Caer en el amor puede ser maravilloso	manual	RES CONTINENS.xlsx	amor	F22
con-amor-us-0009	Res Continens	amor	US	attributive	lleno de	e mereces un amor lleno de momentos bellos, no de sufrimientos constantes	manual	RES CONTINENS.xlsx	amor	G22
con-amor-us-0010	Res Continens	amor	US	attributive	lleno de	Un amor lleno de audacia y completamente proyectado hacia el don de sí misma	manual	RES CONTINENS.xlsx	amor	G22
con-amor-us-0011	Res Continens	amor	US	attributive	lleno de	el amor lleno de magia y mariposas en el estómago	manual	RES CONTINENS.xlsx	amor	G22
con-amor-us-0012	Res Continens	amor	US	attributive	lleno de	Un amor lleno de esperanza en el que no haya expectativas poco realista	manual	RES CONTINENS.xlsx	amor	G22
con-amor-us-0013	Res Continens	amor	US	attributive	lleno de	un amor lleno de ternura con los que te rodean,	manual	RES CONTINENS.xlsx	amor	G22
con-amor-us-0014	Res Continens	amor	US	attributive	lleno de	No es pleno un amor lleno de miedos	manual	RES CONTINENS.xlsx	amor	G22
con-amor-us-0015	Res Continens	amor	US	predicative	está lleno de	amor está lleno de audacia y todo orientado hacia el don de el yo	manual	RES CONTINENS.xlsx	amor	H22
con-amor-us-0016	Res Continens	amor	US	predicative	está lleno de	primer amor está lleno de ilusión y puede caer en el dulce idealismo de el amor perfecto.	manual	RES CONTINENS.xlsx	amor	H22
con-amor-uy-0001	Res Continens	amor	UY	verbal-locative-state	encontrarse en	Trabaja sobre cuatro o cinco personajes que en el amor encuentran sus caras reales	manual	RES CONTINENS.xlsx	amor	E20
con-amor-ve-0001	Res Continens	amor	VE	verbal-locative-state	estar en	dentro de el amor siempre puede estar la violencia en distintas escalas.	manual	RES CONTINENS.xlsx	amor	E21
con-amor-ve-0002	Res Continens	amor	VE	verbal-locative-state	encontrarse en	os recuerdan que Dios es amor y que solo en el amor encontraremos la felicidad, la paz, la justicia y la verdad. #	manual	RES CONTINENS.xlsx	amor	E21
con-amor-ve-0004	Res Continens	amor	VE	verbal-locative-into	caer en	Siempre caemos en el amor.	manual	RES CONTINENS.xlsx	amor	F21
con-amor-ve-0005	Res Continens	amor	VE	attributive	lleno de	amor lleno de calor	manual	RES CONTINENS.xlsx	amor	G21
con-amor-ve-0006	Res Continens	amor	VE	attributive	lleno de	mantener a un amor lleno de pasión tiene que existir ese refrescante aroma de deseos	manual	RES CONTINENS.xlsx	amor	G21
fil-amor-ar-0001	Res Filiformes	amor	AR	verbal-objective	desatar	La convivencia desata pasiones, amor y locura.	manual	Res Filiformes.xlsx	AMOR	B2
fil-amor-ar-0003	Res Filiformes	amor	AR	verbal-objective	desatar	López desató los odios y amoreS .	manual	Res Filiformes.xlsx	AMOR	B2
fil-amor-ar-0005	Res Filiformes	amor	AR	verbal-objective	desatar	En las fiestas, muchas parejas desatan todo su amor	manual	Res Filiformes.xlsx	AMOR	B2
fil-amor-ar-0006	Res Filiformes	amor	AR	verbal-objective	desatar	el amor que desató a su paso, la " resurrección " de la Iglesia,	manual	Res Filiformes.xlsx	AMOR	B2
fil-amor-ar-0007	Res Filiformes	amor	AR	verbal-objective	desatar	la desgracia que desata el amor prohibido	manual	Res Filiformes.xlsx	AMOR	B2
fil-amor-ar-0008	Res Filiformes	amor	AR	verbal-objective	desatar	el drama que desata un apasionado amor entre hermanos	manual	Res Filiformes.xlsx	AMOR	B2
fil-amor-ar-0009	Res Filiformes	amor	AR	verbal-objective	desatar	dos ráfagas de viento, en distintos momentos de una vida, desatan literalmente un amor profundo	manual	Res Filiformes.xlsx	AMOR	B2
fil-amor-ar-0010	Res Filiformes	amor	AR	verbal-objective	desatar	Lo conocen todos. Por supuesto que desata amores y odios	manual	Res Filiformes.xlsx	AMOR	B2
fil-amor-ar-0011	Res Filiformes	amor	AR	verbal-objective	entrelazar	Woody Allen reflexiona sobre el umbral de tolerancia en el amor conyugal, entrelazándo lo provocativamente con el delito económico.	manual	Res Filiformes.xlsx	AMOR	B2
fil-amor-ar-0012	Res Filiformes	amor	AR	verbal-objective	entrelazar	La autora ha sabido entrelazar amores y enigmas con una escritura a la vez compleja y transparente.	manual	Res Filiformes.xlsx	AMOR	B2
fil-amor-ar-0013	Res Filiformes	amor	AR	verbal-objective	entrelazar	un contexto de cambio que entrelaza el amor de los jóvenes, y un Estado protector	manual	Res Filiformes.xlsx	AMOR	B2
fil-amor-ar-0014	Res Filiformes	amor	AR	verbal-subject-intransitive	tejerse	Las historias de amor se tejen durante media hora de lunes a viernes con diferentes protagonistas	manual	Res Filiformes.xlsx	AMOR	C2
fil-amor-ar-0015	Res Filiformes	amor	AR	verbal-subject-intransitive	tejerse	la posibilidad de bucear historias de fe y amor, tejidas a lo largo de casi cuatro centurias.	manual	Res Filiformes.xlsx	AMOR	C2
fil-amor-ar-0016	Res Filiformes	amor	AR	verbal-subject-intransitive	tejerse	Historiasde amor que se tejen y entrelazan en plena historia argentina.	manual	Res Filiformes.xlsx	AMOR	C2
fil-amor-ar-0017	Res Filiformes	amor	AR	verbal-subject-intransitive	tejerse	en el marco de la campaña " Tejiendo amor ".	manual	Res Filiformes.xlsx	AMOR	C2
fil-amor-ar-0018	Res Filiformes	amor	AR	verbal-subject-intransitive	desatarse	Se desata el amor para 3 signos de el zodiaco este fin de semana	manual	Res Filiformes.xlsx	AMOR	C2
fil-amor-ar-0019	Res Filiformes	amor	AR	verbal-subject-intransitive	desatarse	entre cuerdas aéreas, aros flotantes, trampolines dobles y el cuenco de agua se desata el amor	manual	Res Filiformes.xlsx	AMOR	C2
fil-amor-ar-0020	Res Filiformes	amor	AR	verbal-subject-intransitive	entrelazarse	historias de amor que se entrelazan aquí	manual	Res Filiformes.xlsx	AMOR	C2
fil-amor-ar-0021	Res Filiformes	amor	AR	verbal-subject-intransitive	entrelazarse	marco donde se entrelazan historias de amor, pasión e intrig	manual	Res Filiformes.xlsx	AMOR	C2
fil-amor-ar-0022	Res Filiformes	amor	AR	verbal-subject-transitive		en este mundo la civilización del amor que pende de la cruz y de la resurrección de tu Divino Hijo	manual	Res Filiformes.xlsx	AMOR	D2
fil-amor-ar-0023	Res Filiformes	amor	AR	verbal-instrumental	atado con	atados con un amor que rebasa la filiación	manual	Res Filiformes.xlsx	AMOR	E2
fil-amor-ar-0024	Res Filiformes	amor	AR	verbal-instrumental		Clara y Rosa también estuvieron entrelazadas por el amor	manual	Res Filiformes.xlsx	AMOR	E2
fil-amor-ar-0025	Res Filiformes	amor	AR	verbal-instrumental		Dos mundos bien diferentes, entrelazados por amores cruzados, venganzas y traiciones	manual	Res Filiformes.xlsx	AMOR	E2
fil-amor-ar-0026	Res Filiformes	amor	AR	verbal-instrumental		una historia de amor extraordinaria entrelazada con la historia de el vino en la Argentina.	manual	Res Filiformes.xlsx	AMOR	E2
fil-amor-ar-0027	Res Filiformes	amor	AR	verbal-instrumental		asumí la tarea pastoral familiar y en medios de comunicación social, ambas entrelazadas por el amor a Cristo.	manual	Res Filiformes.xlsx	AMOR	E2
fil-amor-ar-0028	Res Filiformes	amor	AR	verbal-instrumental		u historia abrazaba un pasado y un presente entrelazados por el amor	manual	Res Filiformes.xlsx	AMOR	E2
fil-amor-ar-0029	Res Filiformes	amor	AR	verbal-instrumental		hermanos y hermanas en una maravillosa peregrinación, entrelazados por el amor que Dios tiene a cada una de sus criaturas	manual	Res Filiformes.xlsx	AMOR	E2
fil-amor-ar-0030	Res Filiformes	amor	AR	attributive		los amores que ata este hilo, quedarán amarrados para siempre.	manual	Res Filiformes.xlsx	AMOR	F2
fil-amor-ar-0031	Res Filiformes	amor	AR	substantive	hilo de	Bordando Nanas (con hilos de amor)	manual	Res Filiformes.xlsx	AMOR	G2
fil-amor-ar-0032	Res Filiformes	amor	AR	substantive	hilo de	un hilo conductor de amor y desamor	manual	Res Filiformes.xlsx	AMOR	G2
fil-amor-ar-0033	Res Filiformes	amor	AR	substantive	hilo de	el hilo conductor de el amor y el coraje	manual	Res Filiformes.xlsx	AMOR	G2
fil-amor-ar-0034	Res Filiformes	amor	AR	substantive	hilo de	el hilo invisible de el amor fraternal	manual	Res Filiformes.xlsx	AMOR	G2
fil-amor-ar-0035	Res Filiformes	amor	AR	substantive		El amor con sus hilos los une en su nombre.	manual	Res Filiformes.xlsx	AMOR	G2
fil-amor-ar-0036	Res Filiformes	amor	AR	substantive	hilo de	tropezar nuevamente con los hilos de el amor.	manual	Res Filiformes.xlsx	AMOR	G2
fil-amor-bo-0001	Res Filiformes	amor	BO	verbal-objective	desatar	el hombre que desata odio y amor entre los gobiernos	manual	Res Filiformes.xlsx	AMOR	B3
fil-amor-cl-0001	Res Filiformes	amor	CL	verbal-objective	desatar	desatando el amor absoluto de sus fans	manual	Res Filiformes.xlsx	AMOR	B4
fil-amor-cl-0002	Res Filiformes	amor	CL	verbal-objective	desatar	ese amor que desata una guerra a orillas de el Lago Chungará y de la hermosa mujer	manual	Res Filiformes.xlsx	AMOR	B4
fil-amor-cl-0003	Res Filiformes	amor	CL	verbal-objective	desatar	l resultado de estas personas que desataron su amor y fanatismo por la mujer	manual	Res Filiformes.xlsx	AMOR	B4
fil-amor-cl-0004	Res Filiformes	amor	CL	verbal-objective	desatar	Para proteger a nuestras mascotas y evitar que desaten su amor por las alturas	manual	Res Filiformes.xlsx	AMOR	B4
fil-amor-cl-0005	Res Filiformes	amor	CL	verbal-objective	desatar	a joven artista de 27 años demuestre que la actuación corre en sus venas, desatando amor y odio con este polémico personaj	manual	Res Filiformes.xlsx	AMOR	B4
fil-amor-cl-0006	Res Filiformes	amor	CL	verbal-objective	desatar	desatando todo el amor de la muchacha	manual	Res Filiformes.xlsx	AMOR	B4
fil-amor-cl-0007	Res Filiformes	amor	CL	verbal-objective	desatar	Todos los realities tienen a su antagonista, los que desatan amor y odio en el público.	manual	Res Filiformes.xlsx	AMOR	B4
fil-amor-cl-0008	Res Filiformes	amor	CL	verbal-objective	desatar	capitalizar el amor y odio que desatan en el público	manual	Res Filiformes.xlsx	AMOR	B4
fil-amor-cl-0009	Res Filiformes	amor	CL	verbal-objective	desatar	se mantiene firme en sus convicciones, desatando amores y odios.	manual	Res Filiformes.xlsx	AMOR	B4
fil-amor-cl-0010	Res Filiformes	amor	CL	verbal-objective	desatar	Vesta Lugg y Kel Calderón desataron su amor por Edu Vargas y el Pitbull	manual	Res Filiformes.xlsx	AMOR	B4
fil-amor-cl-0011	Res Filiformes	amor	CL	verbal-objective	desatar	Ahora los perros que desataron su amor fueron dos pomerianos	manual	Res Filiformes.xlsx	AMOR	B4
fil-amor-cl-0012	Res Filiformes	amor	CL	verbal-objective	desatar	desatan su amor detrás de cámaras	manual	Res Filiformes.xlsx	AMOR	B4
fil-amor-cl-0013	Res Filiformes	amor	CL	verbal-objective	desatar	Pedro " y " Antonia " desataron su amor	manual	Res Filiformes.xlsx	AMOR	B4
fil-amor-cl-0014	Res Filiformes	amor	CL	verbal-objective	desatar	esde ya desata amor y odio en las redes sociales.	manual	Res Filiformes.xlsx	AMOR	B4
fil-amor-cl-0015	Res Filiformes	amor	CL	verbal-objective	entrelazar	entrelazando emociones de amor y tragedia	manual	Res Filiformes.xlsx	AMOR	B4
fil-amor-cl-0016	Res Filiformes	amor	CL	verbal-instrumental		debe primar la armonía entrelazada con el amor	manual	Res Filiformes.xlsx	AMOR	E4
fil-amor-cl-0017	Res Filiformes	amor	CL	attributive	entrelazado	amor, poder, lealtad, erotismo, venganza y amor filial, entrelazados en un espiral de sucesos y dolor	manual	Res Filiformes.xlsx	AMOR	F4
fil-amor-cl-0018	Res Filiformes	amor	CL	attributive	retorcido	los amores retorcidos de la adultez.	manual	Res Filiformes.xlsx	AMOR	F4
fil-amor-cl-0019	Res Filiformes	amor	CL	substantive	hilo de	llevando un hilo conductor de amor y desamor	manual	Res Filiformes.xlsx	AMOR	G4
fil-amor-co-0001	Res Filiformes	amor	CO	verbal-objective	tejer	Es el amor que va tejiendo a el mezclar los colore	manual	Res Filiformes.xlsx	AMOR	B5
fil-amor-co-0002	Res Filiformes	amor	CO	verbal-objective	tejer	el Magdalena no deja de atrapar a propios y viajeros y tejer amores de temporad	manual	Res Filiformes.xlsx	AMOR	B5
fil-amor-co-0003	Res Filiformes	amor	CO	verbal-objective	desatar	El joven activista, que desata odios y amores	manual	Res Filiformes.xlsx	AMOR	B5
fil-amor-co-0004	Res Filiformes	amor	CO	verbal-objective	desatar	San Antonio también ocupa lugar preponderante en la santería cubana y brasilera, para desatar amores	manual	Res Filiformes.xlsx	AMOR	B5
fil-amor-co-0005	Res Filiformes	amor	CO	verbal-objective	desatar	l significado de el perdón que desata amor puro	manual	Res Filiformes.xlsx	AMOR	B5
fil-amor-co-0006	Res Filiformes	amor	CO	verbal-objective	desatar	Uribe no es de tintas medias y siempre desata odios y amores	manual	Res Filiformes.xlsx	AMOR	B5
fil-amor-co-0007	Res Filiformes	amor	CO	verbal-objective	desatar	La exitosa producción desató amores y odios	manual	Res Filiformes.xlsx	AMOR	B5
fil-amor-co-0008	Res Filiformes	amor	CO	verbal-objective	entrelazar	una historia ambientada en Santiago de Chile que entrelaza amores y enigmas,	manual	Res Filiformes.xlsx	AMOR	B5
fil-amor-co-0010	Res Filiformes	amor	CO	verbal-objective	hilvanar	la elección de entregar se a el otro sin condiciones para hilvanar el amor hasta que este quede diluído en una cotidianidad	manual	Res Filiformes.xlsx	AMOR	B5
fil-amor-co-0011	Res Filiformes	amor	CO	verbal-subject-intransitive	tejerse	las intrincadas relaciones de amor que se tejen alrededor de él	manual	Res Filiformes.xlsx	AMOR	C5
fil-amor-co-0012	Res Filiformes	amor	CO	verbal-subject-transitive	atar	es más el miedo y tal vez el amor lo que la ata a él,	manual	Res Filiformes.xlsx	AMOR	D5
fil-amor-co-0013	Res Filiformes	amor	CO	verbal-subject-transitive	amarrar	lo único que quería era volver a vivir en paz, sin amores que lo amarraran tanto	manual	Res Filiformes.xlsx	AMOR	D5
fil-amor-co-0014	Res Filiformes	amor	CO	attributive	tejido	una historia de amor tejida entre versos musicales	manual	Res Filiformes.xlsx	AMOR	F5
fil-amor-co-0015	Res Filiformes	amor	CO	substantive	hilo de	uno va haciéndo se zancadillas en cada página, enredándo se con la madeja de un amor que nadie atina a hilvanar	manual	Res Filiformes.xlsx	AMOR	G5
fil-amor-co-0016	Res Filiformes	amor	CO	substantive	hilo de	les mando hilos de amor y cariño	manual	Res Filiformes.xlsx	AMOR	G5
fil-amor-co-0017	Res Filiformes	amor	CO	substantive	hilo de	el hilo sagrado de tu amor	manual	Res Filiformes.xlsx	AMOR	G5
fil-amor-co-0018	Res Filiformes	amor	CO	substantive	hilo de	el extremo contrario de su hilo de el amor.	manual	Res Filiformes.xlsx	AMOR	G5
fil-amor-co-0019	Res Filiformes	amor	CO	substantive	hilo de	suspiro suavemente de pie ante el hilo de el amor	manual	Res Filiformes.xlsx	AMOR	G5
fil-amor-cr-0001	Res Filiformes	amor	CR	verbal-objective	tejer	la historia de amor que tejieron en su momento Zamora y su hoy exesposa	manual	Res Filiformes.xlsx	AMOR	B6
fil-amor-cr-0002	Res Filiformes	amor	CR	verbal-objective	tejer	Esa calle –sin salida– que en la serie tejió historias de amor, celos, solidaridad, generosidad	manual	Res Filiformes.xlsx	AMOR	B6
fil-amor-cr-0003	Res Filiformes	amor	CR	verbal-objective	tejer	on el alma más bella de el mundo, capaz de tejer un amor sin límites en la inocencia inesperada.	manual	Res Filiformes.xlsx	AMOR	B6
fil-amor-cr-0004	Res Filiformes	amor	CR	verbal-objective	tejer	En el seno de el hogar se tejió un amor	manual	Res Filiformes.xlsx	AMOR	B6
fil-amor-cr-0005	Res Filiformes	amor	CR	verbal-subject-intransitive	entrelazarse	una mezcla de humor y tragedia en la que se entrelazan el amor y los sueños de la adolescencia	manual	Res Filiformes.xlsx	AMOR	C6
fil-amor-cr-0006	Res Filiformes	amor	CR	verbal-subject-intransitive	tejerse	el sustrato indígena y la influencia negra, son el espectro en donde se tejen amores, alianzas y traiciones	manual	Res Filiformes.xlsx	AMOR	C6
fil-amor-cu-0001	Res Filiformes	amor	CU	verbal-objective	tejer	1CNo se entristezca, pues llegó diciembre con su magia, tejiendo hilos de amor y amistad, coloreando los corazones	manual	Res Filiformes.xlsx	AMOR	B7
fil-amor-cu-0002	Res Filiformes	amor	CU	verbal-objective	entrelazar	entrelazó su amor a la patria con su don de escribir	manual	Res Filiformes.xlsx	AMOR	B7
fil-amor-cu-0003	Res Filiformes	amor	CU	verbal-subject-intransitive	entrelazarse	el clavel, rojo se entrelaza con el amor y rosado con el amor maternal,	manual	Res Filiformes.xlsx	AMOR	C7
fil-amor-cu-0004	Res Filiformes	amor	CU	verbal-instrumental		un proceso mucho más rápido para seguir desempolvando los paquetes que las manos de Celia ataran con amor	manual	Res Filiformes.xlsx	AMOR	E7
fil-amor-cu-0005	Res Filiformes	amor	CU	substantive	hilo de	, tejiendo hilos de amor y amistad	manual	Res Filiformes.xlsx	AMOR	G7
fil-amor-cu-0006	Res Filiformes	amor	CU	substantive	hilo de	En Camagüey se cosen muñecas con hilos de amor	manual	Res Filiformes.xlsx	AMOR	G7
fil-amor-cu-0007	Res Filiformes	amor	CU	substantive	hilo de	estaremos unidos con hilos de amor y humilda	manual	Res Filiformes.xlsx	AMOR	G7
fil-amor-do-0001	Res Filiformes	amor	DO	verbal-subject-intransitive	entrelazarse	a humildad, el servicio y el amor se entrelazan aquí para mostrar nos el camino efectivo a el ciel	manual	Res Filiformes.xlsx	AMOR	C8
fil-amor-do-0002	Res Filiformes	amor	DO	verbal-subject-transitive	atar	Un amor lo ató a Colombia	manual	Res Filiformes.xlsx	AMOR	D8
fil-amor-do-0003	Res Filiformes	amor	DO	verbal-instrumental		sentimientos entrelazados de el amor con la costumbre	manual	Res Filiformes.xlsx	AMOR	E8
fil-amor-do-0004	Res Filiformes	amor	DO	substantive	hilo de	os unía un hilo intelectual de amor a las palabras y a la cultur	manual	Res Filiformes.xlsx	AMOR	G8
fil-amor-do-0005	Res Filiformes	amor	DO	substantive	hilo de	Ambos se han unido por ese hilo conductual de el amor fraterno	manual	Res Filiformes.xlsx	AMOR	G8
fil-amor-ec-0001	Res Filiformes	amor	EC	verbal-objective	desatar	un legado que desata odios y amores	manual	Res Filiformes.xlsx	AMOR	B9
fil-amor-ec-0002	Res Filiformes	amor	EC	verbal-instrumental		Decidimos, atados por el amor, no abandonar el uno a el otro	manual	Res Filiformes.xlsx	AMOR	E9
fil-amor-ec-0003	Res Filiformes	amor	EC	substantive	hilo de	unida por los hilos de el amor,	manual	Res Filiformes.xlsx	AMOR	G9
fil-amor-es-0001	Res Filiformes	amor	ES	verbal-objective	tejer	puede tejer un amor romántico,	manual	Res Filiformes.xlsx	AMOR	B10
fil-amor-es-0002	Res Filiformes	amor	ES	verbal-objective	tejer	una pastora y un Príncipe que tejen un amor lleno de intrigas y referencias a un pasado desconocido	manual	Res Filiformes.xlsx	AMOR	B10
fil-amor-es-0003	Res Filiformes	amor	ES	verbal-objective	desatar	a los protagonistas les da igual a la hora de desatar su amor.	manual	Res Filiformes.xlsx	AMOR	B10
fil-amor-es-0004	Res Filiformes	amor	ES	verbal-objective	desatar	el amor que desataría la Gran Esfinge de Guiza	manual	Res Filiformes.xlsx	AMOR	B10
fil-amor-es-0005	Res Filiformes	amor	ES	verbal-objective	desatar	tempestad que esperaba que desatara su verdadero amor	manual	Res Filiformes.xlsx	AMOR	B10
fil-amor-es-0006	Res Filiformes	amor	ES	verbal-objective	desatar	José López desata amores y odios	manual	Res Filiformes.xlsx	AMOR	B10
fil-amor-es-0007	Res Filiformes	amor	ES	verbal-objective	entrelazar	entrelazando amor y muerte	manual	Res Filiformes.xlsx	AMOR	B10
fil-amor-es-0008	Res Filiformes	amor	ES	verbal-objective	entrelazar	La autora ha sabido entrelazar amores y enigmas con una escritura a la vez compleja y transparent	manual	Res Filiformes.xlsx	AMOR	B10
fil-amor-es-0009	Res Filiformes	amor	ES	verbal-objective		" amarrar el amor a el sexo ha sido una de las ocurrencias más extravagantes	manual	Res Filiformes.xlsx	AMOR	B10
fil-amor-es-0010	Res Filiformes	amor	ES	verbal-subject-intransitive	tejerse	A su alrededor se tejen o desmadejan amores, infelicidades y pasiones, destacando el bello amor de un joven	manual	Res Filiformes.xlsx	AMOR	C10
fil-amor-es-0011	Res Filiformes	amor	ES	verbal-subject-intransitive	tejerse	El rencor, la venganza, el amor y la decepción tejen un mosaico de intensas pasiones que se expresan a través de un vocabulario gestual fértil	manual	Res Filiformes.xlsx	AMOR	C10
fil-amor-es-0012	Res Filiformes	amor	ES	verbal-subject-intransitive	tejerse	El amor se teje entre do	manual	Res Filiformes.xlsx	AMOR	C10
fil-amor-es-0013	Res Filiformes	amor	ES	verbal-subject-intransitive	desatarse	Las pasiones y amores se desataban también entre los vapores de las terma	manual	Res Filiformes.xlsx	AMOR	C10
fil-amor-es-0014	Res Filiformes	amor	ES	verbal-subject-intransitive	desatarse	se desató su amor por la música clásica.	manual	Res Filiformes.xlsx	AMOR	C10
fil-amor-es-0015	Res Filiformes	amor	ES	verbal-subject-intransitive	desatarse	, un instrumento que revolucionó la música moderna y en torno a el que se desatan historias de amor	manual	Res Filiformes.xlsx	AMOR	C10
fil-amor-es-0016	Res Filiformes	amor	ES	verbal-subject-intransitive	entrelazarse	Los reproches y el amor se entrelazan en esta fraternal historia	manual	Res Filiformes.xlsx	AMOR	C10
fil-amor-es-0017	Res Filiformes	amor	ES	verbal-subject-intransitive	entrelazarse	Amistad, amor y desamor se entrelaza a lo largo de el trayecto	manual	Res Filiformes.xlsx	AMOR	C10
fil-amor-es-0018	Res Filiformes	amor	ES	verbal-subject-intransitive	entrelazarse	Los precipicios de la vida y las profundidades de el amor se entrelazan sobre las tablas de la Sala I	manual	Res Filiformes.xlsx	AMOR	C10
fil-amor-es-0019	Res Filiformes	amor	ES	verbal-subject-intransitive		El amor de conveniencia o amor racional cose la convivencia a través de intereses reconocidos, el amor pasión se hilvana, por el contrario, a través de una aguja de luz que fulge y desaparece''.	manual	Res Filiformes.xlsx	AMOR	C10
fil-amor-es-0020	Res Filiformes	amor	ES	verbal-subject-transitive		El amor imposible teje varias historias que se superponen	manual	Res Filiformes.xlsx	AMOR	D10
fil-amor-es-0021	Res Filiformes	amor	ES	verbal-subject-transitive		Y ese amor de madre va tejiendo el vínculo entre ellos	manual	Res Filiformes.xlsx	AMOR	D10
fil-amor-es-0022	Res Filiformes	amor	ES	verbal-subject-transitive		Jerry y Emma se aman y su amor teje un laberinto de traiciones,	manual	Res Filiformes.xlsx	AMOR	D10
fil-amor-es-0023	Res Filiformes	amor	ES	verbal-subject-transitive		Esto es regar cada día ese amor que nos entrelaza como pareja	manual	Res Filiformes.xlsx	AMOR	D10
fil-amor-es-0024	Res Filiformes	amor	ES	verbal-instrumental		Su dolor se tejió con amor, pérdida, culpa y redención.	manual	Res Filiformes.xlsx	AMOR	E10
fil-amor-es-0025	Res Filiformes	amor	ES	verbal-instrumental		intentan sorprender a sus clientas y que tejen con amor cuatro artesanas.	manual	Res Filiformes.xlsx	AMOR	E10
fil-amor-es-0026	Res Filiformes	amor	ES	verbal-instrumental		miles de flores, más unas que otras, se entrelazan con el amor	manual	Res Filiformes.xlsx	AMOR	E10
fil-amor-es-0027	Res Filiformes	amor	ES	verbal-instrumental		nos dioses entrelazados por el amor, la amistad, la envidia, el odio y la fragilidad	manual	Res Filiformes.xlsx	AMOR	E10
fil-amor-es-0029	Res Filiformes	amor	ES	attributive	tejido	contemplar una historia tejida de amor por miles de nuestros conciudadanos	manual	Res Filiformes.xlsx	AMOR	F10
fil-amor-es-0030	Res Filiformes	amor	ES	attributive		el amor desatado por su segunda esposa	manual	Res Filiformes.xlsx	AMOR	F10
fil-amor-es-0031	Res Filiformes	amor	ES	attributive		su amor fue loco y desatado	manual	Res Filiformes.xlsx	AMOR	F10
fil-amor-es-0032	Res Filiformes	amor	ES	attributive		La jornada de este miércoles se presentaba plena de amores marianos desatados en la ciudad de Huelva	manual	Res Filiformes.xlsx	AMOR	F10
fil-amor-es-0033	Res Filiformes	amor	ES	attributive	retorcido	me encanta la oscuridad que hay tras este amor retorcido y siempre pendiendo de un hilo	manual	Res Filiformes.xlsx	AMOR	F10
fil-amor-es-0034	Res Filiformes	amor	ES	substantive	hilo de	El amor es el hilo conductor, que puede dar plenitud a el corazón de las personas	manual	Res Filiformes.xlsx	AMOR	G10
fil-amor-es-0035	Res Filiformes	amor	ES	substantive	hilo de	el invisible hilo de nuestro profundo amor.	manual	Res Filiformes.xlsx	AMOR	G10
fil-amor-es-0036	Res Filiformes	amor	ES	substantive		El amor es el hilo que enlaza los días y nos ayuda a no perder nos	manual	Res Filiformes.xlsx	AMOR	G10
fil-amor-es-0037	Res Filiformes	amor	ES	substantive		el hilo conductor es el amor	manual	Res Filiformes.xlsx	AMOR	G10
fil-amor-mx-0001	Res Filiformes	amor	MX	verbal-objective	tejer	ran ídolo de México, que vivió a el máximo su vida y tejió grandes amores	manual	Res Filiformes.xlsx	AMOR	B13
fil-amor-mx-0002	Res Filiformes	amor	MX	verbal-objective	tejer	2Confiamos en Dios, con la certeza que él teje historias de amor personal con cada una	manual	Res Filiformes.xlsx	AMOR	B13
fil-amor-mx-0003	Res Filiformes	amor	MX	verbal-objective	desatar	n legado que desató odios y amores.	manual	Res Filiformes.xlsx	AMOR	B13
fil-amor-mx-0004	Res Filiformes	amor	MX	verbal-objective	desatar	la lectura conmueve, desata el amor	manual	Res Filiformes.xlsx	AMOR	B13
fil-amor-mx-0005	Res Filiformes	amor	MX	verbal-objective	desatar	la pasión que desata el amor	manual	Res Filiformes.xlsx	AMOR	B13
fil-amor-mx-0006	Res Filiformes	amor	MX	verbal-objective	desatar	Este tipo de amor desata pasión y el deseo	manual	Res Filiformes.xlsx	AMOR	B13
fil-amor-mx-0007	Res Filiformes	amor	MX	verbal-objective	desatar	; vincula e incluye, despierta el orgullo y desata el amor a la patria	manual	Res Filiformes.xlsx	AMOR	B13
fil-amor-mx-0008	Res Filiformes	amor	MX	verbal-objective		ntrelaza amores y enigmas en una historia que abarca tres generaciones	manual	Res Filiformes.xlsx	AMOR	B13
fil-amor-mx-0009	Res Filiformes	amor	MX	verbal-objective	entrelazar	La autora ha sabido entrelazar amores y enigmas	manual	Res Filiformes.xlsx	AMOR	B13
fil-amor-mx-0010	Res Filiformes	amor	MX	verbal-subject-intransitive	tejerse	en cada página se tejen historias de amor, traición y amistad	manual	Res Filiformes.xlsx	AMOR	C13
fil-amor-mx-0011	Res Filiformes	amor	MX	verbal-subject-intransitive	desatarse	na serie de relaciones de poder, amor y odio se desatarán.	manual	Res Filiformes.xlsx	AMOR	C13
fil-amor-mx-0012	Res Filiformes	amor	MX	verbal-subject-intransitive	entrelazarse	es un canto maravilloso en el que se entrelazan el amor divino, la alegría, la conversión, el perdó	manual	Res Filiformes.xlsx	AMOR	C13
fil-amor-mx-0013	Res Filiformes	amor	MX	verbal-subject-intransitive	entrelazarse	La amistad, la lealtad y el amor se entrelazaron con el bel canto para llevar a escena	manual	Res Filiformes.xlsx	AMOR	C13
fil-amor-mx-0014	Res Filiformes	amor	MX	verbal-subject-intransitive	entrelazarse	es una mezcla de humor y tragedia en la que se entrelazan el amor y los sueños de una adolescencia marcada por el cánce	manual	Res Filiformes.xlsx	AMOR	C13
fil-amor-mx-0015	Res Filiformes	amor	MX	verbal-subject-transitive		Mal de amores teje, recorta y borda cojines, cobijas, llaveros	manual	Res Filiformes.xlsx	AMOR	D13
fil-amor-mx-0016	Res Filiformes	amor	MX	verbal-subject-transitive	amarrar	el amor patrio, está amarrando su bandera para tratar de alzar la aquí dentro de el escombro	manual	Res Filiformes.xlsx	AMOR	D13
fil-amor-mx-0017	Res Filiformes	amor	MX	verbal-subject-transitive	amarrar	Habla de un amor que te amarra y no te suelta	manual	Res Filiformes.xlsx	AMOR	D13
fil-amor-mx-0018	Res Filiformes	amor	MX	verbal-instrumental		la manera de cómo tejer con amor, empeño y dedicación	manual	Res Filiformes.xlsx	AMOR	E13
fil-amor-ni-0001	Res Filiformes	amor	NI	verbal-objective	tejer	Ser pescador de hombres es tejer redes de amor y amistad que permitan socializar en armonía con aquellos	manual	Res Filiformes.xlsx	AMOR	B14
fil-amor-ni-0002	Res Filiformes	amor	NI	verbal-subject-intransitive	tejerse	Una historia de amor se teje en la leyenda náhuatl sobre el cempasúchilL	manual	Res Filiformes.xlsx	AMOR	C14
fil-amor-pa-0001	Res Filiformes	amor	PA	verbal-objective	entrelazar	La autora ha sabido entrelazar amores y enigmas con una escritura	manual	Res Filiformes.xlsx	AMOR	B15
fil-amor-pe-0001	Res Filiformes	amor	PE	verbal-objective	desatar	desatado tanto amores como odios extremos	manual	Res Filiformes.xlsx	AMOR	B16
fil-amor-pe-0002	Res Filiformes	amor	PE	verbal-objective	desatar	Un personaje polémico que desata amor y odio i	manual	Res Filiformes.xlsx	AMOR	B16
fil-amor-pe-0003	Res Filiformes	amor	PE	verbal-objective	desatar	Lena Headey es uno de los que más odio y amor desata entre los seguidores de la serie	manual	Res Filiformes.xlsx	AMOR	B16
fil-amor-pe-0004	Res Filiformes	amor	PE	verbal-objective	desatar	, placer y' locura' transitoria, parecido a lo que desata el amor romántico en las parejas.	manual	Res Filiformes.xlsx	AMOR	B16
fil-amor-pe-0005	Res Filiformes	amor	PE	verbal-objective	desatar	Esos incomprendidos animales que desatan amor y odio	manual	Res Filiformes.xlsx	AMOR	B16
fil-amor-pe-0006	Res Filiformes	amor	PE	verbal-objective	desatar	Los sucesos que desatarán dicho amor lo llevarán a creer en la existencia de una energía invisible	manual	Res Filiformes.xlsx	AMOR	B16
fil-amor-pe-0007	Res Filiformes	amor	PE	verbal-objective	desatar	poder de un apellido que desata tanto amor como odio	manual	Res Filiformes.xlsx	AMOR	B16
fil-amor-pe-0008	Res Filiformes	amor	PE	verbal-objective	desatar	el amor desata casos clínicos en los que el árbol siempre tapa el bosque.	manual	Res Filiformes.xlsx	AMOR	B16
fil-amor-pe-0009	Res Filiformes	amor	PE	verbal-objective	desatar	artista que desató odios y amores en la misma magnitud	manual	Res Filiformes.xlsx	AMOR	B16
fil-amor-pe-0010	Res Filiformes	amor	PE	verbal-objective	desatar	un medio que desata amores y pasiones en Atlético Nacional,	manual	Res Filiformes.xlsx	AMOR	B16
fil-amor-pe-0011	Res Filiformes	amor	PE	verbal-objective	entrelazar	autora ha sabido entrelazar amores y enigmas con una escritura	manual	Res Filiformes.xlsx	AMOR	B16
fil-amor-pe-0012	Res Filiformes	amor	PE	verbal-subject-intransitive	tejerse	historia de amor se teje en la leyenda náhuatl sobre el cempasúchi	manual	Res Filiformes.xlsx	AMOR	C16
fil-amor-pe-0013	Res Filiformes	amor	PE	verbal-subject-intransitive	tejerse	este mundo paralelo, complejo y sórdido en el que se tejen relaciones de amor y odio	manual	Res Filiformes.xlsx	AMOR	C16
fil-amor-pe-0014	Res Filiformes	amor	PE	verbal-subject-intransitive	tejerse	Y así nuestra historia de amor se tejió por seis meses.	manual	Res Filiformes.xlsx	AMOR	C16
fil-amor-pr-0001	Res Filiformes	amor	PR	verbal-objective	tejer	Ella era tejedora, toda la vida se pasó tejiendo amor y verticalidad en su pueblo	manual	Res Filiformes.xlsx	AMOR	B17
fil-amor-pr-0002	Res Filiformes	amor	PR	verbal-objective	desatar	elenco capitalino que desata amores y odios	manual	Res Filiformes.xlsx	AMOR	B17
fil-amor-pr-0003	Res Filiformes	amor	PR	verbal-instrumental		hermanos y hermanas en un maravilloso peregrinaje, entrelazados con el amor de Dios	manual	Res Filiformes.xlsx	AMOR	E17
fil-amor-py-0001	Res Filiformes	amor	PY	verbal-objective	desatar	manos de bolivianos, desata su apasionado amor por la Patria	manual	Res Filiformes.xlsx	AMOR	B18
fil-amor-sv-0001	Res Filiformes	amor	SV	verbal-subject-intransitive		La historia de amor comienza a hilvanar se	manual	Res Filiformes.xlsx	AMOR	C19
fil-amor-us-0001	Res Filiformes	amor	US	verbal-objective	tejer	tejió el gran amor de su vida	manual	Res Filiformes.xlsx	AMOR	B22
fil-amor-us-0002	Res Filiformes	amor	US	verbal-objective	tejer	su leyenda para tejer amores tras una bahía, s	manual	Res Filiformes.xlsx	AMOR	B22
fil-amor-us-0003	Res Filiformes	amor	US	verbal-objective	tejer	Opuestos escindidos construyen la metáfora que transita lo bucólico, lo urbano y teje el amor a la manera de el bolero	manual	Res Filiformes.xlsx	AMOR	B22
fil-amor-us-0004	Res Filiformes	amor	US	verbal-objective	desatar	el amor que los niños desatan en el corazón de sus padres.	manual	Res Filiformes.xlsx	AMOR	B22
fil-amor-us-0005	Res Filiformes	amor	US	verbal-objective	desatar	La típica escena de la pareja desatando su amor en la estrecha cabina de los baños	manual	Res Filiformes.xlsx	AMOR	B22
fil-amor-us-0006	Res Filiformes	amor	US	verbal-objective	desatar	símbolos que forjaron la identidad de el club, que desataron el amor de multitudes	manual	Res Filiformes.xlsx	AMOR	B22
fil-amor-us-0007	Res Filiformes	amor	US	verbal-objective	desatar	el alcalde Petro desata amores y odios	manual	Res Filiformes.xlsx	AMOR	B22
fil-amor-us-0008	Res Filiformes	amor	US	verbal-subject-intransitive	tejerse	El poema de amor se teje en cifras de un habla común y familiar	manual	Res Filiformes.xlsx	AMOR	C22
fil-amor-us-0009	Res Filiformes	amor	US	verbal-subject-intransitive	entrelazarse	el trabajo se entrelaza con el amor	manual	Res Filiformes.xlsx	AMOR	C22
fil-amor-us-0010	Res Filiformes	amor	US	verbal-subject-intransitive	desatarse	después de una disputa territorial entre chicas, se desata furiosamente el amor	manual	Res Filiformes.xlsx	AMOR	C22
fil-amor-us-0011	Res Filiformes	amor	US	verbal-subject-transitive		Un hilo de amor invisible tejió solidaridad entre el Valle de el Zenta y la Puna	manual	Res Filiformes.xlsx	AMOR	D22
fil-amor-us-0012	Res Filiformes	amor	US	verbal-subject-transitive	desatar	el amor no correspondido desata la violencia	manual	Res Filiformes.xlsx	AMOR	D22
fil-amor-us-0013	Res Filiformes	amor	US	verbal-instrumental		donde reina mayor calma/ y acontece la alegría/ de saber se en romería/ tejida de amor la talma	manual	Res Filiformes.xlsx	AMOR	E22
fil-amor-us-0015	Res Filiformes	amor	US	attributive	tejido	historias de amor aparecen tejidas a lo largo de el libro),	manual	Res Filiformes.xlsx	AMOR	F22
fil-amor-us-0016	Res Filiformes	amor	US	attributive		infortunada aprendiz de los intríngulis del amor y el encono hilvanados a su vera	manual	Res Filiformes.xlsx	AMOR	F22
fil-amor-us-0017	Res Filiformes	amor	US	substantive	hilo de	bordado con el hilo de el amor que da sentido a todo	manual	Res Filiformes.xlsx	AMOR	G22
fil-amor-us-0018	Res Filiformes	amor	US	substantive	hilo de	Un hilo de amor invisible tejió solidaridad	manual	Res Filiformes.xlsx	AMOR	G22
fil-amor-us-0019	Res Filiformes	amor	US	substantive	hilo de	unidos por el hilo de un amor atípico pero intenso	manual	Res Filiformes.xlsx	AMOR	G22
fil-amor-us-0020	Res Filiformes	amor	US	substantive	hilo de	Que el hilo de el amor se romperá	manual	Res Filiformes.xlsx	AMOR	G22
fil-amor-uy-0001	Res Filiformes	amor	UY	verbal-objective	desatar	nos abrazamos de una guitarra y de una canasta llena de libros para desatar un amor de humano	manual	Res Filiformes.xlsx	AMOR	B20
fil-amor-uy-0002	Res Filiformes	amor	UY	verbal-subject-intransitive	desatarse	el nuevo y verdadero amor que se desata; después de una disputa territorial entre chicas, se desata furiosamente el amor	manual	Res Filiformes.xlsx	AMOR	C20
fil-amor-ve-0001	Res Filiformes	amor	VE	verbal-objective	tejer	personajes, quienes durante el trascurso de el año escolar irán tejiendo odios y amores	manual	Res Filiformes.xlsx	AMOR	B21
fil-amor-ve-0002	Res Filiformes	amor	VE	verbal-objective	desatar	agrandando sus sueños y compromisos con la Patria, desatando un amor sincero y frenético de su pueblo	manual	Res Filiformes.xlsx	AMOR	B21
fil-amor-ve-0003	Res Filiformes	amor	VE	verbal-objective	entrelazar	historia ambientada en Santiago de Chile que entrelaza amores y enigmas; a autora ha sabido entrelazar amores y enigmas con una escritura	manual	Res Filiformes.xlsx	AMOR	B21
fil-amor-ve-0004	Res Filiformes	amor	VE	verbal-subject-intransitive	tejerse	na fusión de rasgos, creencias, amores y caracteres que tejen en el telar de la historia los filamentos	manual	Res Filiformes.xlsx	AMOR	C21
fil-amor-ve-0005	Res Filiformes	amor	VE	verbal-subject-intransitive	tejerse	Una historia de amor se teje en la leyenda náhuatl sobre el cempasúchi	manual	Res Filiformes.xlsx	AMOR	C21
fil-amor-ve-0006	Res Filiformes	amor	VE	verbal-subject-intransitive	tejerse	La historia de amor que se tejerá entre Camila Espino (Irene Esser	manual	Res Filiformes.xlsx	AMOR	C21
fil-amor-ve-0007	Res Filiformes	amor	VE	verbal-subject-intransitive	tejerse	a la historia de amor que se teje entre Sierva María de Todos los Ángeles y el cura	manual	Res Filiformes.xlsx	AMOR	C21
fil-amor-ve-0008	Res Filiformes	amor	VE	verbal-subject-intransitive	desatarse	e desató el amor de Japón por los vehículos motorizados	manual	Res Filiformes.xlsx	AMOR	C21
fil-amor-ve-0009	Res Filiformes	amor	VE	verbal-subject-intransitive	desatarse	Un amor político se desata contra el imperialismo	manual	Res Filiformes.xlsx	AMOR	C21
fil-amor-ve-0010	Res Filiformes	amor	VE	verbal-subject-transitive		El amor de seguro tejía algunas alientas.	manual	Res Filiformes.xlsx	AMOR	D21
fil-amor-ve-0011	Res Filiformes	amor	VE	verbal-subject-transitive		El amor teje la comunión, es comunión.	manual	Res Filiformes.xlsx	AMOR	D21
fil-amor-ve-0012	Res Filiformes	amor	VE	substantive	hilo de	no desea pasar por el hilo de el amor para reconciliar se	manual	Res Filiformes.xlsx	AMOR	G21
fil-amor-ve-0013	Res Filiformes	amor	VE	substantive	hilo de	desentrañar el hilo de el amor logrando su propia redención.	manual	Res Filiformes.xlsx	AMOR	G21
fil-amor-ve-0014	Res Filiformes	amor	VE	substantive	hilo de	nidos por los hilos trenzados de el amor y el humor,	manual	Res Filiformes.xlsx	AMOR	G21
liq-amor-ar-0001	Res Liquidae	amor	AR	verbal-objective	derramar	EL nos derrama su amor para que nosotros hagamos lo correcto "	manual	RES LIQUIDAE COR.xlsx	amor	B2
liq-amor-ar-0002	Res Liquidae	amor	AR	verbal-objective	derramar	ue ella la primera persona que derramó todo su amor sobre el Mesías	manual	RES LIQUIDAE COR.xlsx	amor	B2
liq-amor-ar-0003	Res Liquidae	amor	AR	verbal-objective	derramar	me habló de la belleza de aquellas canciones que derraman el más profundo amor, entre palabras y compases.	manual	RES LIQUIDAE COR.xlsx	amor	B2
liq-amor-ar-0004	Res Liquidae	amor	AR	verbal-objective	derramar	l amor de Dios que se derrama en nosotros como comunidad fraterna	manual	RES LIQUIDAE COR.xlsx	amor	B2
liq-amor-ar-0005	Res Liquidae	amor	AR	verbal-objective	derramar	estoy aquí para derramar el amor en tu corazón	manual	RES LIQUIDAE COR.xlsx	amor	B2
liq-amor-ar-0006	Res Liquidae	amor	AR	verbal-objective	derramar	cualquier otra cosa no me detendrán para derramar amor, luz y positividad en todo lo que hago	manual	RES LIQUIDAE COR.xlsx	amor	B2
liq-amor-ar-0007	Res Liquidae	amor	AR	verbal-objective	derramar	opta por los que derraman amor y sabiduría.	manual	RES LIQUIDAE COR.xlsx	amor	B2
liq-amor-ar-0008	Res Liquidae	amor	AR	verbal-objective	derramar	derramaba amor en la búsqueda de aquel que rompe todo lo establecid	manual	RES LIQUIDAE COR.xlsx	amor	B2
liq-amor-ar-0009	Res Liquidae	amor	AR	verbal-objective	derramar	nos sigues esperando para abrazar nos y derramar tu amor.	manual	RES LIQUIDAE COR.xlsx	amor	B2
liq-amor-ar-0010	Res Liquidae	amor	AR	verbal-objective	derramar	ella derramando el inmenso amor que la habita.	manual	RES LIQUIDAE COR.xlsx	amor	B2
liq-amor-ar-0011	Res Liquidae	amor	AR	verbal-objective	derramar	na guitarra que derramaba amor y alegría	manual	RES LIQUIDAE COR.xlsx	amor	B2
liq-amor-ar-0012	Res Liquidae	amor	AR	verbal-objective	derramar	en su última aparición pública derramó el amor que sentía por esta Patria sufrid	manual	RES LIQUIDAE COR.xlsx	amor	B2
liq-amor-ar-0013	Res Liquidae	amor	AR	verbal-objective	derramar	s hinchas de San Lorenzo continúan derramando demostraciones de amor.	manual	RES LIQUIDAE COR.xlsx	amor	B2
liq-amor-ar-0014	Res Liquidae	amor	AR	verbal-subject-transitive	inundar	...y que lo único que podemos hacer es reflejar el amor que inunda a el mundo en la beleza de una obra de arte. 2. Aun así, sé que la alegría, el amor y la paz inundará nuestros corazones. 3. ...el amor inunda el huevo plateado. 4. ...para recuperar el amor que alguna vez los inundó. 5. Cada hijo cuando llega es un amor que te inunda. 6. ...el amor de sus hinchas inundó las redes sociales. 7. ...el amor por River inundará nuestro querido recinto. 8. ...el amor inunda las redes sociales, toda vez que el emoji...	manual	RES LIQUIDAE COR.xlsx	amor	C2
liq-amor-ar-0016	Res Liquidae	amor	AR	verbal-subject-intransitive		ese amor absoluto se derrama a toda la humanidad	manual	RES LIQUIDAE COR.xlsx	amor	D2
liq-amor-ar-0017	Res Liquidae	amor	AR	verbal-subject-intransitive		Este amor se derrama con la gracia en el bautizado	manual	RES LIQUIDAE COR.xlsx	amor	D2
liq-amor-ar-0018	Res Liquidae	amor	AR	verbal-subject-intransitive	fluir	muestra de que el amor fluye.	manual	RES LIQUIDAE COR.xlsx	amor	D2
liq-amor-ar-0019	Res Liquidae	amor	AR	verbal-subject-intransitive	fluir	Entienda que debe dejar fluir el amor.	manual	RES LIQUIDAE COR.xlsx	amor	D2
liq-amor-ar-0020	Res Liquidae	amor	AR	verbal-subject-intransitive	fluir	onfía en la química inicial y deja que el amor fluya	manual	RES LIQUIDAE COR.xlsx	amor	D2
liq-amor-ar-0021	Res Liquidae	amor	AR	verbal-subject-intransitive	fluir	la energía de el amor fluya más en tu vida	manual	RES LIQUIDAE COR.xlsx	amor	D2
liq-amor-ar-0023	Res Liquidae	amor	AR	verbal-subject-intransitive	fluir	el tiempo los reencontró y fluyó el amor.	manual	RES LIQUIDAE COR.xlsx	amor	D2
liq-amor-ar-0024	Res Liquidae	amor	AR	verbal-subject-intransitive	fluir	No es fácil que fluya un amor a la distancia	manual	RES LIQUIDAE COR.xlsx	amor	D2
liq-amor-ar-0025	Res Liquidae	amor	AR	verbal-subject-intransitive	fluir	el amor entre ambos intrusos fluía de manera ascendente	manual	RES LIQUIDAE COR.xlsx	amor	D2
liq-amor-ar-0026	Res Liquidae	amor	AR	verbal-subject-intransitive	fluir	Fluye el amor y la pasión	manual	RES LIQUIDAE COR.xlsx	amor	D2
liq-amor-ar-0027	Res Liquidae	amor	AR	verbal-subject-intransitive	fluir	En el filme fluyen gratamente el amor, la seducción, las intrigas, las dudas	manual	RES LIQUIDAE COR.xlsx	amor	D2
liq-amor-ar-0028	Res Liquidae	amor	AR	verbal-subject-intransitive	brotar	...con una sonrisa tan amplia como el amor que le brota por los poros.	manual	RES LIQUIDAE COR.xlsx	amor	D2
liq-amor-ar-0029	Res Liquidae	amor	AR	verbal-subject-intransitive	brotar	...cómo, de el conocimiento que sale de él, brota un torrente de amor	manual	RES LIQUIDAE COR.xlsx	amor	D2
liq-amor-ar-0030	Res Liquidae	amor	AR	verbal-subject-intransitive	brotar	...el amor les brota por los poros	manual	RES LIQUIDAE COR.xlsx	amor	D2
liq-amor-ar-0031	Res Liquidae	amor	AR	verbal-subject-intransitive	brotar	...De su corazón traspasado por una lanza ha brotado el amor de Dios...	manual	RES LIQUIDAE COR.xlsx	amor	D2
liq-amor-ar-0032	Res Liquidae	amor	AR	verbal-subject-intransitive	brotar	...Es porque el amor brota el amor por todos los poros.	manual	RES LIQUIDAE COR.xlsx	amor	D2
liq-amor-ar-0033	Res Liquidae	amor	AR	verbal-subject-intransitive	brotar	...su divina pasión se ha manifestado el amor misericordioso que brota de su corazón traspasado	manual	RES LIQUIDAE COR.xlsx	amor	D2
liq-amor-ar-0034	Res Liquidae	amor	AR	verbal-subject-intransitive	brotar	...el amor brota, de acuerdo a un estudio realizado por la psicología...	manual	RES LIQUIDAE COR.xlsx	amor	D2
liq-amor-ar-0035	Res Liquidae	amor	AR	verbal-subject-intransitive	brotar	...experimentaremos que la auténtica felicidad brota когда el amor и el altruismo son más fuertes...	manual	RES LIQUIDAE COR.xlsx	amor	D2
liq-amor-ar-0036	Res Liquidae	amor	AR	verbal-subject-intransitive	brotar	...el amor brota. La psicología enumera estos conceptos para explicar...	manual	RES LIQUIDAE COR.xlsx	amor	D2
liq-amor-ar-0037	Res Liquidae	amor	AR	verbal-subject-intransitive	brotar	...lo cierto es que de esa coincidencia brotó un amor impostergable.	manual	RES LIQUIDAE COR.xlsx	amor	D2
liq-amor-ar-0038	Res Liquidae	amor	AR	verbal-subject-intransitive	brotar	.. el amor brotó porque es verdadero.	manual	RES LIQUIDAE COR.xlsx	amor	D2
liq-amor-ar-0039	Res Liquidae	amor	AR	verbal-subject-intransitive	brotar	...con su palabra de el amor que brota de el encuentro con Cristo.	manual	RES LIQUIDAE COR.xlsx	amor	D2
liq-amor-ar-0040	Res Liquidae	amor	AR	verbal-subject-intransitive	brotar	...en medio de risas y ternura brotará un amor imprevisible.	manual	RES LIQUIDAE COR.xlsx	amor	D2
liq-amor-ar-0041	Res Liquidae	amor	AR	verbal-subject-intransitive	diluirse	Aunque ese amor terminó diluyéndose debido a sus públicas declaraciones a favor de las carreras de galgos...	manual	RES LIQUIDAE COR.xlsx	amor	D2
liq-amor-ar-0042	Res Liquidae	amor	AR	verbal-subject-intransitive	diluirse	Sin embargo, el amor se diluyó enseguida y ambos se dieron cuenta que no se complementaban como pareja...	manual	RES LIQUIDAE COR.xlsx	amor	D2
liq-amor-ar-0043	Res Liquidae	amor	AR	verbal-subject-intransitive	diluirse	3El amor de pareja se fue diluyendo. Discutimos bastante, como una pareja normal.	manual	RES LIQUIDAE COR.xlsx	amor	D2
liq-amor-ar-0044	Res Liquidae	amor	AR	verbal-subject-intransitive	diluirse	Mi amor por ella no se diluyo pero tengo 27 años y si no hago esto por mi siempre sentiré	manual	RES LIQUIDAE COR.xlsx	amor	D2
liq-amor-ar-0045	Res Liquidae	amor	AR	substantive	flujo de	«El flujo de amor и de dolor que surgió luego de saber se la noticia de...»	manual	RES LIQUIDAE COR.xlsx	amor	E2
liq-amor-ar-0046	Res Liquidae	amor	AR	substantive	flujo de	«...el que también agradeció a el público por su constante flujo de amor и apoyo.»	manual	RES LIQUIDAE COR.xlsx	amor	E2
liq-amor-ar-0047	Res Liquidae	amor	AR	attributive	derramado	el amor de Dios derramado en nuestros corazones	manual	RES LIQUIDAE COR.xlsx	amor	F2
liq-amor-ar-0048	Res Liquidae	amor	AR	attributive	derramado	acompaña cada día, por eso y por tanto amor derramado	manual	RES LIQUIDAE COR.xlsx	amor	F2
liq-amor-ar-0049	Res Liquidae	amor	AR	attributive	derramado	el amor de Dios, derramado a todos	manual	RES LIQUIDAE COR.xlsx	amor	F2
liq-amor-ar-0050	Res Liquidae	amor	AR	verbal-instrumental	inundar de	Con conciencia femenina, se inunda la mente de amor y se conquista el lenguaje de el corazón...	manual	RES LIQUIDAE COR.xlsx	amor	G2
liq-amor-ar-0051	Res Liquidae	amor	AR	verbal-instrumental	inundar de	2.La llegada de el pequeñito inundó de amor a la familia... 3. e inundar los de amor. 4...es una sensación hermosa, te inunda de un amor enorme. 5. ...que inundaba tu corazón de amor hacia tu prójimo... 6. ...luego de 41 largas semanas llegó para inundar de amor la casa de la pareja... 7. e inundó de amor a el mundo a el publicar una serie de fotos.	manual	RES LIQUIDAE COR.xlsx	amor	G2
liq-amor-ar-0052	Res Liquidae	amor	AR	verbal-instrumental	inundar de	cocinar es inundar de amor toda la casa.	manual	RES LIQUIDAE COR.xlsx	amor	G2
liq-amor-bo-0001	Res Liquidae	amor	BO	verbal-objective	derramar	La parejita sigue derramando amor y no tiene reparo en mostrar le a el mundo	manual	RES LIQUIDAE COR.xlsx	amor	B3
liq-amor-bo-0002	Res Liquidae	amor	BO	verbal-objective	derramar	derramando el amor de Dios en corazones vacíos	manual	RES LIQUIDAE COR.xlsx	amor	B3
liq-amor-bo-0003	Res Liquidae	amor	BO	verbal-objective	derramar	el amor que derrama ese noble ser que nos llevó en sus entrañas	manual	RES LIQUIDAE COR.xlsx	amor	B3
liq-amor-bo-0004	Res Liquidae	amor	BO	verbal-objective	derramar	Dios quiere derramar su amor entre los cochabambinos y los bolivianos para promover una comunidad	manual	RES LIQUIDAE COR.xlsx	amor	B3
liq-amor-bo-0005	Res Liquidae	amor	BO	verbal-objective	derramar	todo el amor que derraman Miley y Liam es increible	manual	RES LIQUIDAE COR.xlsx	amor	B3
liq-amor-bo-0006	Res Liquidae	amor	BO	verbal-subject-transitive		La presencia de el amor derrama una serie de acciones espontáneas	manual	RES LIQUIDAE COR.xlsx	amor	C3
liq-amor-bo-0007	Res Liquidae	amor	BO	verbal-subject-transitive	inundar	. Un momento de amor en directo que inundó las redes sociales de mensajes	manual	RES LIQUIDAE COR.xlsx	amor	C3
liq-amor-bo-0008	Res Liquidae	amor	BO	verbal-subject-intransitive	fluir	Ese Amor debe fluir hacia los demás, nuestros hermanos,	manual	RES LIQUIDAE COR.xlsx	amor	D3
liq-amor-bo-0009	Res Liquidae	amor	BO	verbal-subject-intransitive	fluir	un manantial de donde fluye el amor, ternura y misericordia	manual	RES LIQUIDAE COR.xlsx	amor	D3
liq-amor-bo-0010	Res Liquidae	amor	BO	verbal-subject-intransitive	fluir	Para que fluya el amor tiene que haber un orde	manual	RES LIQUIDAE COR.xlsx	amor	D3
liq-amor-bo-0011	Res Liquidae	amor	BO	verbal-instrumental	inundar de	el fulgor y la prosperidad de un nuevo comienzo inunde sus hogares de amor, fe, y sobre todo mucha pero mucha salud.	manual	RES LIQUIDAE COR.xlsx	amor	G3
liq-amor-cl-0001	Res Liquidae	amor	CL	verbal-objective	derramar	desde el amor de Dios que quiere derramar se en nuestro mundo.	manual	RES LIQUIDAE COR.xlsx	amor	B4
liq-amor-cl-0002	Res Liquidae	amor	CL	verbal-objective	derramar	a: nos enseñó la humildad, ella derramó amor "	manual	RES LIQUIDAE COR.xlsx	amor	B4
liq-amor-cl-0003	Res Liquidae	amor	CL	verbal-objective	derramar	no me detendrán para derramar amor, luz y positividad	manual	RES LIQUIDAE COR.xlsx	amor	B4
liq-amor-cl-0004	Res Liquidae	amor	CL	verbal-subject-transitive	inundar	El amor inundó las pantallas de La Red esta mañana... 2. Y como en el Día de San Valentín el amor inunda el ambiente... 3. ...y si quieres que el amor y la pasión inunden tu vida... 4. ...llena de consciencia y amor, que te inunda...	manual	RES LIQUIDAE COR.xlsx	amor	C4
liq-amor-cl-0005	Res Liquidae	amor	CL	verbal-subject-intransitive		l amor de Dios que se derrama en los corazones de tantos que eligen dar vida dando la propia vida.	manual	RES LIQUIDAE COR.xlsx	amor	D4
liq-amor-cl-0006	Res Liquidae	amor	CL	verbal-subject-intransitive	fluir	en los reality shows el amor fluye con más rapidez que en la " vida real "	manual	RES LIQUIDAE COR.xlsx	amor	D4
liq-amor-cl-0007	Res Liquidae	amor	CL	verbal-subject-intransitive	fluir	hay algo que limita dejar fluir ese amor y	manual	RES LIQUIDAE COR.xlsx	amor	D4
liq-amor-cl-0008	Res Liquidae	amor	CL	verbal-subject-intransitive	fluir	El amor fluye en sus venas, lo laboral demuestra entereza perseverancia,	manual	RES LIQUIDAE COR.xlsx	amor	D4
liq-amor-cl-0009	Res Liquidae	amor	CL	verbal-subject-intransitive	fluir	Se puso a llorar y creo que dejó fluir todo ese amor que le tiene a Andrés	manual	RES LIQUIDAE COR.xlsx	amor	D4
liq-amor-cl-0010	Res Liquidae	amor	CL	verbal-subject-intransitive	fluir	el amor fluirá a partir de ese instantE	manual	RES LIQUIDAE COR.xlsx	amor	D4
liq-amor-cl-0011	Res Liquidae	amor	CL	verbal-subject-intransitive	fluir	ienes las destrezas y el amor fluye	manual	RES LIQUIDAE COR.xlsx	amor	D4
liq-amor-cl-0012	Res Liquidae	amor	CL	verbal-subject-intransitive	fluir	dejan fluir su amor	manual	RES LIQUIDAE COR.xlsx	amor	D4
liq-amor-cl-0013	Res Liquidae	amor	CL	verbal-subject-intransitive	fluir	El amor fluyó y Tessy quedó embarazada en el 2006	manual	RES LIQUIDAE COR.xlsx	amor	D4
liq-amor-cl-0014	Res Liquidae	amor	CL	verbal-subject-intransitive	fluir	que siga fluyendo el amor en el mundo	manual	RES LIQUIDAE COR.xlsx	amor	D4
liq-amor-cl-0015	Res Liquidae	amor	CL	verbal-subject-intransitive	fluir	ue el amor fluye naturalmente como en las películas	manual	RES LIQUIDAE COR.xlsx	amor	D4
liq-amor-cl-0016	Res Liquidae	amor	CL	verbal-subject-intransitive	fluir	Actualmente el amor sigue fluyendo	manual	RES LIQUIDAE COR.xlsx	amor	D4
liq-amor-cl-0018	Res Liquidae	amor	CL	verbal-subject-intransitive	fluir	el amor fluyó	manual	RES LIQUIDAE COR.xlsx	amor	D4
liq-amor-cl-0019	Res Liquidae	amor	CL	verbal-subject-intransitive	fluir	Una historia de amor fluye en medio de la trama, centrada en la creatividad de la campaña	manual	RES LIQUIDAE COR.xlsx	amor	D4
liq-amor-cl-0020	Res Liquidae	amor	CL	verbal-subject-intransitive	brotar	Todo fue de ensueño, le brota y se desborda amor.	manual	RES LIQUIDAE COR.xlsx	amor	D4
liq-amor-cl-0021	Res Liquidae	amor	CL	verbal-subject-intransitive	brotar	mirar el dolor y el amor que brotan, como sangre y agua mezcladas, de esa herida siempre abierta.	manual	RES LIQUIDAE COR.xlsx	amor	D4
liq-amor-cl-0022	Res Liquidae	amor	CL	verbal-subject-intransitive	diluirse	el amor se va diluyendo hasta que ya no quede nada de él.	manual	RES LIQUIDAE COR.xlsx	amor	D4
liq-amor-cl-0023	Res Liquidae	amor	CL	substantive		racias a nuestros fans de todo el mundo por su derrame de amor y apoyo	manual	RES LIQUIDAE COR.xlsx	amor	E4
liq-amor-cl-0024	Res Liquidae	amor	CL	substantive		Gracias por el increíble derrame de amor y bondad	manual	RES LIQUIDAE COR.xlsx	amor	E4
liq-amor-cl-0025	Res Liquidae	amor	CL	substantive	flujo de	El flujo de amor и de dolor que surgió luego de saber se la noticia de..	manual	RES LIQUIDAE COR.xlsx	amor	E4
liq-amor-cl-0026	Res Liquidae	amor	CL	verbal-instrumental	inundado por	Inundado por un inmenso amor hacia sus hijas... 2. ...un nuevo comienzo inunde sus hogares de amor, fe... 3. ...cena distinta, solidaria que inundó de paz y amor Concepción... 4. ...de seguro inundarán la Quinta Vergara de amor, abrazos y besos... 5. Kel Calderón y Pangal inundaron de amor el Estadio Nacional. 6. ...felices, tranquilos, agradecidos e inundados de amor por la familia... 7. ...la fe nos inunda de su amor que nos da seguridad...	manual	RES LIQUIDAE COR.xlsx	amor	G4
liq-amor-cl-0027	Res Liquidae	amor	CL	verbal-instrumental		En plena época diluida de paz y amor y moda bohemia.	manual	RES LIQUIDAE COR.xlsx	amor	G4
liq-amor-co-0001	Res Liquidae	amor	CO	verbal-objective	derramar	este hecho en la medida en que derramemos mucho amor,	manual	RES LIQUIDAE COR.xlsx	amor	B5
liq-amor-co-0002	Res Liquidae	amor	CO	verbal-objective	derramar	mucho el amor que podremos derramar sobre el núcleo familia	manual	RES LIQUIDAE COR.xlsx	amor	B5
liq-amor-co-0003	Res Liquidae	amor	CO	verbal-objective	derramar	derramando de su amor y su gracia en medio de nosotros	manual	RES LIQUIDAE COR.xlsx	amor	B5
liq-amor-co-0004	Res Liquidae	amor	CO	verbal-objective	derramar	me detendrán para derramar amor,	manual	RES LIQUIDAE COR.xlsx	amor	B5
liq-amor-co-0005	Res Liquidae	amor	CO	verbal-objective	derramar	se expresa en bendición para la descendencia derramando el amor de mujer con la tierna y sincera proyección de el amor.	manual	RES LIQUIDAE COR.xlsx	amor	B5
liq-amor-co-0006	Res Liquidae	amor	CO	verbal-objective	derramar	no conozco las entrañas en donde derramaré mi amor para dar te la vida, h	manual	RES LIQUIDAE COR.xlsx	amor	B5
liq-amor-co-0007	Res Liquidae	amor	CO	verbal-subject-transitive	inundar	Nostalgia, frustración, rabia, amor y odio, inundarán a el equipo.	manual	RES LIQUIDAE COR.xlsx	amor	C5
liq-amor-co-0008	Res Liquidae	amor	CO	verbal-subject-intransitive	fluir	simplemente dejar fluir el amor	manual	RES LIQUIDAE COR.xlsx	amor	D5
liq-amor-co-0009	Res Liquidae	amor	CO	verbal-subject-intransitive	fluir	Deja que el amor fluya, abre tu psique y tu corazón.	manual	RES LIQUIDAE COR.xlsx	amor	D5
liq-amor-co-0010	Res Liquidae	amor	CO	verbal-subject-intransitive	fluir	El amor debe fluir por las dos partes.	manual	RES LIQUIDAE COR.xlsx	amor	D5
liq-amor-co-0011	Res Liquidae	amor	CO	verbal-subject-intransitive	fluir	el amor asimismo fluye y que es de sabios saber dar y percibir	manual	RES LIQUIDAE COR.xlsx	amor	D5
liq-amor-co-0012	Res Liquidae	amor	CO	verbal-subject-intransitive	fluir	Deja que tu amor fluya y que lo que deba pasar se materialice.	manual	RES LIQUIDAE COR.xlsx	amor	D5
liq-amor-co-0013	Res Liquidae	amor	CO	verbal-subject-intransitive	fluir	el miedo con el amor, pues cuando el amor fluye, simplemente sucede	manual	RES LIQUIDAE COR.xlsx	amor	D5
liq-amor-co-0014	Res Liquidae	amor	CO	verbal-subject-intransitive	fluir	Hacer fluir el amor, y que la verdad fuera fuente de sanación	manual	RES LIQUIDAE COR.xlsx	amor	D5
liq-amor-co-0015	Res Liquidae	amor	CO	verbal-subject-intransitive	fluir	hay que llevar la vida calmadamente para que el amor fluya	manual	RES LIQUIDAE COR.xlsx	amor	D5
liq-amor-co-0016	Res Liquidae	amor	CO	verbal-subject-intransitive	fluir	el enfermo amor que fluye le dan su dinámica a los eventos	manual	RES LIQUIDAE COR.xlsx	amor	D5
liq-amor-co-0017	Res Liquidae	amor	CO	verbal-subject-intransitive	fluir	e incluso dejaban fluir el amor en medio de el campo de batalla	manual	RES LIQUIDAE COR.xlsx	amor	D5
liq-amor-co-0018	Res Liquidae	amor	CO	verbal-subject-intransitive	fluir	El amor fluyó en la Copa Mundo Máster de Natación con Aletas	manual	RES LIQUIDAE COR.xlsx	amor	D5
liq-amor-co-0019	Res Liquidae	amor	CO	verbal-subject-intransitive	fluir	tu amor no fluye	manual	RES LIQUIDAE COR.xlsx	amor	D5
liq-amor-co-0020	Res Liquidae	amor	CO	verbal-subject-intransitive	fluir	el amor fluirá pero no tomes decisiones	manual	RES LIQUIDAE COR.xlsx	amor	D5
liq-amor-co-0021	Res Liquidae	amor	CO	verbal-subject-intransitive	fluir	amor que fluye en sus palabras, su sonrisa	manual	RES LIQUIDAE COR.xlsx	amor	D5
liq-amor-co-0022	Res Liquidae	amor	CO	verbal-subject-intransitive	fluir	el amor fluye entre paisajes hermosos y se comparte con amigos en una gran fiesta	manual	RES LIQUIDAE COR.xlsx	amor	D5
liq-amor-co-0023	Res Liquidae	amor	CO	verbal-subject-intransitive	fluir	el amor fluye dependiendo de el continente en donde usted esté	manual	RES LIQUIDAE COR.xlsx	amor	D5
liq-amor-co-0024	Res Liquidae	amor	CO	verbal-subject-intransitive	fluir	Los abrazos nos educan sobre cómo fluye el amor en ambos sentidos	manual	RES LIQUIDAE COR.xlsx	amor	D5
liq-amor-co-0025	Res Liquidae	amor	CO	verbal-subject-intransitive	fluir	Al principio, el amor y el cariño fluían, pero poco a poco las cosas fueron cambiando	manual	RES LIQUIDAE COR.xlsx	amor	D5
liq-amor-co-0026	Res Liquidae	amor	CO	verbal-subject-intransitive	fluir	una manera de interconectar nos, de dejar fluir el amor y expresar nuestros sentimientos,	manual	RES LIQUIDAE COR.xlsx	amor	D5
liq-amor-co-0027	Res Liquidae	amor	CO	verbal-subject-intransitive	brotar	Este amor no puede brotar sólo de el hombre. Un hombre no es capaz de amar así.	manual	RES LIQUIDAE COR.xlsx	amor	D5
liq-amor-co-0028	Res Liquidae	amor	CO	verbal-subject-intransitive	brotar	la pareja demuestra que el amor les brota por los poros.	manual	RES LIQUIDAE COR.xlsx	amor	D5
liq-amor-co-0029	Res Liquidae	amor	CO	verbal-subject-intransitive	brotar	entre los artistas aún brota el amor,	manual	RES LIQUIDAE COR.xlsx	amor	D5
liq-amor-co-0030	Res Liquidae	amor	CO	verbal-subject-intransitive	brotar	son alegres, les brota el amor y la felicidad por los poros	manual	RES LIQUIDAE COR.xlsx	amor	D5
liq-amor-co-0031	Res Liquidae	amor	CO	verbal-subject-intransitive	brotar	El amor brota por los poros, el amor se nota por todo el cuerpo	manual	RES LIQUIDAE COR.xlsx	amor	D5
liq-amor-co-0032	Res Liquidae	amor	CO	verbal-subject-intransitive	brotar	o es más sino el amor brotando a borbotones de el corazón	manual	RES LIQUIDAE COR.xlsx	amor	D5
liq-amor-co-0033	Res Liquidae	amor	CO	verbal-subject-intransitive	brotar	el amor le brota por los poros cuando habla de Flavia Dos Santos	manual	RES LIQUIDAE COR.xlsx	amor	D5
liq-amor-co-0034	Res Liquidae	amor	CO	verbal-subject-intransitive	diluirse	Ha visto diluir sus amores, y la decepción que le produjo su paso por la alcaldía mayo	manual	RES LIQUIDAE COR.xlsx	amor	D5
liq-amor-co-0035	Res Liquidae	amor	CO	substantive		ramposos son todos aquellos que se interponen en el hermoso fluir de el amor hacia el paraíso igualitario	manual	RES LIQUIDAE COR.xlsx	amor	E5
liq-amor-co-0036	Res Liquidae	amor	CO	verbal-instrumental	inundar de	Con conciencia femenina, se inunda la mente de amor	manual	RES LIQUIDAE COR.xlsx	amor	G5
liq-amor-co-0037	Res Liquidae	amor	CO	verbal-instrumental	inundar de	.La llegada de el pequeñito inundó de amor a la familia... 3 e inundar los de amor. 4. ...es una sensación hermosa, te inunda de un amor enorme.5 ...que inundaba tu corazón de amor hacia tu prójimo...6 ...luego de 41 largas semanas llegó para inundar de amor la casa de la pareja... 7. e inundó de amor a el mundo 8  ...cocinar es inundar de amor toda la casa.	manual	RES LIQUIDAE COR.xlsx	amor	G5
liq-amor-cr-0001	Res Liquidae	amor	CR	verbal-objective	derramar	1Dios derramaba su amor por la humanidad mediante el castigo	manual	RES LIQUIDAE COR.xlsx	amor	B6
liq-amor-cr-0002	Res Liquidae	amor	CR	verbal-subject-intransitive	fluir	con el amor fluyendo por las venas.	manual	RES LIQUIDAE COR.xlsx	amor	D6
liq-amor-cr-0004	Res Liquidae	amor	CR	verbal-subject-intransitive	fluir	Fluye el amor en la política española	manual	RES LIQUIDAE COR.xlsx	amor	D6
liq-amor-cr-0005	Res Liquidae	amor	CR	verbal-subject-intransitive	brotar	un amor que brotó en Costa Rica dio otro sentido a su arte y trasformó su vida.	manual	RES LIQUIDAE COR.xlsx	amor	D6
liq-amor-cr-0006	Res Liquidae	amor	CR	verbal-subject-intransitive	brotar	nos transmite a través de su mirada de la que brotaba amor	manual	RES LIQUIDAE COR.xlsx	amor	D6
liq-amor-cr-0007	Res Liquidae	amor	CR	verbal-instrumental	inundar de	Si inundamos el mundo de amor y somos pacientes y perseverantes difundiremos el amor. 2. Inundada de amor gracias a la crecida...	manual	RES LIQUIDAE COR.xlsx	amor	G6
liq-amor-cu-0001	Res Liquidae	amor	CU	verbal-objective	derramar	deseos de " luz, amor y progreso " los derramó el espiritista Enrique Alemán sobre la Asamblea	manual	RES LIQUIDAE COR.xlsx	amor	B7
liq-amor-cu-0002	Res Liquidae	amor	CU	verbal-subject-transitive	inundar	...jazz, sones, hechos con fuerza, pasión y sobre todo, amor, inundaron la noche... 2. Asimismo sentía resonar en su espíritu la jovialidad y la ventura con que el amor inundaba mi alma. 3. Cada vez que se miran, el amor brota e inunda la casa... 4. Su mensaje de amor me inunda el corazón y me alimenta el espíritu... 5. ...cuando en sus apasionadas epístolas el amor inunda que a quien las lee. 6. En tanto, el amor y los recuerdos continúan inundando mi corazón... 7. ...el tono entusiasta de su relato y el amor que inundaba el segundo piso de un recinto pequeño...	manual	RES LIQUIDAE COR.xlsx	amor	C7
liq-amor-cu-0003	Res Liquidae	amor	CU	verbal-subject-intransitive		pobres parisinos una ciudad donde se derrama amor y belleza	manual	RES LIQUIDAE COR.xlsx	amor	D7
liq-amor-cu-0004	Res Liquidae	amor	CU	verbal-subject-intransitive		una lluvia de amor se derrama sobre las llamas hasta consumir las totalmente,	manual	RES LIQUIDAE COR.xlsx	amor	D7
liq-amor-cu-0005	Res Liquidae	amor	CU	verbal-subject-intransitive	fluir	el haber hecho posible tanto Amor fluyendo.	manual	RES LIQUIDAE COR.xlsx	amor	D7
liq-amor-cu-0006	Res Liquidae	amor	CU	verbal-subject-intransitive	brotar	un manantial de agua buena de el que brote amor, bienestar y, por supuesto, una belleza natural y saludable.	manual	RES LIQUIDAE COR.xlsx	amor	D7
liq-amor-cu-0007	Res Liquidae	amor	CU	verbal-subject-intransitive	brotar	Un amor genuino que brota de la certeza de que la verdadera belleza nunca atenta contra el bienestar	manual	RES LIQUIDAE COR.xlsx	amor	D7
liq-amor-cu-0008	Res Liquidae	amor	CU	verbal-subject-intransitive	brotar	Cada vez que se miran, el amor brota e inunda la casa;	manual	RES LIQUIDAE COR.xlsx	amor	D7
liq-amor-cu-0009	Res Liquidae	amor	CU	attributive	derramado	cuanto amor derramado por amor a el deporte	manual	RES LIQUIDAE COR.xlsx	amor	F7
liq-amor-cu-0010	Res Liquidae	amor	CU	attributive	derramado	muestran el amor derramado en la batalla por formar a sus hijos, se desborda cariño.	manual	RES LIQUIDAE COR.xlsx	amor	F7
liq-amor-cu-0011	Res Liquidae	amor	CU	verbal-instrumental		brindemos por todos, deseando que cada burbuja explote y salpique con amor, salud, prosperidad, paz, felicidad	manual	RES LIQUIDAE COR.xlsx	amor	G7
liq-amor-cu-0012	Res Liquidae	amor	CU	verbal-instrumental	inundar de	INUNDAR DE 1. ...y que su presencia sirva para inundar de amor y paz estas tierras...	manual	RES LIQUIDAE COR.xlsx	amor	G7
liq-amor-do-0001	Res Liquidae	amor	DO	verbal-objective	derramar	Es un mes para derramar amor y fortalecer la amistad	manual	RES LIQUIDAE COR.xlsx	amor	B8
liq-amor-do-0002	Res Liquidae	amor	DO	verbal-objective	derramar	Juany Uribe traslucía inteligencia, bondad y tolerancia; derramó mucho amor	manual	RES LIQUIDAE COR.xlsx	amor	B8
liq-amor-do-0003	Res Liquidae	amor	DO	verbal-objective	derramar	andan derramando amor por donde donde quiera	manual	RES LIQUIDAE COR.xlsx	amor	B8
liq-amor-do-0004	Res Liquidae	amor	DO	verbal-objective	derramar	te invito a derramar amor donde quiera que estés.	manual	RES LIQUIDAE COR.xlsx	amor	B8
liq-amor-do-0005	Res Liquidae	amor	DO	verbal-objective	derramar	el Todopoderoso derramar bendiciones y amor sobre las parejas unidas por el sagrado vínculo de el matrimonio	manual	RES LIQUIDAE COR.xlsx	amor	B8
liq-amor-do-0006	Res Liquidae	amor	DO	verbal-subject-transitive	inundar	...la felicidad colme su espíritu y el amor inunda su alma.	manual	RES LIQUIDAE COR.xlsx	amor	C8
liq-amor-do-0007	Res Liquidae	amor	DO	verbal-subject-transitive	inundar	l centro pude sentir la energía de el Amor que inunda todo el lugar	manual	RES LIQUIDAE COR.xlsx	amor	C8
liq-amor-do-0008	Res Liquidae	amor	DO	verbal-subject-intransitive		amor de Dios y se permitan que ese amor se derrame en el corazón de cada uno,	manual	RES LIQUIDAE COR.xlsx	amor	D8
liq-amor-do-0009	Res Liquidae	amor	DO	verbal-subject-intransitive	fluir	el aroma de amor que fluía de quien llegó a ser estimado como " Rey de el Bolero	manual	RES LIQUIDAE COR.xlsx	amor	D8
liq-amor-do-0010	Res Liquidae	amor	DO	verbal-subject-intransitive	fluir	el amor fluya libremente;	manual	RES LIQUIDAE COR.xlsx	amor	D8
liq-amor-do-0011	Res Liquidae	amor	DO	verbal-subject-intransitive	fluir	Que fluya el amor de San Valentín!	manual	RES LIQUIDAE COR.xlsx	amor	D8
liq-amor-do-0012	Res Liquidae	amor	DO	verbal-subject-intransitive	fluir	solo en libertad fluye el amor y sus peripecias	manual	RES LIQUIDAE COR.xlsx	amor	D8
liq-amor-do-0013	Res Liquidae	amor	DO	verbal-subject-intransitive	fluir	el amor está fluyendo hacia ti a través de esa persona.	manual	RES LIQUIDAE COR.xlsx	amor	D8
liq-amor-do-0014	Res Liquidae	amor	DO	verbal-subject-intransitive	fluir	en el corazón de el hombre el amor va a fluir y nos vamos a respetar y proteger los unos a los otros	manual	RES LIQUIDAE COR.xlsx	amor	D8
liq-amor-do-0015	Res Liquidae	amor	DO	verbal-subject-intransitive	fluir	el amor fluye y no se compra.	manual	RES LIQUIDAE COR.xlsx	amor	D8
liq-amor-do-0016	Res Liquidae	amor	DO	verbal-subject-intransitive	brotar	el manantial de el que brota el amor más incondicional de el que podamos goz	manual	RES LIQUIDAE COR.xlsx	amor	D8
liq-amor-do-0017	Res Liquidae	amor	DO	verbal-subject-intransitive	brotar	derramando en el mundo el amor que brota de la carne de el Señor ".	manual	RES LIQUIDAE COR.xlsx	amor	D8
liq-amor-do-0018	Res Liquidae	amor	DO	verbal-subject-intransitive	brotar	corresponder siquiera mínimamente a el caudal de amor que incesantemente broto de esa mujer,	manual	RES LIQUIDAE COR.xlsx	amor	D8
liq-amor-do-0019	Res Liquidae	amor	DO	verbal-subject-intransitive	brotar	us corazones para mostrar que, de sus poros, brota el amor para sus hijos	manual	RES LIQUIDAE COR.xlsx	amor	D8
liq-amor-do-0020	Res Liquidae	amor	DO	verbal-subject-intransitive	brotar	La fe y el amor son valores que brotan de los corazones devotos	manual	RES LIQUIDAE COR.xlsx	amor	D8
liq-amor-do-0021	Res Liquidae	amor	DO	verbal-subject-intransitive	brotar	el amor que brotaba por sus poros	manual	RES LIQUIDAE COR.xlsx	amor	D8
liq-amor-do-0022	Res Liquidae	amor	DO	verbal-subject-intransitive	brotar	disfrutamos por provenir de un hogar donde el amor brotaba a borbotones	manual	RES LIQUIDAE COR.xlsx	amor	D8
liq-amor-do-0023	Res Liquidae	amor	DO	substantive	flujo de	«Realizamos esto para incrementar el flujo de amor por lo divino.»	manual	RES LIQUIDAE COR.xlsx	amor	E8
liq-amor-do-0024	Res Liquidae	amor	DO	substantive	torrente de	Nicolás de Jesús es un torrente inagotable de amor	manual	RES LIQUIDAE COR.xlsx	amor	E8
liq-amor-do-0026	Res Liquidae	amor	DO	verbal-instrumental	inundar de	...hoy el fulgor y la prosperidad de un nuevo comienzo inunde sus hogares de amor, fe... 2. Intensificarla con alta vibración de amor Crístico, e inundar todos los cuerpos... (инструмент — вибрация любви) 3. ...una tenue brisa que acariciaba e inundaba mi rostro con su amor y su presencia.	manual	RES LIQUIDAE COR.xlsx	amor	G8
liq-amor-ec-0001	Res Liquidae	amor	EC	verbal-subject-intransitive	fluir	abro el camino para que el amor fluya.	manual	RES LIQUIDAE COR.xlsx	amor	D9
liq-amor-ec-0002	Res Liquidae	amor	EC	verbal-subject-intransitive	fluir	un canal por medio de el cual el amor divino fluye	manual	RES LIQUIDAE COR.xlsx	amor	D9
liq-amor-ec-0003	Res Liquidae	amor	EC	verbal-subject-intransitive	fluir	hace que la armonía y el amor no fluyan como a el principio	manual	RES LIQUIDAE COR.xlsx	amor	D9
liq-amor-ec-0004	Res Liquidae	amor	EC	verbal-subject-intransitive	fluir	El amor líquido fluye, según asegura el experto, determinado por la pasividad de la tecnología	manual	RES LIQUIDAE COR.xlsx	amor	D9
liq-amor-ec-0005	Res Liquidae	amor	EC	verbal-subject-intransitive	fluir	n. La paz y el amor fluyen por medio de mí a medida que recuerdo que todos somos uno en Dios	manual	RES LIQUIDAE COR.xlsx	amor	D9
liq-amor-ec-0006	Res Liquidae	amor	EC	verbal-subject-intransitive	fluir	n sus redes sociales deja fluir el amor que siente por David Reinoso	manual	RES LIQUIDAE COR.xlsx	amor	D9
liq-amor-ec-0007	Res Liquidae	amor	EC	verbal-subject-intransitive	fluir	Me regocijo en el espíritu de amor que fluye hacia mí y de mí para bendecir a otros.	manual	RES LIQUIDAE COR.xlsx	amor	D9
liq-amor-ec-0008	Res Liquidae	amor	EC	verbal-subject-intransitive	fluir	El amor divino fluye de mi corazón para bendecir a el mundo.	manual	RES LIQUIDAE COR.xlsx	amor	D9
liq-amor-ec-0009	Res Liquidae	amor	EC	verbal-subject-intransitive	fluir	la luz y el amor divinos fluyen hacia mis seres queridos y a través de ellos	manual	RES LIQUIDAE COR.xlsx	amor	D9
liq-amor-ec-0010	Res Liquidae	amor	EC	substantive		Una corriente continua de amor fluye desde mí hacia toda la creación.	manual	RES LIQUIDAE COR.xlsx	amor	E9
liq-amor-ec-0011	Res Liquidae	amor	EC	substantive		nvuelto en el fluir cálido de el amor divino.	manual	RES LIQUIDAE COR.xlsx	amor	E9
liq-amor-ec-0012	Res Liquidae	amor	EC	substantive		El fluir de el amor divino conecta y sana a el mundo	manual	RES LIQUIDAE COR.xlsx	amor	E9
liq-amor-ec-0013	Res Liquidae	amor	EC	substantive		el fluir divino de amor y luz estuvo allí todo el tiempo.	manual	RES LIQUIDAE COR.xlsx	amor	E9
liq-amor-ec-0014	Res Liquidae	amor	EC	substantive	flujo de	«Cuando ellas miraban a sus hijos se producía un flujo de amor intenso...»	manual	RES LIQUIDAE COR.xlsx	amor	E9
liq-amor-ec-0015	Res Liquidae	amor	EC	substantive	flujo de	«...se produce la misma hormona и con ella corre un flujo de amor...»	manual	RES LIQUIDAE COR.xlsx	amor	E9
liq-amor-ec-0016	Res Liquidae	amor	EC	substantive	flujo de	«...emocionados por el considerable flujo de amor и apoyo que nos han manifestado.»	manual	RES LIQUIDAE COR.xlsx	amor	E9
liq-amor-ec-0017	Res Liquidae	amor	EC	substantive	flujo de	«...se produce oxitocina и, con ella, corre un flujo de amor...»	manual	RES LIQUIDAE COR.xlsx	amor	E9
liq-amor-ec-0018	Res Liquidae	amor	EC	substantive	flujo de	«El anonimato permite el libre flujo de el amor, que viva la fiesta.»	manual	RES LIQUIDAE COR.xlsx	amor	E9
liq-amor-ec-0020	Res Liquidae	amor	EC	verbal-instrumental	inundar de	..., como Carmen (su compañera de vida) lo inundó de ese amor que vale la pena alimentar y defender... 2. ...como el amor le conquistó, como Carmen lo inundó de ese amor que vale la pena alimentar y defender. 3. ...gracias por inundar mi corazón de amor, gracias por acompañar...	manual	RES LIQUIDAE COR.xlsx	amor	G9
liq-amor-es-0001	Res Liquidae	amor	ES	verbal-objective	derramar	derramar tanto amor en mi existencia	manual	RES LIQUIDAE COR.xlsx	amor	B10
liq-amor-es-0002	Res Liquidae	amor	ES	verbal-objective	derramar	derramar este amor también sobre los otros	manual	RES LIQUIDAE COR.xlsx	amor	B10
liq-amor-es-0003	Res Liquidae	amor	ES	verbal-objective	salpicar	es rosa y salpica mucho amor	manual	RES LIQUIDAE COR.xlsx	amor	B10
liq-amor-es-0004	Res Liquidae	amor	ES	verbal-subject-transitive	inundar	...la paz y el amor lo inundaban todo en EEUU. 2. Que nos inunde un ejército de amor, respeto y diversidad... 3. La ilusión y el amor por el teatro siguen inundando cada rincón... 4. ...tus promesas, tu inyección de Amor que nos inundaba... 5. ...dejan su historia de amor, que inundó cada emisión de el reality... 6. ...el espíritu de amor y diversión que inunda las casas en estos días... 7. ...el amor lo inundo todo... 8. La primera en provocar que el amor inundara el formato fue Anabel Alonso... 9. Menos mal que el amor и la emoción inundaron la noche... 10. ...realmente el amor lo inunda todo. 11. El amor inunda la parrilla esta semana... 12. Un pequeño gran gesto de amor inunda a los tuiteros vallisoletanos... 13. ...nunca había sentido tanto amor como el que le inundó... 14. ...por la corriente de 'paz y amor' que inundó las pasarelas más prestigiosas... 15. ...un amor incomprendido que inundó a el hombre y a el poeta... 16. ...el amor lo inunda todo, la felicidad está en el ambiente...	manual	RES LIQUIDAE COR.xlsx	amor	C10
liq-amor-es-0005	Res Liquidae	amor	ES	verbal-subject-intransitive		el amor de Dios se derrame una vez más en este planeta	manual	RES LIQUIDAE COR.xlsx	amor	D10
liq-amor-es-0006	Res Liquidae	amor	ES	verbal-subject-intransitive	fluir	" Fluyen el amor y la pasión en la política española	manual	RES LIQUIDAE COR.xlsx	amor	D10
liq-amor-es-0007	Res Liquidae	amor	ES	verbal-subject-intransitive	fluir	l amor que fluía entre los dos parece haber llegado a su fin.	manual	RES LIQUIDAE COR.xlsx	amor	D10
liq-amor-es-0008	Res Liquidae	amor	ES	verbal-subject-intransitive	fluir	Peculiaridad que no parece obstáculo para que fluya el amor entre ellos.	manual	RES LIQUIDAE COR.xlsx	amor	D10
liq-amor-es-0009	Res Liquidae	amor	ES	verbal-subject-intransitive	fluir	El amor fluye tanto en madre como en hija.	manual	RES LIQUIDAE COR.xlsx	amor	D10
liq-amor-es-0010	Res Liquidae	amor	ES	verbal-subject-intransitive	fluir	: el amor debe fluir	manual	RES LIQUIDAE COR.xlsx	amor	D10
liq-amor-es-0011	Res Liquidae	amor	ES	verbal-subject-intransitive	fluir	el amor fluía en el aire.	manual	RES LIQUIDAE COR.xlsx	amor	D10
liq-amor-es-0012	Res Liquidae	amor	ES	verbal-subject-intransitive	fluir	ese amor ideal, que fluye, que todo funciona	manual	RES LIQUIDAE COR.xlsx	amor	D10
liq-amor-es-0013	Res Liquidae	amor	ES	verbal-subject-intransitive	fluir	el calor incita a que el amor fluya con más ímpetu si cabe	manual	RES LIQUIDAE COR.xlsx	amor	D10
liq-amor-es-0014	Res Liquidae	amor	ES	verbal-subject-intransitive	fluir	relató cómo comenzó a fluir su amor en un torneo en Asi	manual	RES LIQUIDAE COR.xlsx	amor	D10
liq-amor-es-0015	Res Liquidae	amor	ES	verbal-subject-intransitive	fluir	« Fluye el amor y la pasión en la política española.	manual	RES LIQUIDAE COR.xlsx	amor	D10
liq-amor-es-0016	Res Liquidae	amor	ES	verbal-subject-intransitive	fluir	ué suele pasar cuando el amor no fluye en una pareja	manual	RES LIQUIDAE COR.xlsx	amor	D10
liq-amor-es-0017	Res Liquidae	amor	ES	verbal-subject-intransitive	fluir	Fluye el amor	manual	RES LIQUIDAE COR.xlsx	amor	D10
liq-amor-es-0018	Res Liquidae	amor	ES	verbal-subject-intransitive	fluir	amor y dolor fluyen sin perder su identidad	manual	RES LIQUIDAE COR.xlsx	amor	D10
liq-amor-es-0019	Res Liquidae	amor	ES	verbal-subject-intransitive	fluir	esta campaña anima a que fluya el amor.	manual	RES LIQUIDAE COR.xlsx	amor	D10
liq-amor-es-0020	Res Liquidae	amor	ES	verbal-subject-intransitive	fluir	hasta qué punto fluye el amor entre ellos.	manual	RES LIQUIDAE COR.xlsx	amor	D10
liq-amor-es-0021	Res Liquidae	amor	ES	verbal-subject-intransitive	fluir	, la magia de Cupido no basta para hacer fluir el amor entre una pareja	manual	RES LIQUIDAE COR.xlsx	amor	D10
liq-amor-es-0022	Res Liquidae	amor	ES	verbal-subject-intransitive	fluir	El amor fluye por mis venas como una enfermedad/que acompaña mis pensamientos.	manual	RES LIQUIDAE COR.xlsx	amor	D10
liq-amor-es-0023	Res Liquidae	amor	ES	verbal-subject-intransitive	fluir	Fluye el amor y la pasión en la política española	manual	RES LIQUIDAE COR.xlsx	amor	D10
liq-amor-es-0024	Res Liquidae	amor	ES	verbal-subject-intransitive	fluir	esa sensación de que el amor fluya por el aire	manual	RES LIQUIDAE COR.xlsx	amor	D10
liq-amor-es-0026	Res Liquidae	amor	ES	verbal-subject-intransitive	fluir	había bromeado con que " fluye el amor " en el Congreso	manual	RES LIQUIDAE COR.xlsx	amor	D10
liq-amor-es-0027	Res Liquidae	amor	ES	verbal-subject-intransitive	fluir	alboroto en el Congreso de los Diputados: " Que fluya el amo	manual	RES LIQUIDAE COR.xlsx	amor	D10
liq-amor-es-0028	Res Liquidae	amor	ES	verbal-subject-intransitive	fluir	ejando que fluya el amor entre las personas que los rodean	manual	RES LIQUIDAE COR.xlsx	amor	D10
liq-amor-es-0029	Res Liquidae	amor	ES	verbal-subject-intransitive	fluir	l le invitó a una copa, intercambiaron teléfonos y fluyó el amor	manual	RES LIQUIDAE COR.xlsx	amor	D10
liq-amor-es-0030	Res Liquidae	amor	ES	verbal-subject-intransitive	fluir	ecuerde todo y el amor fluya a mansalva	manual	RES LIQUIDAE COR.xlsx	amor	D10
liq-amor-es-0031	Res Liquidae	amor	ES	verbal-subject-intransitive	fluir	íbamos a volver a ver fluir el amor en el plat	manual	RES LIQUIDAE COR.xlsx	amor	D10
liq-amor-es-0032	Res Liquidae	amor	ES	verbal-subject-intransitive	fluir	l amor y la pasión fluirán espontánea y positivamente	manual	RES LIQUIDAE COR.xlsx	amor	D10
liq-amor-es-0033	Res Liquidae	amor	ES	verbal-subject-intransitive	fluir	dejan su amor fluir como las olas de el mar	manual	RES LIQUIDAE COR.xlsx	amor	D10
liq-amor-es-0034	Res Liquidae	amor	ES	verbal-subject-intransitive		luye una historia de amor	manual	RES LIQUIDAE COR.xlsx	amor	D10
liq-amor-es-0035	Res Liquidae	amor	ES	verbal-subject-intransitive	fluir	os organizadores, quienes no escatiman en creatividad para que fluya el amor mediante juegos, citas a ciegas	manual	RES LIQUIDAE COR.xlsx	amor	D10
liq-amor-es-0036	Res Liquidae	amor	ES	verbal-subject-intransitive	fluir	e el amor y la admiración fluían en demasía,	manual	RES LIQUIDAE COR.xlsx	amor	D10
liq-amor-es-0037	Res Liquidae	amor	ES	verbal-subject-intransitive	fluir	partir de aquí el Amor puede fluir por sí mismo	manual	RES LIQUIDAE COR.xlsx	amor	D10
liq-amor-es-0038	Res Liquidae	amor	ES	verbal-subject-intransitive	fluir	el amor fluye en cada esquina.	manual	RES LIQUIDAE COR.xlsx	amor	D10
liq-amor-es-0039	Res Liquidae	amor	ES	verbal-subject-intransitive	brotar	es tan grande y desiteresado el amor que os brota a borbotones	manual	RES LIQUIDAE COR.xlsx	amor	D10
liq-amor-es-0040	Res Liquidae	amor	ES	verbal-subject-intransitive	brotar	Con la misma fiebre me ha interesado el amor que brota de la desesperación, de la entrega total, la vieja ternura,	manual	RES LIQUIDAE COR.xlsx	amor	D10
liq-amor-es-0041	Res Liquidae	amor	ES	verbal-subject-intransitive	brotar	el amor a la patria brota de el cuarto mandamiento de la Ley de Dios	manual	RES LIQUIDAE COR.xlsx	amor	D10
liq-amor-es-0042	Res Liquidae	amor	ES	verbal-subject-intransitive	brotar	el amor inagotable que brota de el corazón mismo de el Salvador.	manual	RES LIQUIDAE COR.xlsx	amor	D10
liq-amor-es-0043	Res Liquidae	amor	ES	verbal-subject-intransitive	brotar	la esperanza y el amor que brotan de el hecho de estar con el Señor Resucitado	manual	RES LIQUIDAE COR.xlsx	amor	D10
liq-amor-es-0044	Res Liquidae	amor	ES	verbal-subject-intransitive	brotar	el amor, que brota de la Eucaristía, es la única fuerza que puede transformar el mundo "	manual	RES LIQUIDAE COR.xlsx	amor	D10
liq-amor-es-0045	Res Liquidae	amor	ES	verbal-subject-intransitive	diluirse	...el miedo a lo de fuera desaparece y el amor a la patria se diluye.	manual	RES LIQUIDAE COR.xlsx	amor	D10
liq-amor-es-0046	Res Liquidae	amor	ES	verbal-subject-intransitive	diluirse	después de la pasión, el amor se diluye en un impas del que puede recuperarse...	manual	RES LIQUIDAE COR.xlsx	amor	D10
liq-amor-es-0047	Res Liquidae	amor	ES	verbal-subject-intransitive	diluirse	el amor se diluye como el arsénico en líquido. Cuando la pobreza entra por la pu	manual	RES LIQUIDAE COR.xlsx	amor	D10
liq-amor-es-0048	Res Liquidae	amor	ES	substantive		poder interminable de el fluir de el amor " en la iconografía hippy	manual	RES LIQUIDAE COR.xlsx	amor	E10
liq-amor-es-0049	Res Liquidae	amor	ES	substantive		nosotros vemos ese divino fluir de amor y sabiduría	manual	RES LIQUIDAE COR.xlsx	amor	E10
liq-amor-es-0050	Res Liquidae	amor	ES	substantive	flujo de	«Además, agradecían "a el público su constante flujo de amor и apoyo..."»	manual	RES LIQUIDAE COR.xlsx	amor	E10
liq-amor-es-0051	Res Liquidae	amor	ES	attributive	derramado	el amor derramado en nuestros corazones.	manual	RES LIQUIDAE COR.xlsx	amor	F10
liq-amor-es-0052	Res Liquidae	amor	ES	attributive	derramado	su figura adusta que esconde tanto amor derramado,	manual	RES LIQUIDAE COR.xlsx	amor	F10
liq-amor-es-0053	Res Liquidae	amor	ES	verbal-instrumental	inundado por	Vamos a inundar Cataluña de amor por la igualdad... 2. Mi propuesta es inundar de amor toda nuestra comunidad... 3. La noche estuvo inundada de amor. 4. ...que no te conoce de nada pero aun así te inunda con su amor... 5. Gracias por inundar nos de nuevo de amor y de corazones. 6. ...que prefiere inundar nos de amor platónico... 7. A Dedé, sin embargo, el dolor la dejó inundada de amor. 8. ...para inundar nos de amor en este día. 9. ...los Hombres G inundarán de " humor, amor, simpatía... " 10. La fe nos inunda de su amor que nos da seguridad... 11. ...ayude a que su recuerdo nos inunde de amor. 12. ...van inundando con efluvios de amor los paisajes... 13. Su familia le inundó de amor a lo largo de su vida.	manual	RES LIQUIDAE COR.xlsx	amor	G10
liq-amor-es-0054	Res Liquidae	amor	ES	verbal-instrumental		La ilusión y el amor por el teatro siguen inundando cada rincón...	manual	RES LIQUIDAE COR.xlsx	amor	G10
liq-amor-gt-0001	Res Liquidae	amor	GT	verbal-subject-transitive	inundar	Suspiros de nostalgia y amor inundaron el estadio Francisco Morazán...	manual	RES LIQUIDAE COR.xlsx	amor	C11
liq-amor-gt-0002	Res Liquidae	amor	GT	verbal-subject-intransitive	fluir	Y que siga fluyendo el amor en el mundo	manual	RES LIQUIDAE COR.xlsx	amor	D11
liq-amor-gt-0003	Res Liquidae	amor	GT	substantive	flujo de	«...pareció limpiar la mancha con el gran flujo de amor público...»	manual	RES LIQUIDAE COR.xlsx	amor	E11
liq-amor-hn-0001	Res Liquidae	amor	HN	verbal-subject-transitive	inundar	El amor inunda la vida de William Lev	manual	RES LIQUIDAE COR.xlsx	amor	C12
liq-amor-hn-0002	Res Liquidae	amor	HN	verbal-subject-intransitive		la presencia de el Espíritu Santo donde se derramará amor, paz y bendiciones para todos.	manual	RES LIQUIDAE COR.xlsx	amor	D12
liq-amor-hn-0003	Res Liquidae	amor	HN	verbal-subject-intransitive	fluir	Emma Coronel dejó fluir su amor	manual	RES LIQUIDAE COR.xlsx	amor	D12
liq-amor-hn-0004	Res Liquidae	amor	HN	verbal-subject-intransitive	diluirse	Con el golpe de Estado, se diluyó el amor por la vida.	manual	RES LIQUIDAE COR.xlsx	amor	D12
liq-amor-hn-0005	Res Liquidae	amor	HN	verbal-subject-intransitive	diluirse	Cuando el amor a la patria se diluye en un mar de intereses económicos y políticos personales...	manual	RES LIQUIDAE COR.xlsx	amor	D12
liq-amor-mx-0001	Res Liquidae	amor	MX	verbal-objective	derramar	Canelo' y Fernanda derraman amor en pleno partido de basquetbo	manual	RES LIQUIDAE COR.xlsx	amor	B13
liq-amor-mx-0002	Res Liquidae	amor	MX	verbal-objective	derramar	Padre que es todo amor y toda compasión para que derrame su amor en sus corazones "	manual	RES LIQUIDAE COR.xlsx	amor	B13
liq-amor-mx-0003	Res Liquidae	amor	MX	verbal-objective	derramar	nuestro agradecimiento por el amor que supo derramar	manual	RES LIQUIDAE COR.xlsx	amor	B13
liq-amor-mx-0004	Res Liquidae	amor	MX	verbal-objective	derramar	una madre que ama con un amor infinito y lo derrama con abundancia sobre toda creatura	manual	RES LIQUIDAE COR.xlsx	amor	B13
liq-amor-mx-0005	Res Liquidae	amor	MX	verbal-objective	derramar	na madre que ama de insondable amor y lo derrama con abundancia sobre toda criatura	manual	RES LIQUIDAE COR.xlsx	amor	B13
liq-amor-mx-0006	Res Liquidae	amor	MX	verbal-objective	derramar	La fórmula usa el lenguaje intenso de el amor, derramándo lo en Dios	manual	RES LIQUIDAE COR.xlsx	amor	B13
liq-amor-mx-0007	Res Liquidae	amor	MX	verbal-objective	derramar	el portugués derramó su amor en sus gemelas	manual	RES LIQUIDAE COR.xlsx	amor	B13
liq-amor-mx-0008	Res Liquidae	amor	MX	verbal-objective	derramar	amor que derrama sobre todo lo que hace cotidianamente,	manual	RES LIQUIDAE COR.xlsx	amor	B13
liq-amor-mx-0009	Res Liquidae	amor	MX	verbal-objective	derramar	amor que derrama con su futuro esposo	manual	RES LIQUIDAE COR.xlsx	amor	B13
liq-amor-mx-0010	Res Liquidae	amor	MX	verbal-objective	derramar	el amor que el Espíritu Santo derrama en los corazones	manual	RES LIQUIDAE COR.xlsx	amor	B13
liq-amor-mx-0011	Res Liquidae	amor	MX	verbal-objective	salpicar	nos salpica un amor que sana y cura con su heroísmo nuestras heridas más profundas.	manual	RES LIQUIDAE COR.xlsx	amor	B13
liq-amor-mx-0012	Res Liquidae	amor	MX	verbal-subject-transitive	inundar	...los recuerdos llenos de amor inundarán la sala de velación.	manual	RES LIQUIDAE COR.xlsx	amor	C13
liq-amor-mx-0013	Res Liquidae	amor	MX	verbal-subject-transitive	inundar	...que el amor y la armonía inunden sus corazones...	manual	RES LIQUIDAE COR.xlsx	amor	C13
liq-amor-mx-0014	Res Liquidae	amor	MX	verbal-subject-transitive	inundar	Y llegó la Navidad y el amor inundó cada corazón...	manual	RES LIQUIDAE COR.xlsx	amor	C13
liq-amor-mx-0015	Res Liquidae	amor	MX	verbal-subject-transitive	inundar	...porque el amor inundó su ser.	manual	RES LIQUIDAE COR.xlsx	amor	C13
liq-amor-mx-0016	Res Liquidae	amor	MX	verbal-subject-transitive	inundar	...la paz, la unidad, la esperanza y el amor inunden los hogares.	manual	RES LIQUIDAE COR.xlsx	amor	C13
liq-amor-mx-0017	Res Liquidae	amor	MX	verbal-subject-transitive	inundar	...todo indica que el amor inunda la relación...	manual	RES LIQUIDAE COR.xlsx	amor	C13
liq-amor-mx-0018	Res Liquidae	amor	MX	verbal-subject-transitive	inundar	...el amor inunda las redes sociales, toda vez que el emoji...	manual	RES LIQUIDAE COR.xlsx	amor	C13
liq-amor-mx-0019	Res Liquidae	amor	MX	verbal-subject-transitive	inundar	...un ambiente de amor y esperanza inundó el lugar...	manual	RES LIQUIDAE COR.xlsx	amor	C13
liq-amor-mx-0020	Res Liquidae	amor	MX	verbal-subject-transitive	inundar	...и que este amor inunde también con su fragancia toda la habitación...	manual	RES LIQUIDAE COR.xlsx	amor	C13
liq-amor-mx-0021	Res Liquidae	amor	MX	verbal-subject-transitive	inundar	Ayer el amor inundó las calles de el Centro...	manual	RES LIQUIDAE COR.xlsx	amor	C13
liq-amor-mx-0022	Res Liquidae	amor	MX	verbal-subject-transitive	inundar	Hasta que esta victoria de el amor no inunde todo el mundo...	manual	RES LIQUIDAE COR.xlsx	amor	C13
liq-amor-mx-0023	Res Liquidae	amor	MX	verbal-subject-transitive	inundar	...una película donde el amor inundó de inmediato el lugar.	manual	RES LIQUIDAE COR.xlsx	amor	C13
liq-amor-mx-0024	Res Liquidae	amor	MX	verbal-subject-intransitive		el amor de nuestros perdidos se derrama y brilla sobre nosotros	manual	RES LIQUIDAE COR.xlsx	amor	D13
liq-amor-mx-0025	Res Liquidae	amor	MX	verbal-subject-intransitive		Que el amor de Dios se derrame en sus corazones	manual	RES LIQUIDAE COR.xlsx	amor	D13
liq-amor-mx-0026	Res Liquidae	amor	MX	verbal-subject-intransitive		Su amor se derrama para la humanidad que está esclavitud	manual	RES LIQUIDAE COR.xlsx	amor	D13
liq-amor-mx-0027	Res Liquidae	amor	MX	verbal-subject-intransitive	fluir	cenciado Ignacio García Téllez " de el IMSS deja fluir su amor matern	manual	RES LIQUIDAE COR.xlsx	amor	D13
liq-amor-mx-0028	Res Liquidae	amor	MX	verbal-subject-intransitive	fluir	Pero el amor fluye en la familia.	manual	RES LIQUIDAE COR.xlsx	amor	D13
liq-amor-mx-0029	Res Liquidae	amor	MX	verbal-subject-intransitive	fluir	ha dejado que fluya su amor y admiración por la naturaleza	manual	RES LIQUIDAE COR.xlsx	amor	D13
liq-amor-mx-0030	Res Liquidae	amor	MX	verbal-subject-intransitive	fluir	pareja es la de conocer que el amor fluye	manual	RES LIQUIDAE COR.xlsx	amor	D13
liq-amor-mx-0031	Res Liquidae	amor	MX	verbal-subject-intransitive	fluir	Las lágrimas, la emoción y el amor fluyeron en el aeropuerto y los pasajeros estuvieron pendientes de el reencuentro	manual	RES LIQUIDAE COR.xlsx	amor	D13
liq-amor-mx-0032	Res Liquidae	amor	MX	verbal-subject-intransitive	fluir	el amor y la armonía fluyen sin necesidad de sofisticadas instalacione	manual	RES LIQUIDAE COR.xlsx	amor	D13
liq-amor-mx-0033	Res Liquidae	amor	MX	verbal-subject-intransitive	fluir	el amor de una pareja costeña fluía como el tejido de la artesana en el telar de cintura.	manual	RES LIQUIDAE COR.xlsx	amor	D13
liq-amor-mx-0034	Res Liquidae	amor	MX	verbal-subject-intransitive	fluir	amor punzante que fluye por nuestras arterias con doloR	manual	RES LIQUIDAE COR.xlsx	amor	D13
liq-amor-mx-0035	Res Liquidae	amor	MX	verbal-subject-intransitive	fluir	conjuntó textos en los que fluyen amor, resistencia y audaci	manual	RES LIQUIDAE COR.xlsx	amor	D13
liq-amor-mx-0036	Res Liquidae	amor	MX	verbal-subject-intransitive	fluir	oco establecen una relación más cercana y el amor fluye entre ambo	manual	RES LIQUIDAE COR.xlsx	amor	D13
liq-amor-mx-0037	Res Liquidae	amor	MX	verbal-subject-intransitive	fluir	esta historia de amores y desamores fluye tan bien	manual	RES LIQUIDAE COR.xlsx	amor	D13
liq-amor-mx-0038	Res Liquidae	amor	MX	verbal-subject-intransitive	fluir	: El amor divino fluye por mi corazón y por mi vida,	manual	RES LIQUIDAE COR.xlsx	amor	D13
liq-amor-mx-0039	Res Liquidae	amor	MX	verbal-subject-intransitive	fluir	En un apasionante relato, Roth deja fluir sus emociones: amor, temor, pasión, ansiedad.	manual	RES LIQUIDAE COR.xlsx	amor	D13
liq-amor-mx-0040	Res Liquidae	amor	MX	verbal-subject-intransitive	fluir	na buena razón para informar les sobre el amor que fluye en Hollywood	manual	RES LIQUIDAE COR.xlsx	amor	D13
liq-amor-mx-0041	Res Liquidae	amor	MX	verbal-subject-intransitive	brotar	e la libertad auténtica brota el amor, es decir, el entusiasmo por Dios	manual	RES LIQUIDAE COR.xlsx	amor	D13
liq-amor-mx-0042	Res Liquidae	amor	MX	verbal-subject-intransitive	brotar	el odio, a el igual que el amor, brota de una fuente mucho más profunda que el interés práctico o la conciencia moral	manual	RES LIQUIDAE COR.xlsx	amor	D13
liq-amor-mx-0043	Res Liquidae	amor	MX	verbal-subject-intransitive	brotar	uánto amor brota de un corazón aunque sea sólo a causa de una sonrisa.	manual	RES LIQUIDAE COR.xlsx	amor	D13
liq-amor-mx-0044	Res Liquidae	amor	MX	verbal-subject-intransitive	brotar	el amor que no está brotando continuamente, está moviendo continuamente.	manual	RES LIQUIDAE COR.xlsx	amor	D13
liq-amor-mx-0045	Res Liquidae	amor	MX	verbal-subject-intransitive	brotar	imagen de la Santísima Trinidad, misterio de el que brota todo amor verdadero	manual	RES LIQUIDAE COR.xlsx	amor	D13
liq-amor-mx-0046	Res Liquidae	amor	MX	verbal-subject-intransitive	brotar	dejando brotar el amor de su corazón	manual	RES LIQUIDAE COR.xlsx	amor	D13
liq-amor-mx-0047	Res Liquidae	amor	MX	verbal-subject-intransitive	brotar	Por sus poros brota el amor que siente por su país.	manual	RES LIQUIDAE COR.xlsx	amor	D13
liq-amor-mx-0048	Res Liquidae	amor	MX	verbal-subject-intransitive	brotar	es un amor reconciliador, que brota de el corazón de el Salvador crucificado	manual	RES LIQUIDAE COR.xlsx	amor	D13
liq-amor-mx-0049	Res Liquidae	amor	MX	verbal-subject-intransitive	brotar	el humilde brotan el amor, la gracia y la gloria de Dios	manual	RES LIQUIDAE COR.xlsx	amor	D13
liq-amor-mx-0050	Res Liquidae	amor	MX	verbal-subject-intransitive	brotar	amor que brotó el pasado 8 de marzo con motivo de el Día Internacional de la Mujer	manual	RES LIQUIDAE COR.xlsx	amor	D13
liq-amor-mx-0051	Res Liquidae	amor	MX	verbal-subject-intransitive	brotar	me brotó el amor a la adoración a el Santísimo, a la oración	manual	RES LIQUIDAE COR.xlsx	amor	D13
liq-amor-mx-0052	Res Liquidae	amor	MX	verbal-subject-intransitive	diluirse	Tanto amor no se diluye con tu partida, se expandе, nos cobija.	manual	RES LIQUIDAE COR.xlsx	amor	D13
liq-amor-mx-0053	Res Liquidae	amor	MX	verbal-subject-intransitive	diluirse	.2 de un momento a otro el amor pareció diluirse sin que alguno diera alguna explicación.	manual	RES LIQUIDAE COR.xlsx	amor	D13
liq-amor-mx-0054	Res Liquidae	amor	MX	verbal-subject-intransitive	diluirse	A partir de este momento la historia de amor se diluye y nos encontramos con los jardines secretos...	manual	RES LIQUIDAE COR.xlsx	amor	D13
liq-amor-mx-0055	Res Liquidae	amor	MX	substantive		Gracias por el enorme derrame de amor y aceptación	manual	RES LIQUIDAE COR.xlsx	amor	E13
liq-amor-mx-0056	Res Liquidae	amor	MX	substantive		Derrama de amor por la ciencia	manual	RES LIQUIDAE COR.xlsx	amor	E13
liq-amor-mx-0057	Res Liquidae	amor	MX	substantive	flujo de	malas energías que interrumpen el flujo de el amor verdadero.	manual	RES LIQUIDAE COR.xlsx	amor	E13
liq-amor-mx-0058	Res Liquidae	amor	MX	substantive	flujo de	De ahí также la dificultad para entregar se a el flujo impredecible de el amor	manual	RES LIQUIDAE COR.xlsx	amor	E13
liq-amor-mx-0059	Res Liquidae	amor	MX	substantive	flujo de	están abiertas a el flujo de el amor	manual	RES LIQUIDAE COR.xlsx	amor	E13
liq-amor-mx-0060	Res Liquidae	amor	MX	substantive	flujo de	«El flujo del amor después de la muerte de Matthew hizo dar me cuenta.	manual	RES LIQUIDAE COR.xlsx	amor	E13
liq-amor-mx-0061	Res Liquidae	amor	MX	substantive	torrente de	inocencia de un bebito o de una niñita o muchachito es igual que recibir un torrente inagotable de ese amor que es misterio en la existencia	manual	RES LIQUIDAE COR.xlsx	amor	E13
liq-amor-mx-0062	Res Liquidae	amor	MX	attributive	derramado	El amor de Cristo, derramado en nuestros corazones por el Espíritu Santo, nos permite vivir así,	manual	RES LIQUIDAE COR.xlsx	amor	F13
liq-amor-mx-0063	Res Liquidae	amor	MX	attributive	derramado	El amor de Cristo, derramado en nuestros corazones por el Espíritu Sant	manual	RES LIQUIDAE COR.xlsx	amor	F13
liq-amor-mx-0064	Res Liquidae	amor	MX	attributive	derramado	amor derramado en nuestros corazones	manual	RES LIQUIDAE COR.xlsx	amor	F13
liq-amor-mx-0066	Res Liquidae	amor	MX	verbal-instrumental	inundar de	...las redes sociales comenzaron a inundar se de mensajes de amor...	manual	RES LIQUIDAE COR.xlsx	amor	G13
liq-amor-mx-0067	Res Liquidae	amor	MX	verbal-instrumental	inundar de	Con entusiasmos y compromiso, Caracas se inundará de amor...	manual	RES LIQUIDAE COR.xlsx	amor	G13
liq-amor-mx-0068	Res Liquidae	amor	MX	verbal-instrumental	inundar de	...hoy el fulgor y la prosperidad de un nuevo comienzo inunde sus hogares de amor, fe...	manual	RES LIQUIDAE COR.xlsx	amor	G13
liq-amor-mx-0069	Res Liquidae	amor	MX	verbal-instrumental	inundar de	...una madre y una abuela que me inundaron de amor.	manual	RES LIQUIDAE COR.xlsx	amor	G13
liq-amor-mx-0070	Res Liquidae	amor	MX	verbal-instrumental	inundar de	...Una mujer, mi esposa, que inunda de amor, también, a nuestro hogar...	manual	RES LIQUIDAE COR.xlsx	amor	G13
liq-amor-mx-0071	Res Liquidae	amor	MX	verbal-instrumental	inundar de	...deseo que esta Navidad inunde de paz, amor и alegría a cada una...	manual	RES LIQUIDAE COR.xlsx	amor	G13
liq-amor-mx-0072	Res Liquidae	amor	MX	verbal-instrumental	inundar de	...este foro de Eje Central se inundará de nostalgia y amor...	manual	RES LIQUIDAE COR.xlsx	amor	G13
liq-amor-ni-0001	Res Liquidae	amor	NI	verbal-objective	derramar	pedimos a Dios que continúe derramando más salud, amor, sabiduría e inteligencia	manual	RES LIQUIDAE COR.xlsx	amor	B14
liq-amor-ni-0002	Res Liquidae	amor	NI	verbal-objective	derramar	Pidió a la santa siga derramando amor de madr	manual	RES LIQUIDAE COR.xlsx	amor	B14
liq-amor-ni-0003	Res Liquidae	amor	NI	verbal-objective	derramar	ella viene a derramar su amor y su misericordia	manual	RES LIQUIDAE COR.xlsx	amor	B14
liq-amor-ni-0004	Res Liquidae	amor	NI	verbal-objective	derramar	esucristo, a quien piden derrame su amor y misericordia sobre el país y el mundo	manual	RES LIQUIDAE COR.xlsx	amor	B14
liq-amor-ni-0005	Res Liquidae	amor	NI	verbal-objective	derramar	Hugo Chávez derramó tanto Amor,	manual	RES LIQUIDAE COR.xlsx	amor	B14
liq-amor-ni-0006	Res Liquidae	amor	NI	verbal-objective	derramar	Hernaldo, poeta, cantor, juglar que vas derramando tu amor	manual	RES LIQUIDAE COR.xlsx	amor	B14
liq-amor-ni-0007	Res Liquidae	amor	NI	verbal-subject-intransitive		el amor de Dios que se derrama	manual	RES LIQUIDAE COR.xlsx	amor	D14
liq-amor-ni-0008	Res Liquidae	amor	NI	verbal-subject-intransitive		una fuente inagotable de amor y bondad que se derrama para cada Nicaragüense en cada rincón;	manual	RES LIQUIDAE COR.xlsx	amor	D14
liq-amor-ni-0009	Res Liquidae	amor	NI	verbal-subject-intransitive	fluir	Queremos ver fluir el amor en la nación	manual	RES LIQUIDAE COR.xlsx	amor	D14
liq-amor-ni-0010	Res Liquidae	amor	NI	verbal-subject-intransitive	brotar	Ya es diciembre, época donde brota el amor y la paz en todas las naciones	manual	RES LIQUIDAE COR.xlsx	amor	D14
liq-amor-ni-0011	Res Liquidae	amor	NI	verbal-instrumental	inundar de	si permite que Jesucristo inunde su corazón de amor, alegría, paz, fortaleza	manual	RES LIQUIDAE COR.xlsx	amor	G14
liq-amor-ni-0012	Res Liquidae	amor	NI	verbal-instrumental	inundar de	mujeres y hombres, inundadas de el amor de Dios en su corazón	manual	RES LIQUIDAE COR.xlsx	amor	G14
liq-amor-ni-0013	Res Liquidae	amor	NI	verbal-instrumental	inundar de	omo mi Señor y Salvador, y le pido que inunde mi corazón de su amor, hacia Ud., hacia mi prójimo,	manual	RES LIQUIDAE COR.xlsx	amor	G14
liq-amor-pa-0001	Res Liquidae	amor	PA	verbal-objective	derramar	El derramó su amor por ti	manual	RES LIQUIDAE COR.xlsx	amor	B15
liq-amor-pa-0002	Res Liquidae	amor	PA	verbal-subject-intransitive	fluir	, el amor fluye y ahora son una sólida pareja de esposos	manual	RES LIQUIDAE COR.xlsx	amor	D15
liq-amor-pa-0003	Res Liquidae	amor	PA	verbal-subject-intransitive	fluir	que el amor fluya y que nada influya	manual	RES LIQUIDAE COR.xlsx	amor	D15
liq-amor-pa-0004	Res Liquidae	amor	PA	verbal-subject-intransitive	fluir	l supuesto amor que fluye entre ello	manual	RES LIQUIDAE COR.xlsx	amor	D15
liq-amor-pa-0005	Res Liquidae	amor	PA	verbal-subject-intransitive	fluir	" Y que siga fluyendo el amor en el mundo	manual	RES LIQUIDAE COR.xlsx	amor	D15
liq-amor-pa-0006	Res Liquidae	amor	PA	verbal-subject-intransitive	fluir	Confirmo que ese amor que fluye sin contención ha sido diseñado por lo divino	manual	RES LIQUIDAE COR.xlsx	amor	D15
liq-amor-pa-0007	Res Liquidae	amor	PA	verbal-subject-intransitive	fluir	Que este año nuestro amor fluya libre	manual	RES LIQUIDAE COR.xlsx	amor	D15
liq-amor-pa-0008	Res Liquidae	amor	PA	verbal-subject-intransitive	fluir	mejora la armonía de tu hogar para que fluya el amor.	manual	RES LIQUIDAE COR.xlsx	amor	D15
liq-amor-pa-0009	Res Liquidae	amor	PA	attributive	derramado	s toneladas de amor derramadas por mi hijo	manual	RES LIQUIDAE COR.xlsx	amor	F15
liq-amor-pa-0010	Res Liquidae	amor	PA	verbal-instrumental	inundar de	Hoy San Valentín estuvo inundando de amor a el estudio de Tu Mañan,	manual	RES LIQUIDAE COR.xlsx	amor	G15
liq-amor-pe-0001	Res Liquidae	amor	PE	verbal-objective	derramar	No tardé en derramar todo mi amor en sus diestras manos ucraniana	manual	RES LIQUIDAE COR.xlsx	amor	B16
liq-amor-pe-0002	Res Liquidae	amor	PE	verbal-objective	derramar	a señora K derrama un mensaje de amor	manual	RES LIQUIDAE COR.xlsx	amor	B16
liq-amor-pe-0003	Res Liquidae	amor	PE	verbal-objective	derramar	Dios derrame bendiciones y amor sobre tu vida	manual	RES LIQUIDAE COR.xlsx	amor	B16
liq-amor-pe-0004	Res Liquidae	amor	PE	verbal-objective	derramar	r las principales calles de nuestra ciudad para derramar amor	manual	RES LIQUIDAE COR.xlsx	amor	B16
liq-amor-pe-0005	Res Liquidae	amor	PE	verbal-objective	derramar	no podemos seguir derramando más amor por él	manual	RES LIQUIDAE COR.xlsx	amor	B16
liq-amor-pe-0006	Res Liquidae	amor	PE	verbal-objective	derramar	Sheyla comienza a derramar amor sobre su novio	manual	RES LIQUIDAE COR.xlsx	amor	B16
liq-amor-pe-0007	Res Liquidae	amor	PE	verbal-objective	derramar	n nuestra galería mira cómo derraman dulzura y amor.	manual	RES LIQUIDAE COR.xlsx	amor	B16
liq-amor-pe-0008	Res Liquidae	amor	PE	verbal-subject-transitive	inundar	El amor inunda el espectáculo local y en Edwin Sierra no podría ser la excepción.	manual	RES LIQUIDAE COR.xlsx	amor	C16
liq-amor-pe-0009	Res Liquidae	amor	PE	verbal-subject-transitive	inundar	Deseo que la paz secuestre tu vida, el amor inunde tu alma...	manual	RES LIQUIDAE COR.xlsx	amor	C16
liq-amor-pe-0010	Res Liquidae	amor	PE	verbal-subject-intransitive		el amor de nuestros fallecidos se derrama y brilla sobre nosotros	manual	RES LIQUIDAE COR.xlsx	amor	D16
liq-amor-pe-0011	Res Liquidae	amor	PE	verbal-subject-intransitive		el amor vuelve a derramar se en la respuesta de el escritor.	manual	RES LIQUIDAE COR.xlsx	amor	D16
liq-amor-pe-0012	Res Liquidae	amor	PE	verbal-subject-intransitive	fluir	sta vez el amor fluye y te renueva	manual	RES LIQUIDAE COR.xlsx	amor	D16
liq-amor-pe-0013	Res Liquidae	amor	PE	verbal-subject-intransitive	fluir	todo en clave de comedia donde fluye el amor y el desamor	manual	RES LIQUIDAE COR.xlsx	amor	D16
liq-amor-pe-0014	Res Liquidae	amor	PE	verbal-subject-intransitive	fluir	deje que el amor fluya en paz por ser de justicia	manual	RES LIQUIDAE COR.xlsx	amor	D16
liq-amor-pe-0015	Res Liquidae	amor	PE	verbal-subject-intransitive	fluir	El amor fluye como tu deseas	manual	RES LIQUIDAE COR.xlsx	amor	D16
liq-amor-pe-0016	Res Liquidae	amor	PE	verbal-subject-intransitive	fluir	La relación se cimentaba, el amor fluía,	manual	RES LIQUIDAE COR.xlsx	amor	D16
liq-amor-pe-0017	Res Liquidae	amor	PE	verbal-subject-intransitive	fluir	El amor fluye como si fuera ayer.	manual	RES LIQUIDAE COR.xlsx	amor	D16
liq-amor-pe-0018	Res Liquidae	amor	PE	verbal-subject-intransitive	fluir	Deja fluir el amor para que se alejen de ti las tristezas y preocupaciones	manual	RES LIQUIDAE COR.xlsx	amor	D16
liq-amor-pe-0019	Res Liquidae	amor	PE	verbal-subject-intransitive	fluir	dejamos fluir ese amor tan profundo y sincero que nos acelera el corazón	manual	RES LIQUIDAE COR.xlsx	amor	D16
liq-amor-pe-0020	Res Liquidae	amor	PE	verbal-subject-intransitive	fluir	El amor sigue fluyendo entre Selena Gómez y The Weekn	manual	RES LIQUIDAE COR.xlsx	amor	D16
liq-amor-pe-0021	Res Liquidae	amor	PE	verbal-subject-intransitive	fluir	impiden fluir libremente el amor que existe entre ambo	manual	RES LIQUIDAE COR.xlsx	amor	D16
liq-amor-pe-0022	Res Liquidae	amor	PE	verbal-subject-intransitive	fluir	Esto Es Guerra y su amor fluyó sin ningún tipo de presión	manual	RES LIQUIDAE COR.xlsx	amor	D16
liq-amor-pe-0023	Res Liquidae	amor	PE	verbal-subject-intransitive	fluir	, espacio televisivo que permitió que fluya el amor entre ambas mediáticas figura	manual	RES LIQUIDAE COR.xlsx	amor	D16
liq-amor-pe-0024	Res Liquidae	amor	PE	verbal-subject-intransitive	fluir	Hay mucho amor fluyendo por aquí ",	manual	RES LIQUIDAE COR.xlsx	amor	D16
liq-amor-pe-0025	Res Liquidae	amor	PE	verbal-subject-intransitive	fluir	la semana con el amor que vuelve a fluir entre Patricio Parodi y Sheyla Roja	manual	RES LIQUIDAE COR.xlsx	amor	D16
liq-amor-pe-0026	Res Liquidae	amor	PE	verbal-subject-intransitive	fluir	un papel firmado para que su amor fluya.	manual	RES LIQUIDAE COR.xlsx	amor	D16
liq-amor-pe-0027	Res Liquidae	amor	PE	verbal-subject-intransitive	fluir	El amor fluye a montones en el grupo piurano	manual	RES LIQUIDAE COR.xlsx	amor	D16
liq-amor-pe-0028	Res Liquidae	amor	PE	verbal-subject-intransitive	brotar	la torre Eiffel se encienden, el amor empieza a brotar.	manual	RES LIQUIDAE COR.xlsx	amor	D16
liq-amor-pe-0029	Res Liquidae	amor	PE	verbal-subject-intransitive	brotar	no fue el único amor que brotó en él.	manual	RES LIQUIDAE COR.xlsx	amor	D16
liq-amor-pe-0030	Res Liquidae	amor	PE	verbal-subject-intransitive	brotar	l amor les brotaba por los ojos y se volvieron inseparables,	manual	RES LIQUIDAE COR.xlsx	amor	D16
liq-amor-pe-0031	Res Liquidae	amor	PE	verbal-subject-intransitive	brotar	El amor les brotaba por los ojos	manual	RES LIQUIDAE COR.xlsx	amor	D16
liq-amor-pe-0032	Res Liquidae	amor	PE	verbal-subject-intransitive	brotar	de los ojos de Angie brota el inmenso amor que siente por todo lo que nos rodeaba	manual	RES LIQUIDAE COR.xlsx	amor	D16
liq-amor-pe-0033	Res Liquidae	amor	PE	verbal-subject-intransitive	brotar	el amor es algo que nos brota y que no podemos controlar.	manual	RES LIQUIDAE COR.xlsx	amor	D16
liq-amor-pe-0034	Res Liquidae	amor	PE	verbal-subject-intransitive	diluirse	.tenemos que hacer nuestra parte para que el amor crezca y no se diluya.	manual	RES LIQUIDAE COR.xlsx	amor	D16
liq-amor-pe-0035	Res Liquidae	amor	PE	verbal-subject-intransitive	diluirse	.2y si la comunicación no es clara o fresca, el amor se diluye junto con la intimidad.	manual	RES LIQUIDAE COR.xlsx	amor	D16
liq-amor-pe-0036	Res Liquidae	amor	PE	substantive	flujo de	Hay un flujo de amor que se queda sin destino	manual	RES LIQUIDAE COR.xlsx	amor	E16
liq-amor-pe-0037	Res Liquidae	amor	PE	substantive	flujo de	Un flujo de amor que de pronto no sabes dónde depositar lo.	manual	RES LIQUIDAE COR.xlsx	amor	E16
liq-amor-pe-0038	Res Liquidae	amor	PE	attributive	derramado	el amor de Dios derramado desde la cruz en sus corazones	manual	RES LIQUIDAE COR.xlsx	amor	F16
liq-amor-pe-0039	Res Liquidae	amor	PE	verbal-instrumental	inundar de	De ahí en más sus redes sociales se inundaron de amor.	manual	RES LIQUIDAE COR.xlsx	amor	G16
liq-amor-pe-0040	Res Liquidae	amor	PE	verbal-instrumental	inundar de	...el fulgor y la prosperidad de un nuevo comienzo inunde sus hogares de amor, fe...	manual	RES LIQUIDAE COR.xlsx	amor	G16
liq-amor-pe-0041	Res Liquidae	amor	PE	verbal-instrumental	inundar de	...reales se llevó a cabo en nuestra capital, inundando de amor distintos escenarios limeños.	manual	RES LIQUIDAE COR.xlsx	amor	G16
liq-amor-pe-0042	Res Liquidae	amor	PE	verbal-instrumental	inundar de	...la ternura de su pareja inundará su corazón de un amor que no conocía.	manual	RES LIQUIDAE COR.xlsx	amor	G16
liq-amor-pe-0043	Res Liquidae	amor	PE	verbal-instrumental	inundar de	...para que con su misericordia, inunde de amor y cumpla la sagrada misión...	manual	RES LIQUIDAE COR.xlsx	amor	G16
liq-amor-pe-0044	Res Liquidae	amor	PE	verbal-instrumental	inundar de	...Chimoc siente que su corazón se inunda de amor...	manual	RES LIQUIDAE COR.xlsx	amor	G16
liq-amor-pe-0046	Res Liquidae	amor	PE	verbal-instrumental	inundar de	El futbolista catalán Gerard Piqué inundó de amor las redes sociales...	manual	RES LIQUIDAE COR.xlsx	amor	G16
liq-amor-pe-0047	Res Liquidae	amor	PE	verbal-instrumental	inundado por	Inundada por el amor и apoyo que recibo en este momento.	manual	RES LIQUIDAE COR.xlsx	amor	G16
liq-amor-pr-0001	Res Liquidae	amor	PR	verbal-subject-transitive	inundar	nemos que dejar que la fuerza de su amor nos inunde.	manual	RES LIQUIDAE COR.xlsx	amor	C17
liq-amor-pr-0002	Res Liquidae	amor	PR	verbal-subject-intransitive	fluir	Saca tus verdaderos sentimientos para que el amor fluya	manual	RES LIQUIDAE COR.xlsx	amor	D17
liq-amor-pr-0003	Res Liquidae	amor	PR	verbal-subject-intransitive	fluir	El amor fluye en todos los sentidos y se te transmite	manual	RES LIQUIDAE COR.xlsx	amor	D17
liq-amor-pr-0004	Res Liquidae	amor	PR	verbal-subject-intransitive	fluir	El amor estará fluyendo en tu vida, recíbelo a manos llenas y con los brazos abiertos.	manual	RES LIQUIDAE COR.xlsx	amor	D17
liq-amor-pr-0005	Res Liquidae	amor	PR	verbal-subject-intransitive	fluir	el amor estará fluyendo a todo lo que da	manual	RES LIQUIDAE COR.xlsx	amor	D17
liq-amor-py-0001	Res Liquidae	amor	PY	verbal-subject-intransitive	fluir	Que el amor real fluye fácilmente, sin presiones, sin condiciones, sin mentiras, sin apariencias.	manual	RES LIQUIDAE COR.xlsx	amor	D18
liq-amor-py-0002	Res Liquidae	amor	PY	verbal-instrumental	inundar de	el radialista inunda de amor a sus seguidores.	manual	RES LIQUIDAE COR.xlsx	amor	G18
liq-amor-sv-0001	Res Liquidae	amor	SV	verbal-objective	derramar	El amor que derrama tanto de ti en ti,	manual	RES LIQUIDAE COR.xlsx	amor	B19
liq-amor-sv-0003	Res Liquidae	amor	SV	verbal-instrumental	inundado por	Inundado por un inmenso amor hacia sus hijas	manual	RES LIQUIDAE COR.xlsx	amor	G19
liq-amor-sv-0004	Res Liquidae	amor	SV	verbal-instrumental	inundar de	oy el fulgor y la prosperidad de un nuevo comienzo inunde sus hogares de amor,	manual	RES LIQUIDAE COR.xlsx	amor	G19
liq-amor-us-0001	Res Liquidae	amor	US	verbal-objective	derramar	Derramando amor no a los puros, no a los que no pecan	manual	RES LIQUIDAE COR.xlsx	amor	B22
liq-amor-us-0002	Res Liquidae	amor	US	verbal-objective	derramar	Él anhela abrir se aún más derramando su amor en todas las direcciones.	manual	RES LIQUIDAE COR.xlsx	amor	B22
liq-amor-us-0003	Res Liquidae	amor	US	verbal-objective	derramar	fue ella la primera persona que derramó todo su amor sobre el Mesías	manual	RES LIQUIDAE COR.xlsx	amor	B22
liq-amor-us-0004	Res Liquidae	amor	US	verbal-objective	derramar	La gente derramó su amor hacia las dos ternuritas	manual	RES LIQUIDAE COR.xlsx	amor	B22
liq-amor-us-0006	Res Liquidae	amor	US	verbal-objective	derramar	el amor que derraman cada vez que están juntas	manual	RES LIQUIDAE COR.xlsx	amor	B22
liq-amor-us-0007	Res Liquidae	amor	US	verbal-objective	derramar	donde se hacen presentes derraman amor	manual	RES LIQUIDAE COR.xlsx	amor	B22
liq-amor-us-0008	Res Liquidae	amor	US	verbal-objective	derramar	no para de derramar amor desde sus cuentas y contagia a sus fans	manual	RES LIQUIDAE COR.xlsx	amor	B22
liq-amor-us-0009	Res Liquidae	amor	US	verbal-subject-transitive	inundar	...en una semana en la que el amor lo inunda todo...	manual	RES LIQUIDAE COR.xlsx	amor	C22
liq-amor-us-0010	Res Liquidae	amor	US	verbal-subject-transitive	inundar	Cuanto más me concentro en Dios, más me inunda su amor divino...	manual	RES LIQUIDAE COR.xlsx	amor	C22
liq-amor-us-0011	Res Liquidae	amor	US	verbal-subject-transitive	inundar	...la rutina nos abandona y el amor nos inunda la carne.	manual	RES LIQUIDAE COR.xlsx	amor	C22
liq-amor-us-0012	Res Liquidae	amor	US	verbal-subject-intransitive	fluir	redacta tus mensajes para que el amor fluya.	manual	RES LIQUIDAE COR.xlsx	amor	D22
liq-amor-us-0013	Res Liquidae	amor	US	verbal-subject-intransitive	fluir	la paz y el amor fluyan en todos sus hogares	manual	RES LIQUIDAE COR.xlsx	amor	D22
liq-amor-us-0014	Res Liquidae	amor	US	verbal-subject-intransitive	fluir	el amor que fluye entre sus padres y a el que deben su vida.	manual	RES LIQUIDAE COR.xlsx	amor	D22
liq-amor-us-0015	Res Liquidae	amor	US	verbal-subject-intransitive	fluir	dejar que el amor fluya por sí solo	manual	RES LIQUIDAE COR.xlsx	amor	D22
liq-amor-us-0016	Res Liquidae	amor	US	verbal-subject-intransitive	fluir	dejar fluir ese sentimiento de amor	manual	RES LIQUIDAE COR.xlsx	amor	D22
liq-amor-us-0017	Res Liquidae	amor	US	verbal-subject-intransitive	fluir	deja que fluya más el amor	manual	RES LIQUIDAE COR.xlsx	amor	D22
liq-amor-us-0018	Res Liquidae	amor	US	verbal-subject-intransitive	fluir	El amor debe fluir y	manual	RES LIQUIDAE COR.xlsx	amor	D22
liq-amor-us-0019	Res Liquidae	amor	US	verbal-subject-intransitive	fluir	Deja que el amor fluya	manual	RES LIQUIDAE COR.xlsx	amor	D22
liq-amor-us-0020	Res Liquidae	amor	US	verbal-subject-intransitive	fluir	el amor fluya entre los dos	manual	RES LIQUIDAE COR.xlsx	amor	D22
liq-amor-us-0021	Res Liquidae	amor	US	verbal-subject-intransitive	fluir	el amor fluye en tu vida	manual	RES LIQUIDAE COR.xlsx	amor	D22
liq-amor-us-0022	Res Liquidae	amor	US	verbal-subject-intransitive	fluir	el amor que fluye desde tu interio	manual	RES LIQUIDAE COR.xlsx	amor	D22
liq-amor-us-0024	Res Liquidae	amor	US	verbal-subject-intransitive	fluir	madre amorosa que es, cuyo amor fluye	manual	RES LIQUIDAE COR.xlsx	amor	D22
liq-amor-us-0025	Res Liquidae	amor	US	verbal-subject-intransitive	fluir	mensajes que ambos se enviaron provocó que el amor fluyera hasta llegar a el matrimonio	manual	RES LIQUIDAE COR.xlsx	amor	D22
liq-amor-us-0026	Res Liquidae	amor	US	verbal-subject-intransitive	fluir	el amor que fluye desde Cristo Crucificado	manual	RES LIQUIDAE COR.xlsx	amor	D22
liq-amor-us-0027	Res Liquidae	amor	US	verbal-subject-intransitive	fluir	las soluciones que harán fluir el amor para el bienestar y alivio de todos los miembros de tu familia	manual	RES LIQUIDAE COR.xlsx	amor	D22
liq-amor-us-0028	Res Liquidae	amor	US	verbal-subject-intransitive	fluir	" amor que fluye de la unión íntima entre un hombre y una mujer en el matrimonio	manual	RES LIQUIDAE COR.xlsx	amor	D22
liq-amor-us-0030	Res Liquidae	amor	US	verbal-subject-intransitive	brotar	Les brota el amor por los poros	manual	RES LIQUIDAE COR.xlsx	amor	D22
liq-amor-us-0031	Res Liquidae	amor	US	verbal-subject-intransitive	brotar	a fortaleza, unidad, compasión y amor que brotaron de todas partes de nuestra comunida	manual	RES LIQUIDAE COR.xlsx	amor	D22
liq-amor-us-0032	Res Liquidae	amor	US	verbal-subject-intransitive	diluirse	De todas formas, el amor se diluyó y pusieron punto final a la relación.	manual	RES LIQUIDAE COR.xlsx	amor	D22
liq-amor-us-0033	Res Liquidae	amor	US	verbal-subject-intransitive	diluirse	.2 por lo tanto debemos hacer nuestra parte para que el amor crezca y no se diluya.	manual	RES LIQUIDAE COR.xlsx	amor	D22
liq-amor-us-0034	Res Liquidae	amor	US	substantive		La declaración agradece a todas las personas por " el derrame de amor y amistad	manual	RES LIQUIDAE COR.xlsx	amor	E22
liq-amor-us-0035	Res Liquidae	amor	US	substantive	flujo de	Se sintió muy conmovido por el flujo de amor de las comunidades judías	manual	RES LIQUIDAE COR.xlsx	amor	E22
liq-amor-us-0037	Res Liquidae	amor	US	substantive	torrente de	por su sangre corre un torrente de optimismo y amor por la vida.	manual	RES LIQUIDAE COR.xlsx	amor	E22
liq-amor-us-0038	Res Liquidae	amor	US	attributive	derramado	El hombre no tolera tanto amor derramado en la sangre.	manual	RES LIQUIDAE COR.xlsx	amor	F22
liq-amor-us-0039	Res Liquidae	amor	US	attributive	derramado	Amor entregado y derramado abundantemente por el Señor en la cru	manual	RES LIQUIDAE COR.xlsx	amor	F22
liq-amor-us-0041	Res Liquidae	amor	US	verbal-instrumental	inundar de	Es una bella forma de inundar nuestros barrios de ese amor urgente y alegre...	manual	RES LIQUIDAE COR.xlsx	amor	G22
liq-amor-us-0042	Res Liquidae	amor	US	verbal-instrumental	inundar de	Estás inundando de amor y pasión a una persona...	manual	RES LIQUIDAE COR.xlsx	amor	G22
liq-amor-uy-0001	Res Liquidae	amor	UY	verbal-objective	derramar	Crece la confianza y el amor derrama sus dones.,	manual	RES LIQUIDAE COR.xlsx	amor	B20
liq-amor-uy-0002	Res Liquidae	amor	UY	verbal-subject-intransitive	fluir	ueremos que el amor fluya y que sea una eterna sensación de mariposas en la panzar	manual	RES LIQUIDAE COR.xlsx	amor	D20
liq-amor-uy-0003	Res Liquidae	amor	UY	verbal-subject-intransitive	fluir	quiles es donde el amor fluye a la par de el whisky	manual	RES LIQUIDAE COR.xlsx	amor	D20
liq-amor-uy-0004	Res Liquidae	amor	UY	verbal-subject-intransitive	fluir	el amor y la justicia fluyan como una poderosa corriente.	manual	RES LIQUIDAE COR.xlsx	amor	D20
liq-amor-uy-0005	Res Liquidae	amor	UY	verbal-subject-intransitive	diluirse	sin saber como y porque el amor se esta diluyendo	manual	RES LIQUIDAE COR.xlsx	amor	D20
liq-amor-uy-0006	Res Liquidae	amor	UY	verbal-subject-intransitive	diluirse	busca probar -casi científicamente- que el amor se diluye con el tiempo	manual	RES LIQUIDAE COR.xlsx	amor	D20
liq-amor-uy-0007	Res Liquidae	amor	UY	substantive	flujo de	despertar ese flujo de amor entre la gente y el seleccionado	manual	RES LIQUIDAE COR.xlsx	amor	E20
liq-amor-uy-0008	Res Liquidae	amor	UY	verbal-instrumental	inundar de	Solidaridad, que inundaba tu corazón de amor hacia tu prójimo	manual	RES LIQUIDAE COR.xlsx	amor	G20
liq-amor-ve-0001	Res Liquidae	amor	VE	verbal-objective	derramar	o vimos que derramábamos tu amor por los suelos.	manual	RES LIQUIDAE COR.xlsx	amor	B21
liq-amor-ve-0002	Res Liquidae	amor	VE	verbal-objective	derramar	el pueblo derramara cada día más amor y amor frenético hacia nuestro proceso socialista	manual	RES LIQUIDAE COR.xlsx	amor	B21
liq-amor-ve-0003	Res Liquidae	amor	VE	verbal-objective	derramar	creadores larenses derramaron su amor, fervor y devoción a la Virgen	manual	RES LIQUIDAE COR.xlsx	amor	B21
liq-amor-ve-0004	Res Liquidae	amor	VE	verbal-subject-intransitive		el amor es centrífugo, se derrama en el otro, se expande, construye puentes y enlaces.	manual	RES LIQUIDAE COR.xlsx	amor	D21
liq-amor-ve-0005	Res Liquidae	amor	VE	verbal-subject-intransitive	fluir	, el amor que fluye debe ser plasmado en el alma	manual	RES LIQUIDAE COR.xlsx	amor	D21
liq-amor-ve-0006	Res Liquidae	amor	VE	verbal-subject-intransitive	fluir	, fluyó el amor entre el flamante ganador de el premio	manual	RES LIQUIDAE COR.xlsx	amor	D21
liq-amor-ve-0007	Res Liquidae	amor	VE	verbal-subject-intransitive	fluir	la cosa es que fluya el amor	manual	RES LIQUIDAE COR.xlsx	amor	D21
liq-amor-ve-0008	Res Liquidae	amor	VE	verbal-subject-intransitive	fluir	trabajar en algo para que el amor fluya.	manual	RES LIQUIDAE COR.xlsx	amor	D21
liq-amor-ve-0009	Res Liquidae	amor	VE	verbal-subject-intransitive	fluir	la eterna e inmutable corriente de amor fluye sin cesar	manual	RES LIQUIDAE COR.xlsx	amor	D21
liq-amor-ve-0010	Res Liquidae	amor	VE	verbal-subject-intransitive	fluir	eso hace que el amor fluya,	manual	RES LIQUIDAE COR.xlsx	amor	D21
liq-amor-ve-0011	Res Liquidae	amor	VE	verbal-subject-intransitive	fluir	y el amor fluirá de forma naturaL	manual	RES LIQUIDAE COR.xlsx	amor	D21
liq-amor-ve-0012	Res Liquidae	amor	VE	verbal-subject-intransitive	fluir	a el amor le cuesta mucho fluir.	manual	RES LIQUIDAE COR.xlsx	amor	D21
liq-amor-ve-0013	Res Liquidae	amor	VE	verbal-subject-intransitive	fluir	recordar que para que el amor fluya, necesita de el orden	manual	RES LIQUIDAE COR.xlsx	amor	D21
liq-amor-ve-0014	Res Liquidae	amor	VE	verbal-subject-intransitive	fluir	permitan que el amor fluya libremente a través de nuestras vidas y relaciones	manual	RES LIQUIDAE COR.xlsx	amor	D21
liq-amor-ve-0015	Res Liquidae	amor	VE	verbal-subject-intransitive	fluir	la idea de que el amor sólo debe fluir.	manual	RES LIQUIDAE COR.xlsx	amor	D21
liq-amor-ve-0016	Res Liquidae	amor	VE	verbal-subject-intransitive	fluir	no ha impedido que siga fluyendo el amor entre nosotro	manual	RES LIQUIDAE COR.xlsx	amor	D21
liq-amor-ve-0017	Res Liquidae	amor	VE	verbal-subject-intransitive	fluir	e van a estar enamorando, va a fluir el amor	manual	RES LIQUIDAE COR.xlsx	amor	D21
liq-amor-ve-0018	Res Liquidae	amor	VE	verbal-subject-intransitive	brotar	en sus venas, tanto así que cuando lo traspasaron brotó más amor.	manual	RES LIQUIDAE COR.xlsx	amor	D21
liq-amor-ve-0019	Res Liquidae	amor	VE	verbal-subject-intransitive	brotar	El amor le brotaba por los poros.	manual	RES LIQUIDAE COR.xlsx	amor	D21
liq-amor-ve-0020	Res Liquidae	amor	VE	verbal-subject-intransitive	brotar	Viene de la misma fuente, quizás de donde brota el amor maternal	manual	RES LIQUIDAE COR.xlsx	amor	D21
liq-amor-ve-0021	Res Liquidae	amor	VE	verbal-subject-intransitive	brotar	el amor brotaba en sus ojos a el ver lo	manual	RES LIQUIDAE COR.xlsx	amor	D21
liq-amor-ve-0022	Res Liquidae	amor	VE	verbal-subject-intransitive	brotar	l agua, el amor que brota de el alma de Chávez para su pueblo	manual	RES LIQUIDAE COR.xlsx	amor	D21
liq-amor-ve-0023	Res Liquidae	amor	VE	verbal-subject-intransitive	brotar	e tus manos brotan lluvias de amor y de agua viva y por eso te amamos	manual	RES LIQUIDAE COR.xlsx	amor	D21
liq-amor-ve-0024	Res Liquidae	amor	VE	verbal-subject-intransitive	brotar	con amor brotando todavía de sus ojos.	manual	RES LIQUIDAE COR.xlsx	amor	D21
liq-amor-ve-0025	Res Liquidae	amor	VE	verbal-subject-intransitive	brotar	u amor por Venezuela le brota por los poro	manual	RES LIQUIDAE COR.xlsx	amor	D21
liq-amor-ve-0026	Res Liquidae	amor	VE	substantive		la misericordiosa corriente de amor que fluye de Dios hacia la raza humana,	manual	RES LIQUIDAE COR.xlsx	amor	E21
liq-amor-ve-0028	Res Liquidae	amor	VE	verbal-instrumental	inundar de	hoy el fulgor y la prosperidad de un nuevo comienzo inunde sus hogares de amor, fe	manual	RES LIQUIDAE COR.xlsx	amor	G21
liq-amor-ve-0029	Res Liquidae	amor	VE	verbal-instrumental	inundar de	representado en movimientos sociales, gremios, colectivos, inunda Miraflores de amor y propuestas, demostrándo le apoyo a su Presidente,	manual	RES LIQUIDAE COR.xlsx	amor	G21
liq-amor-ve-0030	Res Liquidae	amor	VE	verbal-instrumental	inundar de	Que venga a inundar me de amor, para reaprender mi propia vida y dar le felicidad	manual	RES LIQUIDAE COR.xlsx	amor	G21
par-amor-ar-0001	Res Parvae	amor	AR	verbal-objective-grasp	traer	un verano trajo el amor desde su ciudad natal,	manual	Res Parvae.xlsx	amor	B2
par-amor-ar-0002	Res Parvae	amor	AR	verbal-objective-grasp	traer	El tiempo que a los hombres/ trae el amor o el oro,	manual	Res Parvae.xlsx	amor	B2
par-amor-ar-0003	Res Parvae	amor	AR	verbal-objective-grasp	traer	Nos unió, sanó heridas, y trajo infinitas risas y amor a nuestro hoga (hermano pequeño)	manual	Res Parvae.xlsx	amor	B2
par-amor-ar-0004	Res Parvae	amor	AR	verbal-objective-grasp	traer	Dany hubiera imaginado que una llamada equivocada iba a traer le amor.	manual	Res Parvae.xlsx	amor	B2
par-amor-ar-0005	Res Parvae	amor	AR	verbal-objective-grasp		en su infinita bondad, volvió a tener confianza y entregar amor a los humanos.	manual	Res Parvae.xlsx	amor	B2
par-amor-ar-0006	Res Parvae	amor	AR	verbal-objective-throw	tirar	TIRAR 1 vengo acá a tirar amor a que todos estemos mejor	manual	Res Parvae.xlsx	amor	C2
par-amor-ar-0007	Res Parvae	amor	AR	verbal-objective-collect	recoger	RECOGER  desear le a nuestra madre amada que siga recogiendo amor y los sentimientos más puros que sembró en su vida	manual	Res Parvae.xlsx	amor	D2
par-amor-ar-0008	Res Parvae	amor	AR	verbal-objective-collect	recoger	Las Adoratrices fueron sembrando y recogiendo amor.	manual	Res Parvae.xlsx	amor	D2
par-amor-ar-0009	Res Parvae	amor	AR	substantive	puñado de	Como un puñado de amor contra el odio vacío de la guerra	manual	Res Parvae.xlsx	amor	E2
par-amor-bo-0001	Res Parvae	amor	BO	verbal-objective-grasp	agarrar	Le agarré amor a el club	manual	Res Parvae.xlsx	amor	B3
par-amor-bo-0002	Res Parvae	amor	BO	verbal-objective-grasp		dejarás de lado los temores y entregarás todo el amor que llevas dentro	manual	Res Parvae.xlsx	amor	B3
par-amor-cl-0001	Res Parvae	amor	CL	verbal-objective-grasp	coger	Cogemos el amor, los sentimientos, las emociones de la pareja	manual	Res Parvae.xlsx	amor	B4
par-amor-cl-0002	Res Parvae	amor	CL	verbal-objective-grasp		Polita saque fuerzas para seguir entregando amor	manual	Res Parvae.xlsx	amor	B4
par-amor-cl-0003	Res Parvae	amor	CL	verbal-objective-throw	tirar	Agradezco a la gente linda que me tira amor y yo se los devuelvo	manual	Res Parvae.xlsx	amor	C4
par-amor-co-0001	Res Parvae	amor	CO	verbal-objective-grasp	coger	le he ido cogiendo amor a la bicicleta "	manual	Res Parvae.xlsx	amor	B5
par-amor-co-0002	Res Parvae	amor	CO	verbal-objective-grasp	coger	Quiero seguir ganando y coger todo el amor de Barranquilla	manual	Res Parvae.xlsx	amor	B5
par-amor-co-0003	Res Parvae	amor	CO	verbal-objective-grasp	coger	comenzó la pasión a este deporte y desde ahí fui cogiéndo le amor	manual	Res Parvae.xlsx	amor	B5
par-amor-co-0004	Res Parvae	amor	CO	verbal-objective-grasp	coger	Yo solo le cogí amor a el instrumento,	manual	Res Parvae.xlsx	amor	B5
par-amor-co-0005	Res Parvae	amor	CO	verbal-objective-grasp	coger	Yo le cogí amor a la cocina	manual	Res Parvae.xlsx	amor	B5
par-amor-co-0006	Res Parvae	amor	CO	verbal-objective-grasp	coger	Karen no ha sido capaz de coger le amor a Colombia.	manual	Res Parvae.xlsx	amor	B5
par-amor-co-0007	Res Parvae	amor	CO	verbal-objective-grasp	agarrar	1Allí le agarré amor a el campo y aprendí a preparar tamales	manual	Res Parvae.xlsx	amor	B5
par-amor-co-0008	Res Parvae	amor	CO	verbal-objective-grasp	agarrar	le agarré amor a este oficio y amor para servir le a la comunidad	manual	Res Parvae.xlsx	amor	B5
par-amor-co-0009	Res Parvae	amor	CO	verbal-objective-grasp	agarrar	fui aprendiendo sobre el arte que me gusta mucho y le fui agarrando amor y cariño	manual	Res Parvae.xlsx	amor	B5
par-amor-co-0010	Res Parvae	amor	CO	verbal-objective-grasp	agarrar	# " A veces uno derrama lágrimas porque prácticamente se le agarra amor y cariño, y se representa prácticamente bailando y estando feliz	manual	Res Parvae.xlsx	amor	B5
par-amor-co-0011	Res Parvae	amor	CO	verbal-objective-grasp	agarrar	El niño que le agarra amor a la naturaleza, cuidará el preciado liquid	manual	Res Parvae.xlsx	amor	B5
par-amor-co-0012	Res Parvae	amor	CO	verbal-objective-grasp	traer	Papá Pino trajo el amor desde Italia	manual	Res Parvae.xlsx	amor	B5
par-amor-co-0013	Res Parvae	amor	CO	verbal-objective-grasp	traer	" Aquí estamos para traer les felicidad, amor, alegría	manual	Res Parvae.xlsx	amor	B5
par-amor-co-0014	Res Parvae	amor	CO	verbal-objective-grasp		una mujer que se cansa de entregar su amor a alguien que no es recíproco con ella	manual	Res Parvae.xlsx	amor	B5
par-amor-co-0015	Res Parvae	amor	CO	verbal-objective-throw	soltar	Yo no aprendí a soltar amores Yo no aprendí a dejar te ir Eras una apuesta de largo plazo	manual	Res Parvae.xlsx	amor	C5
par-amor-co-0016	Res Parvae	amor	CO	verbal-objective-throw	lanzar	ahora vemos a Falcao lanzado amor cristiano a diestra y siniestra.	manual	Res Parvae.xlsx	amor	C5
par-amor-co-0017	Res Parvae	amor	CO	verbal-objective-throw	arrojar	ARROJAR AMOR sabe que las redes arrojan amor y odio	manual	Res Parvae.xlsx	amor	C5
par-amor-co-0018	Res Parvae	amor	CO	verbal-objective-collect	recoger	RECOGER uien siembra amor, recoge amor más tarde o más temprano	manual	Res Parvae.xlsx	amor	D5
par-amor-cr-0001	Res Parvae	amor	CR	verbal-objective-grasp		sí que entregó su amor a la literatura y a la músic	manual	Res Parvae.xlsx	amor	B6
par-amor-cr-0002	Res Parvae	amor	CR	verbal-objective-throw	tirar	Lo íntimo de sus letras le ha dado una cercanía con el público que le tira amor en todas sus redes sociales	manual	Res Parvae.xlsx	amor	C6
par-amor-cu-0001	Res Parvae	amor	CU	verbal-objective-grasp	coger	le he cogido tremendo amor a mis arreos de cátcher	manual	Res Parvae.xlsx	amor	B7
par-amor-cu-0002	Res Parvae	amor	CU	verbal-objective-grasp	agarrar	le agarré amor a la carrera.	manual	Res Parvae.xlsx	amor	B7
par-amor-cu-0003	Res Parvae	amor	CU	verbal-objective-grasp		sa meta la persiguen día a día entregándo les todo el amor y dedicación que ellos se merecen.	manual	Res Parvae.xlsx	amor	B7
par-amor-cu-0004	Res Parvae	amor	CU	verbal-objective-throw	tirar	nuestro pueblo no tita papel hingienico, tira amor soliradidad, brinda su mano entrega lo que tiene	manual	Res Parvae.xlsx	amor	C7
par-amor-do-0002	Res Parvae	amor	DO	verbal-objective-grasp	traer	cada día nos trae algo bueno: el amor, una sonrisa,	manual	Res Parvae.xlsx	amor	B8
par-amor-do-0003	Res Parvae	amor	DO	verbal-objective-collect	captar	CAPTAR Si capto amor en la persona, no importa que sea rica o pobre	manual	Res Parvae.xlsx	amor	D8
par-amor-ec-0002	Res Parvae	amor	EC	verbal-objective-grasp	traer	Barbara Bush fue una primera dama fabulosa y una mujer como ninguna otra, que trajo amor y alfabetización a millones	manual	Res Parvae.xlsx	amor	B9
par-amor-ec-0003	Res Parvae	amor	EC	verbal-objective-grasp		Entregar amor es ceder parte de uno mismo	manual	Res Parvae.xlsx	amor	B9
par-amor-es-0001	Res Parvae	amor	ES	verbal-objective-grasp		Tiene todo para entregar amor a quien está a tu lado	manual	Res Parvae.xlsx	amor	B10
par-amor-es-0002	Res Parvae	amor	ES	substantive	puñado de	Un puñado de turrón bastará para la Navidad, pero un puñado de tu amor me alimentaría de por vida.	manual	Res Parvae.xlsx	amor	E10
par-amor-mx-0001	Res Parvae	amor	MX	verbal-objective-grasp	agarrar	yo agarré amor por esta causa para empoderar a las mujeres	manual	Res Parvae.xlsx	amor	B13
par-amor-mx-0002	Res Parvae	amor	MX	verbal-objective-grasp	agarrar	siento que ahí le agarré amor a las matemáticas ".	manual	Res Parvae.xlsx	amor	B13
par-amor-mx-0003	Res Parvae	amor	MX	verbal-objective-grasp	agarrar	en el rancho San José de las Delicias y ya de ahí le fui agarrando amor a hacer esto	manual	Res Parvae.xlsx	amor	B13
par-amor-mx-0004	Res Parvae	amor	MX	verbal-objective-grasp	agarrar	aprendiendo a tocar la guitarra, jugando ajedrez, escribiendo poesía, y le agarró amor a el futbol.	manual	Res Parvae.xlsx	amor	B13
par-amor-mx-0005	Res Parvae	amor	MX	verbal-objective-grasp	agarrar	es bonito cuando le agarras amor a tu trabajo y no se hace pesado	manual	Res Parvae.xlsx	amor	B13
par-amor-mx-0006	Res Parvae	amor	MX	verbal-objective-grasp	agarrar	hermana de mi mamá se casó con el' Espectro', de ahí que le agarramos amor a este deporte	manual	Res Parvae.xlsx	amor	B13
par-amor-mx-0007	Res Parvae	amor	MX	verbal-objective-grasp	traer	alguien que trae tanto amor por la música	manual	Res Parvae.xlsx	amor	B13
par-amor-mx-0008	Res Parvae	amor	MX	verbal-objective-grasp	traer	Una estación que trae consigo amores juveniles	manual	Res Parvae.xlsx	amor	B13
par-amor-mx-0009	Res Parvae	amor	MX	verbal-objective-grasp	traer	el Señor Burns puesto de radiaciones, nos trae amor	manual	Res Parvae.xlsx	amor	B13
par-amor-mx-0010	Res Parvae	amor	MX	verbal-objective-grasp	traer	compañeros de el colegio, que luego de veinte años vuelven a encontrar se, trayendo con sigo amores, rencores y relaciones de el pasado	manual	Res Parvae.xlsx	amor	B13
par-amor-mx-0011	Res Parvae	amor	MX	verbal-objective-grasp	traer	con el espíritu fortalecido por el trabajo y el amor que siempre entregó a su familia	manual	Res Parvae.xlsx	amor	B13
par-amor-mx-0012	Res Parvae	amor	MX	verbal-objective-throw	tirar	TIRAR AMOR 1 Todos le pegaron. Él resistió, tiró amor y paz	manual	Res Parvae.xlsx	amor	C13
par-amor-pa-0001	Res Parvae	amor	PA	verbal-objective-grasp	traer	esperaba que el nuevo año trajera amor y romance a su vida	manual	Res Parvae.xlsx	amor	B15
par-amor-pa-0002	Res Parvae	amor	PA	verbal-objective-grasp		Cinco años entregándo te todo mi amor	manual	Res Parvae.xlsx	amor	B15
par-amor-pa-0003	Res Parvae	amor	PA	verbal-objective-throw	soltar	SOLTAR AMOR 1 Por su parte Flex soltó amor y pa	manual	Res Parvae.xlsx	amor	C15
par-amor-pe-0001	Res Parvae	amor	PE	verbal-objective-grasp	agarrar	Le agarré amor a el arte con el fallecimiento de mi padre	manual	Res Parvae.xlsx	amor	B16
par-amor-pe-0002	Res Parvae	amor	PE	verbal-objective-grasp		Siempre entregué amor, tiempo y respeto en beneficio de cuidar nuestro hoga	manual	Res Parvae.xlsx	amor	B16
par-amor-pe-0003	Res Parvae	amor	PE	verbal-objective-throw	tirar	TIRAR AMOR Estos chicos tirando amor. Por favor ya dejen de ser tan melosos	manual	Res Parvae.xlsx	amor	C16
par-amor-pr-0001	Res Parvae	amor	PR	verbal-objective-grasp		Este año, un año muy especial, un año para entregar mucho más amor	manual	Res Parvae.xlsx	amor	B17
par-amor-pr-0002	Res Parvae	amor	PR	verbal-objective-throw	tirar	TIRAR AMOR 4 el reclamo de la Policía estatal a través de su campaña " Tira amor a el aire "	manual	Res Parvae.xlsx	amor	C17
par-amor-py-0001	Res Parvae	amor	PY	verbal-objective-grasp	traer	Jesús no quiere obrar solo, ha venido a traer a el mundo el amor de Dios	manual	Res Parvae.xlsx	amor	B18
par-amor-py-0002	Res Parvae	amor	PY	verbal-objective-grasp	traer	llegaste si que viniste con una misión en esta vida, de traer me felicidad y mucho amor	manual	Res Parvae.xlsx	amor	B18
par-amor-sv-0001	Res Parvae	amor	SV	verbal-objective-grasp	traer	han abierto un mundo, han traído el amor por este juego	manual	Res Parvae.xlsx	amor	B19
par-amor-sv-0002	Res Parvae	amor	SV	verbal-objective-grasp	traer	(con el espíritu fortalecido por el trabajo y el amor que siempre entregó a su familia)	manual	Res Parvae.xlsx	amor	B19
par-amor-us-0001	Res Parvae	amor	US	verbal-objective-grasp	agarrar	AGARRAR AMOR Yo le agarré amor a la lucha libre y así fue me metí en esto	manual	Res Parvae.xlsx	amor	B22
par-amor-us-0004	Res Parvae	amor	US	verbal-objective-grasp	traer	Deseo que sus deseos se hagan realidad y que el 2018 traiga todo el amor y la paz a sus vida	manual	Res Parvae.xlsx	amor	B22
par-amor-us-0005	Res Parvae	amor	US	verbal-objective-throw	lanzar	LANZAR  Nole', que junto a los recogepelotas lanzó amor a la conclusión de el partido	manual	Res Parvae.xlsx	amor	C22
par-amor-us-0006	Res Parvae	amor	US	substantive	puñado de	n leve toque de gore, algo de violencia y un puñado de amores que no siempre se corresponden para bien	manual	Res Parvae.xlsx	amor	E22
par-amor-ve-0001	Res Parvae	amor	VE	verbal-objective-grasp	agarrar	AGARRAR AMOR (1 le fue agarrando amor a la carrera y terminó gustándo le )	manual	Res Parvae.xlsx	amor	B21
par-amor-ve-0002	Res Parvae	amor	VE	verbal-objective-grasp	agarrar	La gente le agarra amor a la plata y se olvidan de los estudios	manual	Res Parvae.xlsx	amor	B21
par-amor-ve-0003	Res Parvae	amor	VE	verbal-objective-grasp	agarrar	que los niños y adolescentes la vean de una manera creativa, dinámica y le agarren amor a esta asignatura	manual	Res Parvae.xlsx	amor	B21
par-amor-ve-0005	Res Parvae	amor	VE	verbal-objective-grasp	traer	Gracias por traer tanto amor y luz contigo	manual	Res Parvae.xlsx	amor	B21
par-amor-ve-0006	Res Parvae	amor	VE	verbal-objective-grasp		Al llegar, el pueblo nos entregó su amor	manual	Res Parvae.xlsx	amor	B21
pen-amor-ar-0001	Res Longae Penetrantes	amor	AR	verbal-subject-transitive	atravesar	un amor adolescente que atraviesa distintas dificultades.	manual	Res Penentrantes.xlsx	AMOR	B2
pen-amor-ar-0002	Res Longae Penetrantes	amor	AR	verbal-subject-transitive	atravesar	ese poderoso gesto de amor que atraviesa a los tiempos	manual	Res Penentrantes.xlsx	AMOR	B2
pen-amor-ar-0003	Res Longae Penetrantes	amor	AR	verbal-subject-transitive	atravesar	3los amores imposibles que atraviesan las vidas de una madre y una hija,	manual	Res Penentrantes.xlsx	AMOR	B2
pen-amor-ar-0004	Res Longae Penetrantes	amor	AR	verbal-subject-transitive	atravesar	na historia de amor que la atravesó	manual	Res Penentrantes.xlsx	AMOR	B2
pen-amor-ar-0005	Res Longae Penetrantes	amor	AR	verbal-subject-transitive	atravesar	Los amores sin ficción que atravesaron nuestras páginas	manual	Res Penentrantes.xlsx	AMOR	B2
pen-amor-ar-0006	Res Longae Penetrantes	amor	AR	verbal-subject-transitive	atravesar	ese sentimiento de amor que te atraviesa y atraviesa tus emociones,	manual	Res Penentrantes.xlsx	AMOR	B2
pen-amor-ar-0007	Res Longae Penetrantes	amor	AR	verbal-subject-transitive	atravesar	haciendo gala de un amor que supo atravesar la tormenta y lograr un puerto de calma y amistad	manual	Res Penentrantes.xlsx	AMOR	B2
pen-amor-ar-0008	Res Longae Penetrantes	amor	AR	verbal-subject-transitive	atravesar	El amor atraviesa cada uno de los actos de el ser humano	manual	Res Penentrantes.xlsx	AMOR	B2
pen-amor-ar-0009	Res Longae Penetrantes	amor	AR	verbal-subject-transitive	atravesar	tra vez el amor atravesándo lo todo, pero esta vez con ribetes imprevistos.	manual	Res Penentrantes.xlsx	AMOR	B2
pen-amor-ar-0010	Res Longae Penetrantes	amor	AR	verbal-subject-transitive	atravesar	Ese amor que te atraviesa, que te quita el aire;	manual	Res Penentrantes.xlsx	AMOR	B2
pen-amor-ar-0011	Res Longae Penetrantes	amor	AR	verbal-subject-transitive	atravesar	El beso que confirma un amor que atravesó los tiempos	manual	Res Penentrantes.xlsx	AMOR	B2
pen-amor-ar-0012	Res Longae Penetrantes	amor	AR	verbal-subject-transitive	atravesar	s. El amor va atravesando y recorriendo todos los escenarios citadinos	manual	Res Penentrantes.xlsx	AMOR	B2
pen-amor-ar-0013	Res Longae Penetrantes	amor	AR	verbal-subject-transitive	atravesar	la muerte y el amor atraviesan la condición humana	manual	Res Penentrantes.xlsx	AMOR	B2
pen-amor-ar-0014	Res Longae Penetrantes	amor	AR	verbal-subject-transitive	atravesar	as revoluciones, las multinacionales, el amor atraviesan su música que va desde el folk rock, el hard ro	manual	Res Penentrantes.xlsx	AMOR	B2
pen-amor-ar-0015	Res Longae Penetrantes	amor	AR	verbal-subject-transitive	atravesar	Hablo de el amor, de cómo me atravesó y me rescató, como me hizo llorar.	manual	Res Penentrantes.xlsx	AMOR	B2
pen-amor-ar-0016	Res Longae Penetrantes	amor	AR	verbal-subject-transitive	atravesar	parece que aquel amor atraviesa a el menos una crisis	manual	Res Penentrantes.xlsx	AMOR	B2
pen-amor-ar-0017	Res Longae Penetrantes	amor	AR	verbal-subject-transitive	atravesar	el amor todo lo atraviesa y es promesa de futuro	manual	Res Penentrantes.xlsx	AMOR	B2
pen-amor-ar-0018	Res Longae Penetrantes	amor	AR	verbal-subject-transitive	atravesar	l amor que atraviesa de manera visceral a los protagonistas de la obr	manual	Res Penentrantes.xlsx	AMOR	B2
pen-amor-ar-0019	Res Longae Penetrantes	amor	AR	verbal-subject-transitive	atravesar	e amor terrible que te atraviesa con una persona que está en el momento de mayor esplendo	manual	Res Penentrantes.xlsx	AMOR	B2
pen-amor-ar-0020	Res Longae Penetrantes	amor	AR	verbal-subject-transitive	atravesar	el amor que lo atraviesa todo, que todo lo permite, lo bueno y lo malo.	manual	Res Penentrantes.xlsx	AMOR	B2
pen-amor-ar-0021	Res Longae Penetrantes	amor	AR	verbal-subject-transitive	atravesar	Un amor que atravesó temporales sin hundir	manual	Res Penentrantes.xlsx	AMOR	B2
pen-amor-ar-0022	Res Longae Penetrantes	amor	AR	verbal-subject-transitive	atravesar	amor y tolerancia que atravesó idiomas, colores y religiones	manual	Res Penentrantes.xlsx	AMOR	B2
pen-amor-ar-0023	Res Longae Penetrantes	amor	AR	verbal-subject-transitive	atravesar	l amor te atraviesa de lado a lado cuando llega y no se anda con medias tintas	manual	Res Penentrantes.xlsx	AMOR	B2
pen-amor-ar-0024	Res Longae Penetrantes	amor	AR	verbal-subject-transitive	atravesar	Cuando te atraviesa el amor es así.	manual	Res Penentrantes.xlsx	AMOR	B2
pen-amor-ar-0025	Res Longae Penetrantes	amor	AR	verbal-subject-transitive	atravesar	amor se marchó y atravesó mi cuerpo Como miel en el agua	manual	Res Penentrantes.xlsx	AMOR	B2
pen-amor-ar-0026	Res Longae Penetrantes	amor	AR	verbal-subject-intransitive	penetrar	Es lindo cuando el amor penetra así de ese modo	manual	Res Penentrantes.xlsx	AMOR	C2
pen-amor-ar-0027	Res Longae Penetrantes	amor	AR	verbal-subject-intransitive	penetrar en	gusanito de el' amor libre' penetró en nuestras cabezas muy despacio pero sin vuelta atrás	manual	Res Penentrantes.xlsx	AMOR	C2
pen-amor-ar-0028	Res Longae Penetrantes	amor	AR	verbal-subject-intransitive	penetrar en	el Amor penetró' en los infiernos'; incluso en la oscuridad máxima de la soledad humana	manual	Res Penentrantes.xlsx	AMOR	C2
pen-amor-ar-0029	Res Longae Penetrantes	amor	AR	verbal-subject-intransitive	penetrar en	el amor ha penetrado incluso en el espacio de la muerte	manual	Res Penentrantes.xlsx	AMOR	C2
pen-amor-ar-0030	Res Longae Penetrantes	amor	AR	verbal-objective	clavar	le clavase una flecha de amor	manual	Res Penentrantes.xlsx	AMOR	D2
pen-amor-ar-0031	Res Longae Penetrantes	amor	AR	verbal-instrumental		Esta noche dejémonos penetrar de este amor que se hace tan pequeño y débil	manual	Res Penentrantes.xlsx	AMOR	E2
pen-amor-ar-0032	Res Longae Penetrantes	amor	AR	verbal-instrumental	atravesado por	vida de esas mujeres ", atravesadas y desbordadas por el amor	manual	Res Penentrantes.xlsx	AMOR	E2
pen-amor-ar-0033	Res Longae Penetrantes	amor	AR	verbal-instrumental	atravesado por	n, una mujer atravesada por el amor, la lucha y la tragedi	manual	Res Penentrantes.xlsx	AMOR	E2
pen-amor-ar-0034	Res Longae Penetrantes	amor	AR	verbal-instrumental	atravesado por	4una mujer atravesada por el amor, la lucha y la traged	manual	Res Penentrantes.xlsx	AMOR	E2
pen-amor-ar-0035	Res Longae Penetrantes	amor	AR	verbal-instrumental	atravesado por	Sin poder elegir, atravesada, estaqueada por ese amor que nunca creyó que sentiría,	manual	Res Penentrantes.xlsx	AMOR	E2
pen-amor-ar-0036	Res Longae Penetrantes	amor	AR	verbal-instrumental	atravesado por	La historia personal de Olivia Newton-John estuvo -está- atravesada por un amor que transitó todos los matices	manual	Res Penentrantes.xlsx	AMOR	E2
pen-amor-ar-0037	Res Longae Penetrantes	amor	AR	verbal-instrumental	atravesado por	7el sueño de dirigir una obra atravesada por el amor a el barrio y a el clu	manual	Res Penentrantes.xlsx	AMOR	E2
pen-amor-ar-0038	Res Longae Penetrantes	amor	AR	verbal-instrumental	atravesado por	una generación atravesada por exilios, amores, viajes, divorcios	manual	Res Penentrantes.xlsx	AMOR	E2
pen-amor-ar-0039	Res Longae Penetrantes	amor	AR	verbal-instrumental	atravesar por	ara vencer las propias inseguridades y dejar se atravesar por el amor	manual	Res Penentrantes.xlsx	AMOR	E2
pen-amor-ar-0040	Res Longae Penetrantes	amor	AR	verbal-instrumental	atravesado por	Todas las etapas de la vida de Grace estuvieron atravesadas por el amor a los animales.	manual	Res Penentrantes.xlsx	AMOR	E2
pen-amor-ar-0041	Res Longae Penetrantes	amor	AR	verbal-instrumental	atravesado por	hombre atravesado por el amor	manual	Res Penentrantes.xlsx	AMOR	E2
pen-amor-ar-0042	Res Longae Penetrantes	amor	AR	verbal-instrumental	atravesado por	personajes atravesados por el amor -	manual	Res Penentrantes.xlsx	AMOR	E2
pen-amor-ar-0043	Res Longae Penetrantes	amor	AR	verbal-instrumental	atravesado por	e basa en la sed de venganza y poder, atravesada por el amor.	manual	Res Penentrantes.xlsx	AMOR	E2
pen-amor-ar-0044	Res Longae Penetrantes	amor	AR	verbal-instrumental	atravesado por	Todas las mujeres estamos atravesadas por el amor de la princesita	manual	Res Penentrantes.xlsx	AMOR	E2
pen-amor-ar-0045	Res Longae Penetrantes	amor	AR	verbal-instrumental	atravesado por	dos seres, atravesados por el amor y las piedras de la convivenci	manual	Res Penentrantes.xlsx	AMOR	E2
pen-amor-ar-0046	Res Longae Penetrantes	amor	AR	verbal-instrumental	atravesado por	canciones épicas atravesadas por el amor y la desesperación	manual	Res Penentrantes.xlsx	AMOR	E2
pen-amor-ar-0047	Res Longae Penetrantes	amor	AR	verbal-instrumental	atravesado por	Estoy atravesada por una sensación de amor	manual	Res Penentrantes.xlsx	AMOR	E2
pen-amor-bo-0001	Res Longae Penetrantes	amor	BO	verbal-subject-transitive	atravesar	El verdadero amor es el que atraviesa conflictos	manual	Res Penentrantes.xlsx	AMOR	B3
pen-amor-cl-0001	Res Longae Penetrantes	amor	CL	verbal-subject-transitive	atravesar	el amor que atraviesa todos los estadios de la evolución y enlaza a todos los seres	manual	Res Penentrantes.xlsx	AMOR	B4
pen-amor-cl-0002	Res Longae Penetrantes	amor	CL	verbal-subject-transitive	atravesar	Infidelidad, apariencias y amor – tres ingredientes que atraviesan la historia de el hombr	manual	Res Penentrantes.xlsx	AMOR	B4
pen-amor-cl-0003	Res Longae Penetrantes	amor	CL	verbal-subject-transitive	atravesar	El amor y la muerte atraviesan la obra de Oscar Hahn (	manual	Res Penentrantes.xlsx	AMOR	B4
pen-amor-co-0001	Res Longae Penetrantes	amor	CO	verbal-subject-transitive	atravesar	el amor atraviesa las fronteras	manual	Res Penentrantes.xlsx	AMOR	B5
pen-amor-co-0002	Res Longae Penetrantes	amor	CO	verbal-subject-transitive	atravesar	El amor y el destino atraviesan los más básicos y cotidianos elementos de la vida	manual	Res Penentrantes.xlsx	AMOR	B5
pen-amor-co-0003	Res Longae Penetrantes	amor	CO	verbal-subject-transitive	atravesar	el amor que a todos nos atraviesa	manual	Res Penentrantes.xlsx	AMOR	B5
pen-amor-co-0004	Res Longae Penetrantes	amor	CO	verbal-instrumental	atravesado por	tres personas, atravesadas por el amor y desterradas de la cordura	manual	Res Penentrantes.xlsx	AMOR	E5
pen-amor-cu-0001	Res Longae Penetrantes	amor	CU	verbal-subject-intransitive	penetrar	Solo el amor penetra	manual	Res Penentrantes.xlsx	AMOR	C7
pen-amor-cu-0003	Res Longae Penetrantes	amor	CU	verbal-subject-intransitive	penetrar	El primer amor fue penetrando paulatinamente hasta lo más profundo de su ser	manual	Res Penentrantes.xlsx	AMOR	C7
pen-amor-cu-0004	Res Longae Penetrantes	amor	CU	verbal-subject-intransitive	penetrar	las fuerzas de el amor penetran más allá de el odio.	manual	Res Penentrantes.xlsx	AMOR	C7
pen-amor-es-0001	Res Longae Penetrantes	amor	ES	verbal-subject-transitive	atravesar	el amor te atraviesa el alma	manual	Res Penentrantes.xlsx	AMOR	B10
pen-amor-es-0002	Res Longae Penetrantes	amor	ES	verbal-subject-transitive	atravesar	El amor es capaz de atravesar muros de prejuicio	manual	Res Penentrantes.xlsx	AMOR	B10
pen-amor-es-0003	Res Longae Penetrantes	amor	ES	verbal-subject-transitive	atravesar	Eso era un devoto amor que atravesó la lógica de el tiem	manual	Res Penentrantes.xlsx	AMOR	B10
pen-amor-es-0004	Res Longae Penetrantes	amor	ES	verbal-subject-transitive	atravesar	su amor atraviesa un momento de crisis	manual	Res Penentrantes.xlsx	AMOR	B10
pen-amor-es-0005	Res Longae Penetrantes	amor	ES	verbal-subject-transitive	atravesar	el amor loco atraviesa las páginas de Manon,	manual	Res Penentrantes.xlsx	AMOR	B10
pen-amor-es-0006	Res Longae Penetrantes	amor	ES	verbal-subject-intransitive	penetrar	Un amor que penetra por cada poro de la piel.	manual	Res Penentrantes.xlsx	AMOR	C10
pen-amor-es-0007	Res Longae Penetrantes	amor	ES	verbal-subject-intransitive	penetrar en	el mismo amor de Dios ha penetrado en las raíces de la tierra para transformar la vida de los hombres	manual	Res Penentrantes.xlsx	AMOR	C10
pen-amor-es-0008	Res Longae Penetrantes	amor	ES	verbal-subject-intransitive	penetrar en	dejar que el amor de Dios penetre en el corazón.	manual	Res Penentrantes.xlsx	AMOR	C10
pen-amor-es-0009	Res Longae Penetrantes	amor	ES	verbal-objective	clavar	e clavar le flechas de amor	manual	Res Penentrantes.xlsx	AMOR	D10
pen-amor-es-0010	Res Longae Penetrantes	amor	ES	verbal-instrumental		) habla de el amor como una espina pasional clavada a el corazón	manual	Res Penentrantes.xlsx	AMOR	E10
pen-amor-gt-0001	Res Longae Penetrantes	amor	GT	verbal-subject-transitive	atravesar	El amor por los tamales atraviesa los barrios	manual	Res Penentrantes.xlsx	AMOR	B11
pen-amor-gt-0002	Res Longae Penetrantes	amor	GT	verbal-subject-intransitive	penetrar en	, si el amor a el orden penetra en su corazón,	manual	Res Penentrantes.xlsx	AMOR	C11
pen-amor-hn-0001	Res Longae Penetrantes	amor	HN	verbal-subject-intransitive	penetrar en	1Un amor que penetra en cada poro de él mismo	manual	Res Penentrantes.xlsx	AMOR	C12
pen-amor-mx-0001	Res Longae Penetrantes	amor	MX	verbal-subject-transitive	atravesar	el amor atravesó su dardo y me casé	manual	Res Penentrantes.xlsx	AMOR	B13
pen-amor-mx-0002	Res Longae Penetrantes	amor	MX	verbal-subject-transitive	atravesar	amor y relación atraviesa los siglos, vence distancias,	manual	Res Penentrantes.xlsx	AMOR	B13
pen-amor-mx-0003	Res Longae Penetrantes	amor	MX	verbal-subject-transitive	atravesar	El amor atraviesa todas las esferas de vida	manual	Res Penentrantes.xlsx	AMOR	B13
pen-amor-mx-0004	Res Longae Penetrantes	amor	MX	verbal-subject-intransitive	penetrar en	Un amor que penetra en cada poro de él mismo	manual	Res Penentrantes.xlsx	AMOR	C13
pen-amor-mx-0005	Res Longae Penetrantes	amor	MX	verbal-subject-intransitive	penetrar en	el amor reconciliador de Cristo penetre cada vez más profundamente en el tejido de la sociedad filipina	manual	Res Penentrantes.xlsx	AMOR	C13
pen-amor-pe-0001	Res Longae Penetrantes	amor	PE	verbal-subject-transitive	atravesar	El amor y el destino atraviesan los más básicos y cotidianos elementos de la vid	manual	Res Penentrantes.xlsx	AMOR	B16
pen-amor-py-0001	Res Longae Penetrantes	amor	PY	verbal-subject-transitive	atravesar	eligen que el amor les atraviese igualmente pero desde otro lugar:	manual	Res Penentrantes.xlsx	AMOR	B18
pen-amor-py-0002	Res Longae Penetrantes	amor	PY	verbal-subject-transitive	atravesar	El amor de su mamá atraviesa su cuerpo como las gotas de lluvia	manual	Res Penentrantes.xlsx	AMOR	B18
pen-amor-us-0001	Res Longae Penetrantes	amor	US	verbal-subject-transitive	penetrar	La energía de Jennifer, su pasión y amor penetraban a la comunidad y alcanzaban a todo el país	manual	Res Penentrantes.xlsx	AMOR	B22
pen-amor-us-0002	Res Longae Penetrantes	amor	US	verbal-subject-transitive	atravesar	l amor, aquel que la atravesó como ningún otro	manual	Res Penentrantes.xlsx	AMOR	B22
pen-amor-us-0003	Res Longae Penetrantes	amor	US	verbal-subject-intransitive	penetrar	un amor que penetra más profundo que cualquier banda de boda	manual	Res Penentrantes.xlsx	AMOR	C22
pen-amor-ve-0001	Res Longae Penetrantes	amor	VE	verbal-subject-transitive	atravesar	El amor es profundo y te atraviesa.	manual	Res Penentrantes.xlsx	AMOR	B21
pen-amor-ve-0002	Res Longae Penetrantes	amor	VE	verbal-subject-transitive	atravesar	Ese amor que te atraviesa, que te quita el	manual	Res Penentrantes.xlsx	AMOR	B21
pen-amor-ve-0003	Res Longae Penetrantes	amor	VE	verbal-subject-transitive	atravesar	el amor atraviesa las fases de deseo, atracción y cariño.	manual	Res Penentrantes.xlsx	AMOR	B21
pen-amor-ve-0004	Res Longae Penetrantes	amor	VE	verbal-subject-transitive	atravesar	un amor que atraviesa dificultades importantes	manual	Res Penentrantes.xlsx	AMOR	B21
pen-amor-ve-0005	Res Longae Penetrantes	amor	VE	verbal-subject-transitive	atravesar	El amor es la emoción que atraviesa todas las acciones, es el que todo lo permit	manual	Res Penentrantes.xlsx	AMOR	B21
pen-amor-ve-0006	Res Longae Penetrantes	amor	VE	verbal-subject-intransitive	penetrar	el amor también puede penetrar por los dedos	manual	Res Penentrantes.xlsx	AMOR	C21
pen-amor-ve-0007	Res Longae Penetrantes	amor	VE	verbal-instrumental	clavado en	es este amor trágico que llevamos clavado en el pech	manual	Res Penentrantes.xlsx	AMOR	E21
pla-amor-co-0001	Res Planae	amor	CO	attributive	llano	el jugador amateur que juega por amor llano y puro	manual	Res Planae.xlsx	AMOR	B5
pla-amor-us-0001	Res Planae	amor	US	attributive	llano	na historia de amor llana	manual	Res Planae.xlsx	AMOR	B22
pla-amor-us-0002	Res Planae	amor	US	verbal-objective	nivelar	nivelar su falta de amor propio	manual	Res Planae.xlsx	AMOR	D22
pla-amor-ve-0001	Res Planae	amor	VE	attributive	llano	tus flores/ si bien se que tus mujeres/ son las rosas y claveles/ de el llano de mis amores "	manual	Res Planae.xlsx	AMOR	B21
rot-amor-ar-0001	Res Rotundae	amor	AR	verbal-instrumental	envuelto en	personajes envueltos en amores y furias en el encierro para no decae	manual	Res Rotundae.xlsx	AMOR	C2
rot-amor-ar-0002	Res Rotundae	amor	AR	verbal-instrumental	envuelto en	trate de bambis envueltos en amores contrariados,	manual	Res Rotundae.xlsx	AMOR	C2
rot-amor-ar-0003	Res Rotundae	amor	AR	verbal-instrumental		Dios lo envuelve con su amor por los cuatro costados	manual	Res Rotundae.xlsx	AMOR	C2
rot-amor-ar-0004	Res Rotundae	amor	AR	verbal-instrumental	envuelto en	u Mujer, usted y su familia, envueltos en amor y cariño	manual	Res Rotundae.xlsx	AMOR	C2
rot-amor-ar-0005	Res Rotundae	amor	AR	attributive	redondo	Departamento de Fútbol Infantil, un amor redondo	manual	Res Rotundae.xlsx	AMOR	D2
rot-amor-ar-0006	Res Rotundae	amor	AR	verbal-subject-intransitive	envolver	el Amor que la envuelve y la sostiene	manual	Res Rotundae.xlsx	AMOR	F2
rot-amor-ar-0007	Res Rotundae	amor	AR	verbal-subject-intransitive	envolver	El amor colectivo envuelve por estos días a Camila Pedrocco	manual	Res Rotundae.xlsx	AMOR	F2
rot-amor-ar-0008	Res Rotundae	amor	AR	verbal-subject-intransitive	girar en torno a	La historia de amor girará en torno a Ringo	manual	Res Rotundae.xlsx	AMOR	F2
rot-amor-ar-0009	Res Rotundae	amor	AR	verbal-subject-intransitive	girar en torno a	En los adolescentes el amor gira en torno a la búsqueda de pares en donde la cuestión identificatoria con el semejante	manual	Res Rotundae.xlsx	AMOR	F2
rot-amor-ar-0010	Res Rotundae	amor	AR	substantive	bola de	lo importante es la bola de amor que se generará ah	manual	Res Rotundae.xlsx	AMOR	G2
rot-amor-bo-0001	Res Rotundae	amor	BO	verbal-subject-intransitive	girar alrededor de	la historia de amor gira alrededor de Niki y Alex	manual	Res Rotundae.xlsx	AMOR	F3
rot-amor-cl-0001	Res Rotundae	amor	CL	verbal-subject-intransitive	girar en torno a	" una historia de amor " que giraba en torno a el romance entre Bo y Wood	manual	Res Rotundae.xlsx	AMOR	F4
rot-amor-co-0001	Res Rotundae	amor	CO	verbal-subject-intransitive	envolver	El país entero debe envolver los en amor, extender les la man	manual	Res Rotundae.xlsx	AMOR	F5
rot-amor-co-0002	Res Rotundae	amor	CO	substantive		a rueda de el amor que gira halada por una muñeca transportando agua que sale por el hueco de un palo	manual	Res Rotundae.xlsx	AMOR	G5
rot-amor-cu-0001	Res Rotundae	amor	CU	substantive	bola de	:fuimos una hermosa bola de cojones y amor	manual	Res Rotundae.xlsx	AMOR	G7
rot-amor-es-0001	Res Rotundae	amor	ES	verbal-instrumental	envolver en	y envuelve en amor la presencia que te habita y	manual	Res Rotundae.xlsx	AMOR	C10
rot-amor-es-0002	Res Rotundae	amor	ES	verbal-subject-intransitive	girar alrededor de	melancolía, la apatía, el odio, la tristeza o el amor giraron siempre alrededor de este género	manual	Res Rotundae.xlsx	AMOR	F10
rot-amor-mx-0001	Res Rotundae	amor	MX	verbal-instrumental	envuelto en	a tragedia envuelta en amor	manual	Res Rotundae.xlsx	AMOR	C13
rot-amor-mx-0002	Res Rotundae	amor	MX	verbal-instrumental	envuelto en	una vez consumada la tragedia envuelta en amor	manual	Res Rotundae.xlsx	AMOR	C13
rot-amor-mx-0003	Res Rotundae	amor	MX	verbal-instrumental	envuelto de	yo me sentía envuelta de amor ",	manual	Res Rotundae.xlsx	AMOR	C13
rot-amor-mx-0004	Res Rotundae	amor	MX	verbal-instrumental	envuelto en	recuerdos envueltos en el amor	manual	Res Rotundae.xlsx	AMOR	C13
rot-amor-mx-0005	Res Rotundae	amor	MX	verbal-subject-intransitive	envolver	ese amor que te envuelva sea puro y sincero	manual	Res Rotundae.xlsx	AMOR	F13
rot-amor-mx-0006	Res Rotundae	amor	MX	verbal-subject-intransitive	envolver	el amor lo envolvía y respiraba el mismo aire.	manual	Res Rotundae.xlsx	AMOR	F13
rot-amor-mx-0007	Res Rotundae	amor	MX	verbal-subject-intransitive	envolver	r el amor que envolvía toda la habitación,	manual	Res Rotundae.xlsx	AMOR	F13
rot-amor-mx-0008	Res Rotundae	amor	MX	verbal-subject-intransitive	envolver	Va despeinada y llorando un amor que la envuelve y sobrecoge	manual	Res Rotundae.xlsx	AMOR	F13
rot-amor-mx-0009	Res Rotundae	amor	MX	verbal-subject-intransitive	envolver	El amor lo envolvía todo.	manual	Res Rotundae.xlsx	AMOR	F13
rot-amor-mx-0010	Res Rotundae	amor	MX	verbal-subject-intransitive	girar	el amor gira en torno " a la mistificación de la mujer,	manual	Res Rotundae.xlsx	AMOR	F13
rot-amor-mx-0011	Res Rotundae	amor	MX	verbal-subject-intransitive	girar alrededor de	una historia de amor gay que gira alrededor de la pandemia de sida que se desató en Estados Unidos	manual	Res Rotundae.xlsx	AMOR	F13
rot-amor-pa-0001	Res Rotundae	amor	PA	verbal-instrumental	envuelto en	estaba acobijado de bendiciones, envuelto en amor.	manual	Res Rotundae.xlsx	AMOR	C15
rot-amor-pe-0001	Res Rotundae	amor	PE	verbal-instrumental	envuelto en	a el principio aparece frívola, envuelta en un amor pasional por Marcello	manual	Res Rotundae.xlsx	AMOR	C16
rot-amor-pe-0002	Res Rotundae	amor	PE	verbal-instrumental	envuelto en	Envuelta en amor y felicidad	manual	Res Rotundae.xlsx	AMOR	C16
rot-amor-pe-0003	Res Rotundae	amor	PE	substantive	bola de	señora cejas " es una pequeña y burbujeante bola de amor.	manual	Res Rotundae.xlsx	AMOR	G16
rot-amor-pr-0001	Res Rotundae	amor	PR	verbal-subject-intransitive	envolver	1r el amor que envolvía toda la habitación, el cariño mutuo	manual	Res Rotundae.xlsx	AMOR	F17
rot-amor-us-0001	Res Rotundae	amor	US	verbal-instrumental	envuelto en	os sentimos tristes y envueltos en un amor enfermizo	manual	Res Rotundae.xlsx	AMOR	C22
rot-amor-us-0002	Res Rotundae	amor	US	attributive	redondo	Orígenes de un amor redondo # " Me gustó siempre el fútbol	manual	Res Rotundae.xlsx	AMOR	D22
rot-amor-us-0003	Res Rotundae	amor	US	verbal-subject-intransitive	envolver	El amor te envuelve con un tono feliz.	manual	Res Rotundae.xlsx	AMOR	F22
rot-amor-us-0004	Res Rotundae	amor	US	verbal-subject-intransitive	envolver	l amor te envuelve con un tono seductor e inspirador	manual	Res Rotundae.xlsx	AMOR	F22
rot-amor-us-0005	Res Rotundae	amor	US	verbal-subject-intransitive	envolver	El amor te envuelve con un halo de frescura y alegría	manual	Res Rotundae.xlsx	AMOR	F22
rot-amor-us-0006	Res Rotundae	amor	US	verbal-subject-intransitive	envolver	y el amor te envuelve con un tono tierno y sensible	manual	Res Rotundae.xlsx	AMOR	F22
rot-amor-us-0007	Res Rotundae	amor	US	verbal-subject-intransitive	envolver	El amor te envuelve con un tono intenso y apasionado a	manual	Res Rotundae.xlsx	AMOR	F22
rot-amor-us-0008	Res Rotundae	amor	US	verbal-subject-intransitive	envolver	te envuelve el amor, y no te has dado cuenta #	manual	Res Rotundae.xlsx	AMOR	F22
rot-amor-us-0009	Res Rotundae	amor	US	verbal-subject-intransitive	envolver	El amor te envuelve, pero será necesario poner de tu parte	manual	Res Rotundae.xlsx	AMOR	F22
rot-amor-us-0010	Res Rotundae	amor	US	verbal-subject-intransitive	envolver	e. El amor te envuelve, no lo dejes escapar de tu vida	manual	Res Rotundae.xlsx	AMOR	F22
rot-amor-us-0011	Res Rotundae	amor	US	verbal-subject-intransitive	envolver	El amor te envuelve con un tono sensual.	manual	Res Rotundae.xlsx	AMOR	F22
rot-amor-us-0012	Res Rotundae	amor	US	verbal-subject-intransitive	envolver	el amor te envuelve con calidez y ternura, libran	manual	Res Rotundae.xlsx	AMOR	F22
rot-amor-us-0013	Res Rotundae	amor	US	verbal-subject-intransitive	envolver	el amor te envuelve con un manto de alegría y dicha.	manual	Res Rotundae.xlsx	AMOR	F22
rot-amor-us-0014	Res Rotundae	amor	US	verbal-subject-intransitive	envolver	El amor te envuelve un tono que te impulsa a dar el primer paso	manual	Res Rotundae.xlsx	AMOR	F22
rot-amor-us-0015	Res Rotundae	amor	US	verbal-subject-intransitive	envolver	el amor te está envolviendo con un tono enigmático	manual	Res Rotundae.xlsx	AMOR	F22
rot-amor-us-0016	Res Rotundae	amor	US	verbal-subject-intransitive	envolver	El amor te envuelve un tono que te impulsa a dar el primer paso y l	manual	Res Rotundae.xlsx	AMOR	F22
rot-amor-us-0017	Res Rotundae	amor	US	verbal-subject-intransitive	envolver	l amor te envuelve con un tono feliz	manual	Res Rotundae.xlsx	AMOR	F22
rot-amor-us-0018	Res Rotundae	amor	US	verbal-subject-intransitive	envolver	El amor te envuelve con un halo de frescura y alegría en	manual	Res Rotundae.xlsx	AMOR	F22
rot-amor-us-0019	Res Rotundae	amor	US	verbal-subject-intransitive	girar	El amor gira en tu entorno con características insólitas	manual	Res Rotundae.xlsx	AMOR	F22
rot-amor-us-0020	Res Rotundae	amor	US	verbal-subject-intransitive	girar	Aunque te parezca que el amor está girando en otra esfera	manual	Res Rotundae.xlsx	AMOR	F22
rot-amor-us-0021	Res Rotundae	amor	US	substantive	bola de	La química que traspasó pantallas comenzó una bola de amor que poco se pudo parar	manual	Res Rotundae.xlsx	AMOR	G22
rot-amor-uy-0001	Res Rotundae	amor	UY	verbal-subject-intransitive	envolver	El amor lo envolvía todo. Esperábamos que nos fuese fiel y lo fue	manual	Res Rotundae.xlsx	AMOR	F20
rot-amor-ve-0001	Res Rotundae	amor	VE	verbal-subject-intransitive	envolver	Un amor traicionero envolvió a el ingeniero de Pdvsa Elías López	manual	Res Rotundae.xlsx	AMOR	F21
rot-amor-ve-0002	Res Rotundae	amor	VE	verbal-subject-intransitive	girar	El amor sigue girando.	manual	Res Rotundae.xlsx	AMOR	F21
rot-amor-ve-0003	Res Rotundae	amor	VE	verbal-subject-intransitive	girar alrededor de	El amor, siempre gira alrededor de un símbolo, la poesía	manual	Res Rotundae.xlsx	AMOR	F21
rot-amor-ve-0004	Res Rotundae	amor	VE	verbal-subject-intransitive	girar en torno a	historias de amor entrelazadas que giran en torno a un contexto histórico,	manual	Res Rotundae.xlsx	AMOR	F21
rot-amor-ve-0005	Res Rotundae	amor	VE	substantive	bola de	la importancia de Dios en su vida, refirió que " es una madre bola de amor " que ha sido determinante en sus decisiones	manual	Res Rotundae.xlsx	AMOR	G21
