id	cryptoclass	emonym	country	construction_type	classifier_lemma	citation_es	source	source_file	source_sheet	source_locator	frequency	freq_role
acu-alegría-ar-0001	Res Acutae	alegría	AR	verbal-instrumental		os meses que estamos saliendo de esta seca ", apunta, con alegría, su sobrino,	manual	Res Acutae.xlsx	ALEGRÍA	E2	1	example
acu-alegría-cl-0001	Res Acutae	alegría	CL	verbal-instrumental		apuntó con alegría,	manual	Res Acutae.xlsx	ALEGRÍA	E4	1	example
acu-alegría-cl-0002	Res Acutae	alegría	CL	substantive	punta de	El hombre que a punta de alegría, domó a el pollito pío y a el chanchito con lentes.	manual	Res Acutae.xlsx	ALEGRÍA	H4	1	example
acu-alegría-co-0001	Res Acutae	alegría	CO	verbal-subject-transitive		El' bichito' de la alegría picaba cada vez a más personas,	manual	Res Acutae.xlsx	ALEGRÍA	B5	1	example
acu-alegría-co-0002	Res Acutae	alegría	CO	substantive	punta de	Rigo se ganó a el país a punta de su alegría	manual	Res Acutae.xlsx	ALEGRÍA	H5	1	example
acu-alegría-cr-0001	Res Acutae	alegría	CR	substantive	filo de	Esta entrega promete mantener a los fiebres a el filo de la alegría y la tensión en cada uno de los programas.	manual	Res Acutae.xlsx	ALEGRÍA	H6	1	example
acu-alegría-es-0001	Res Acutae	alegría	ES	verbal-instrumental		apuntó con alegría el niño de 8 años	manual	Res Acutae.xlsx	ALEGRÍA	E10	1	example
acu-alegría-es-0002	Res Acutae	alegría	ES	attributive	puntiagudo	En este trayecto la emoción Alegría adopta una forma puntiaguda mientras que Tristeza se torna a una forma más redonda.	manual	Res Acutae.xlsx	ALEGRÍA	F10	1	example
acu-alegría-mx-0001	Res Acutae	alegría	MX	verbal-subject-transitive	punzar	la tierra es lugar de alegría penosa, de alegría que punza.	manual	Res Acutae.xlsx	ALEGRÍA	B13	1	example
acu-alegría-mx-0002	Res Acutae	alegría	MX	attributive	agudo	incluso la alegría más aguda y la fraternidad más firme es incapaz de detener la mano de el suicida	manual	Res Acutae.xlsx	ALEGRÍA	F13	1	example
acu-alegría-ni-0001	Res Acutae	alegría	NI	verbal-instrumental		" Si me fui tenía que regresar ", apunta con alegría,	manual	Res Acutae.xlsx	ALEGRÍA	E14	1	example
con-alegría-ar-0001	Res Continens	alegría	AR	verbal-objective	tapar	El resultado puede justificar cualquier nivel, no tapa la alegría de la gente, no tapa la importante diferencia	manual	RES CONTINENS.xlsx	alegría	B2	1	example
con-alegría-ar-0002	Res Continens	alegría	AR	verbal-locative-state	estar en	tienes miedo a nada y tu corazón está en la alegría	manual	RES CONTINENS.xlsx	alegría	C2	1	example
con-alegría-ar-0003	Res Continens	alegría	AR	verbal-locative-state	estar en	En las primeras dos parábolas el acento está en la alegría tan incontenible que se debe compartir con " amigos y vecino	manual	RES CONTINENS.xlsx	alegría	C2	1	example
con-alegría-ar-0004	Res Continens	alegría	AR	verbal-locative-state	dentro de	Dentro de la alegría por la conclusión de una obra que demandó mucho trabajo, Infante reflejó su dolor	manual	RES CONTINENS.xlsx	alegría	C2	1	example
con-alegría-ar-0005	Res Continens	alegría	AR	verbal-locative-state	dentro de	dentro de la alegría de una vida comunitaria y creciendo incesantemente en el amor de Dios	manual	RES CONTINENS.xlsx	alegría	C2	1	example
con-alegría-ar-0006	Res Continens	alegría	AR	attributive	lleno de	un poquito de esa pasión por la alegría llena de significados entre metafísicos y sensoriales	manual	RES CONTINENS.xlsx	alegría	E2	1	example
con-alegría-ar-0007	Res Continens	alegría	AR	attributive	lleno de	La alegría carioca llena de música	manual	RES CONTINENS.xlsx	alegría	E2	1	example
con-alegría-ar-0008	Res Continens	alegría	AR	attributive	lleno de	una alegría, llena de bronca a muchos	manual	RES CONTINENS.xlsx	alegría	E2	1	example
con-alegría-ar-0009	Res Continens	alegría	AR	attributive	lleno de	una inmensa alegría pero llena de incertidumbre	manual	RES CONTINENS.xlsx	alegría	E2	1	example
con-alegría-bo-0002	Res Continens	alegría	BO	verbal-locative-state	estar en	la compensación estaba en la alegría	manual	RES CONTINENS.xlsx	alegría	C3	1	example
con-alegría-cl-0001	Res Continens	alegría	CL	verbal-locative-state	vivir en	la fiesta de Cristo resucitado, en donde nos comprometemos a vivir en la alegría y la paz.	manual	RES CONTINENS.xlsx	alegría	C4	1	example
con-alegría-cl-0002	Res Continens	alegría	CL	verbal-locative-state	dentro de	dentro de la alegría, hubo un nombre que todos recordaron	manual	RES CONTINENS.xlsx	alegría	C4	1	example
con-alegría-cl-0003	Res Continens	alegría	CL	attributive	lleno de	una alegría infinita y llena de sueños.	manual	RES CONTINENS.xlsx	alegría	E4	1	example
con-alegría-co-0001	Res Continens	alegría	CO	verbal-objective	destapar	una noticia inesperada que destapó la alegría entre unos aficionados'	manual	RES CONTINENS.xlsx	alegría	B5	1	example
con-alegría-co-0002	Res Continens	alegría	CO	verbal-locative-state	estar en	Puedes estar en la alegría, en la tristeza, en todo eso, y haces canciones de energía	manual	RES CONTINENS.xlsx	alegría	C5	1	example
con-alegría-co-0003	Res Continens	alegría	CO	verbal-locative-state	dentro de	mágico, lo salvaje y lo crudo dentro de la alegría y gozadera de la gente	manual	RES CONTINENS.xlsx	alegría	C5	1	example
con-alegría-co-0004	Res Continens	alegría	CO	attributive	lleno de	es una alegría total y llena de colores	manual	RES CONTINENS.xlsx	alegría	E5	1	example
con-alegría-cu-0001	Res Continens	alegría	CU	verbal-locative-state	estar en	La mayor satisfacción está en la alegría de los huéspedes cuando se marchan	manual	RES CONTINENS.xlsx	alegría	C7	1	example
con-alegría-cu-0002	Res Continens	alegría	CU	verbal-locative-state	dentro de	un humorismo sano, sin fórmulas, dentro de la alegría y el optimismo de la vida.	manual	RES CONTINENS.xlsx	alegría	C7	1	example
con-alegría-do-0001	Res Continens	alegría	DO	verbal-locative-state	estar en	estado de consciencia que nos llevará a vivir en la alegría y que luego se trasforma en felicidad.	manual	RES CONTINENS.xlsx	alegría	C8	1	example
con-alegría-ec-0001	Res Continens	alegría	EC	verbal-objective	destapar	Con el pitazo final se destapó la alegría de los maestros y estudiantes	manual	RES CONTINENS.xlsx	alegría	B9	1	example
con-alegría-ec-0002	Res Continens	alegría	EC	verbal-locative-state	dentro de	Todo está " bien visto " dentro de la alegría que trae cada 6 de enero,	manual	RES CONTINENS.xlsx	alegría	C9	1	example
con-alegría-es-0001	Res Continens	alegría	ES	verbal-objective	destapar	Los festeros de las 24 comparsas de la ciudad destaparon la alegría por los nuevos festejo	manual	RES CONTINENS.xlsx	alegría	B10	1	example
con-alegría-es-0002	Res Continens	alegría	ES	verbal-objective	destapar	felices (Anagrama lo publicará en septiembre), donde destapa las alegrías y miserias cotidianas de 18 personajes	manual	RES CONTINENS.xlsx	alegría	B10	1	example
con-alegría-es-0003	Res Continens	alegría	ES	verbal-locative-state	vivir en	Rezar a Dios para que haya justicia, para que todos puedan vivir en la alegría de ser sus hijos	manual	RES CONTINENS.xlsx	alegría	C10	1	example
con-alegría-es-0004	Res Continens	alegría	ES	verbal-locative-state	vivir en	Jesús nos invitó a " salir " hacia la LUZ, a vivir en la alegría	manual	RES CONTINENS.xlsx	alegría	C10	1	example
con-alegría-es-0005	Res Continens	alegría	ES	verbal-locative-state	vivir en	Vivimos en la alegría los momentos de gracia y de luz	manual	RES CONTINENS.xlsx	alegría	C10	1	example
con-alegría-es-0006	Res Continens	alegría	ES	verbal-locative-state	encontrarse en	Un hombre que ha sabido encontrar en la alegría « la mejor palanca para la renovación de la Iglesia	manual	RES CONTINENS.xlsx	alegría	C10	1	example
con-alegría-es-0007	Res Continens	alegría	ES	verbal-locative-state	encontrarse en	tantos boquetes en cada nuevo atajo que encuentro en la alegría colectiva un preludio de el sálvese-quien-pued	manual	RES CONTINENS.xlsx	alegría	C10	1	example
con-alegría-es-0008	Res Continens	alegría	ES	verbal-locative-state	dentro de	Aunque dentro de la alegría y ambiente de poca exigencia, vivimos momentos de buen toreo	manual	RES CONTINENS.xlsx	alegría	C10	1	example
con-alegría-es-0009	Res Continens	alegría	ES	verbal-locative-state	dentro de	dentro de la alegría de esta noche ", la entrada de Vox es " la única mala	manual	RES CONTINENS.xlsx	alegría	C10	1	example
con-alegría-es-0010	Res Continens	alegría	ES	verbal-locative-state	dentro de	" Había jugadores que dentro de la alegría de haber ganado estaban con un grado de disgusto por no haber dominado	manual	RES CONTINENS.xlsx	alegría	C10	1	example
con-alegría-es-0011	Res Continens	alegría	ES	verbal-locative-state	dentro de	Carvajal estaba muy afectado, dentro de la alegría que tenía	manual	RES CONTINENS.xlsx	alegría	C10	1	example
con-alegría-es-0012	Res Continens	alegría	ES	attributive	lleno de	Y lo voy a hacer, y sé que les daré una alegría llena de sentimiento,	manual	RES CONTINENS.xlsx	alegría	E10	1	example
con-alegría-es-0013	Res Continens	alegría	ES	attributive	lleno de	Nos trae una alegría nueva, llena de significado, una nueva capacidad de franquear,	manual	RES CONTINENS.xlsx	alegría	E10	1	example
con-alegría-es-0014	Res Continens	alegría	ES	attributive	lleno de	una alegría muy viva llena de fuerza	manual	RES CONTINENS.xlsx	alegría	E10	1	example
con-alegría-es-0015	Res Continens	alegría	ES	attributive	lleno de	una alegría llena de modestia	manual	RES CONTINENS.xlsx	alegría	E10	1	example
con-alegría-mx-0001	Res Continens	alegría	MX	verbal-locative-state	vivir en	aprendamos a vivir en la alegría que el espíritu navideño contagia de manera permanente,	manual	RES CONTINENS.xlsx	alegría	C13	1	example
con-alegría-mx-0002	Res Continens	alegría	MX	verbal-locative-state	vivir en	vivir en la alegría de la resurrección	manual	RES CONTINENS.xlsx	alegría	C13	1	example
con-alegría-mx-0003	Res Continens	alegría	MX	verbal-locative-state	vivir en	uestro compromiso de vivir en la alegría	manual	RES CONTINENS.xlsx	alegría	C13	1	example
con-alegría-mx-0004	Res Continens	alegría	MX	verbal-locative-state	vivir en	Un cristiano vive en la alegría	manual	RES CONTINENS.xlsx	alegría	C13	1	example
con-alegría-mx-0005	Res Continens	alegría	MX	verbal-locative-state	vivir en	un pueblo vigoroso, joven, que vive en la alegría y el entusiasmo de sus costumbres y tradiciones.	manual	RES CONTINENS.xlsx	alegría	C13	1	example
con-alegría-mx-0006	Res Continens	alegría	MX	verbal-locative-state	encontrarse en	encuentro en la alegría colectiva un preludio de el sálvese-quien-pueda	manual	RES CONTINENS.xlsx	alegría	C13	1	example
con-alegría-mx-0007	Res Continens	alegría	MX	verbal-locative-state	estar en	la fuerza de la vida está en la alegría,	manual	RES CONTINENS.xlsx	alegría	C13	1	example
con-alegría-mx-0008	Res Continens	alegría	MX	verbal-locative-state	estar en	Él mismo estará en la alegría con su pueblo.	manual	RES CONTINENS.xlsx	alegría	C13	1	example
con-alegría-mx-0009	Res Continens	alegría	MX	verbal-locative-state	dentro de	Las insinuaciones sexuales se presentan dentro de la alegría y	manual	RES CONTINENS.xlsx	alegría	C13	1	example
con-alegría-mx-0010	Res Continens	alegría	MX	attributive	lleno de	Una alegría llena de historia, de buenos recuerdos y también de enseñanzas	manual	RES CONTINENS.xlsx	alegría	E13	1	example
con-alegría-mx-0011	Res Continens	alegría	MX	attributive	lleno de	Con alegría llena de esperanza	manual	RES CONTINENS.xlsx	alegría	E13	1	example
con-alegría-mx-0012	Res Continens	alegría	MX	attributive	lleno de	una enorme alegría vital, llena de humor,	manual	RES CONTINENS.xlsx	alegría	E13	1	example
con-alegría-ni-0001	Res Continens	alegría	NI	verbal-locative-state	vivir en	Hugo Chávez Frías, Comandante Eterno, vive en la Alegría de ls Niñs	manual	RES CONTINENS.xlsx	alegría	C14	1	example
con-alegría-ni-0002	Res Continens	alegría	NI	verbal-locative-state	dentro de	Dentro de la alegría de vivir en paz, el gobierno promueve a través de estas actividades	manual	RES CONTINENS.xlsx	alegría	C14	1	example
con-alegría-ni-0003	Res Continens	alegría	NI	attributive	lleno de	disfrutar de esta alegría llena de mucho colorido y ambiente navideño	manual	RES CONTINENS.xlsx	alegría	E14	1	example
con-alegría-pa-0001	Res Continens	alegría	PA	verbal-locative-state	dentro de	dentro de la alegría y el bullicio podamos hacer un tiempo para reflexionar a el respect	manual	RES CONTINENS.xlsx	alegría	C15	1	example
con-alegría-pe-0001	Res Continens	alegría	PE	verbal-objective	destapar	no lograron romper las tablas, y tampoco destapar las alegrías en el estadio conocido como' La Feliz	manual	RES CONTINENS.xlsx	alegría	B16	1	example
con-alegría-pe-0002	Res Continens	alegría	PE	verbal-locative-state	vivir en	omo dice el Papa, " ciertamente viviremos en la alegría	manual	RES CONTINENS.xlsx	alegría	C16	1	example
con-alegría-pe-0003	Res Continens	alegría	PE	verbal-locative-state	dentro de	Dentro de la alegría de la recuperación, la luz también deja cicatrice	manual	RES CONTINENS.xlsx	alegría	C16	1	example
con-alegría-pe-0004	Res Continens	alegría	PE	verbal-locative-state	dentro de	dentro de la alegría de nuestro spot hay una propuesta seria	manual	RES CONTINENS.xlsx	alegría	C16	1	example
con-alegría-pr-0001	Res Continens	alegría	PR	verbal-locative-state	estar en	la importancia de la Navidad está en la alegría de su gente.	manual	RES CONTINENS.xlsx	alegría	C17	1	example
con-alegría-py-0001	Res Continens	alegría	PY	verbal-locative-state	dentro de	celebrar, dentro de la alegría Pascual, la Ascensión de Jesús a el cielo	manual	RES CONTINENS.xlsx	alegría	C18	1	example
con-alegría-us-0002	Res Continens	alegría	US	verbal-locative-state	vivir en	Vives en la alegría y has eliminado de tu vida el juicio	manual	RES CONTINENS.xlsx	alegría	C22	1	example
con-alegría-us-0003	Res Continens	alegría	US	verbal-locative-state	vivir en	abrazaremos la vida que no conoce ocaso. Y viviremos en la alegría.	manual	RES CONTINENS.xlsx	alegría	C22	1	example
con-alegría-us-0004	Res Continens	alegría	US	verbal-locative-state	vivir en	valiente apóstol de tu misericordia, que viva en la alegría	manual	RES CONTINENS.xlsx	alegría	C22	1	example
con-alegría-us-0005	Res Continens	alegría	US	verbal-locative-state	estar en	Cuando estoy en la alegría de una fiesta social me imagino estar revestido de ornamentos de obispo,	manual	RES CONTINENS.xlsx	alegría	C22	1	example
con-alegría-ve-0001	Res Continens	alegría	VE	verbal-objective	destapar	alón se coleó a el fondo de la red para destapar la alegría entre el público	manual	RES CONTINENS.xlsx	alegría	B21	1	example
con-alegría-ve-0002	Res Continens	alegría	VE	verbal-locative-state	vivir en	Es una forma de vivir en la alegría de el Evangelio	manual	RES CONTINENS.xlsx	alegría	C21	1	example
con-alegría-ve-0003	Res Continens	alegría	VE	verbal-locative-state	vivir en	vivir en la alegría y gozo perpetuo y la cooperación	manual	RES CONTINENS.xlsx	alegría	C21	1	example
con-alegría-ve-0004	Res Continens	alegría	VE	verbal-locative-state	vivir en	vives en la alegría y no el miedo	manual	RES CONTINENS.xlsx	alegría	C21	1	example
con-alegría-ve-0005	Res Continens	alegría	VE	verbal-locative-state	estar en	tu corazón está en la alegría	manual	RES CONTINENS.xlsx	alegría	C21	1	example
con-alegría-ve-0006	Res Continens	alegría	VE	verbal-locative-into	caer en	ependencia Tecnológica " para no caer en la alegría de tísico Технологическая зависимость, чтобы не поддаться радости чахоточного	manual	RES CONTINENS.xlsx	alegría	D21	1	example
con-alegría-ve-0007	Res Continens	alegría	VE	attributive	lleno de	la alegría venezolana, llena de rabia, se convertirá en una fuerza material	manual	RES CONTINENS.xlsx	alegría	E21	1	example
con-alegría-ve-0008	Res Continens	alegría	VE	attributive	lleno de	alegría, llena de juegos y sorpresas,	manual	RES CONTINENS.xlsx	alegría	E21	1	example
fil-alegría-ar-0001	Res Filiformes	alegría	AR	verbal-objective	desatar	desatar alegría	manual	Res Filiformes.xlsx	alegría	B2	190	total
fil-alegría-ar-0002	Res Filiformes	alegría	AR	verbal-objective	desatar	# La bocina de el final desató la alegría de las jugadoras	manual	Res Filiformes.xlsx	alegría	B2	0	illustrative
fil-alegría-ar-0003	Res Filiformes	alegría	AR	verbal-objective	desatar	La victoria de el candidato desató la alegría de la clase política europea	manual	Res Filiformes.xlsx	alegría	B2	0	illustrative
fil-alegría-ar-0004	Res Filiformes	alegría	AR	verbal-objective	desatar	Ojalá que Messi desate una gran alegría para los argentinos.	manual	Res Filiformes.xlsx	alegría	B2	0	illustrative
fil-alegría-ar-0005	Res Filiformes	alegría	AR	verbal-objective	desatar	Familias enteras desatan su alegría a puro grito y charla	manual	Res Filiformes.xlsx	alegría	B2	0	illustrative
fil-alegría-ar-0006	Res Filiformes	alegría	AR	verbal-subject-intransitive	desatarse	desatar alegría	manual	Res Filiformes.xlsx	alegría	C2	18	total
fil-alegría-ar-0007	Res Filiformes	alegría	AR	verbal-subject-intransitive	desatarse	en la última fecha se desató la alegría en el fútbol	manual	Res Filiformes.xlsx	alegría	C2	0	illustrative
fil-alegría-ar-0008	Res Filiformes	alegría	AR	verbal-subject-intransitive	desatarse	El sufrimiento de estar afuera hizo que se desate la alegría	manual	Res Filiformes.xlsx	alegría	C2	0	illustrative
fil-alegría-ar-0009	Res Filiformes	alegría	AR	attributive	desatado	1se sacó anoche este plantel, por eso la alegría desatada a el final de la noche en el Bosque	manual	Res Filiformes.xlsx	alegría	F2	1	example
fil-alegría-ar-0010	Res Filiformes	alegría	AR	attributive	desatado	tras la clasificación y la alegría desatada entre los rosarinos	manual	Res Filiformes.xlsx	alegría	F2	1	example
fil-alegría-ar-0011	Res Filiformes	alegría	AR	attributive	tenso	tensa alegría	manual	Res Filiformes.xlsx	alegría	F2	1	total
fil-alegría-ar-0012	Res Filiformes	alegría	AR	attributive	tenso	de música, de sensualidad y de alegría tensa, traída desde la raíz profunda de lo humano	manual	Res Filiformes.xlsx	alegría	F2	0	illustrative
fil-alegría-bo-0001	Res Filiformes	alegría	BO	verbal-objective	desatar	desatar alegría	manual	Res Filiformes.xlsx	alegría	B3	12	total
fil-alegría-bo-0002	Res Filiformes	alegría	BO	verbal-objective	desatar	desatar la alegría	manual	Res Filiformes.xlsx	alegría	B3	0	illustrative
fil-alegría-bo-0003	Res Filiformes	alegría	BO	verbal-objective	desatar	La agrupación quiere desatar esa alegría que los hizo merecedores de el premio	manual	Res Filiformes.xlsx	alegría	B3	0	illustrative
fil-alegría-bo-0004	Res Filiformes	alegría	BO	verbal-objective	desatar	Argarañaz logra mandar el balón a el fondo de el arco desatando la alegría de el público presente	manual	Res Filiformes.xlsx	alegría	B3	0	illustrative
fil-alegría-bo-0005	Res Filiformes	alegría	BO	verbal-objective	desatar	los brasileños desataron toda su alegría por la conquista	manual	Res Filiformes.xlsx	alegría	B3	0	illustrative
fil-alegría-bo-0006	Res Filiformes	alegría	BO	verbal-subject-intransitive	desatarse	desatarse alegría	manual	Res Filiformes.xlsx	alegría	C3	1	total
fil-alegría-bo-0007	Res Filiformes	alegría	BO	verbal-subject-intransitive	desatarse	la alegría se desata en el campo de juego	manual	Res Filiformes.xlsx	alegría	C3	0	illustrative
fil-alegría-bo-0008	Res Filiformes	alegría	BO	attributive	desatado	ayer revivió su éxito a el ver la alegría desatada por el triunfo de su compatriota	manual	Res Filiformes.xlsx	alegría	F3	1	example
fil-alegría-bo-0009	Res Filiformes	alegría	BO	attributive	tenso	tensa alegría	manual	Res Filiformes.xlsx	alegría	F3	1	total
fil-alegría-bo-0010	Res Filiformes	alegría	BO	attributive	tenso	es heredera de la alegría tensa de los bodegones gitanos	manual	Res Filiformes.xlsx	alegría	F3	0	illustrative
fil-alegría-bo-0011	Res Filiformes	alegría	BO	substantive	hilo	episodios de una historia que se tejen con hilos de gracia, alegría y emoció	manual	Res Filiformes.xlsx	alegría	G3	1	example
fil-alegría-cl-0001	Res Filiformes	alegría	CL	verbal-objective	desatar	desatar alegría	manual	Res Filiformes.xlsx	alegría	B4	248	total
fil-alegría-cl-0002	Res Filiformes	alegría	CL	verbal-objective	desatar	desatar la alegría:	manual	Res Filiformes.xlsx	alegría	B4	0	illustrative
fil-alegría-cl-0003	Res Filiformes	alegría	CL	verbal-objective	desatar	Un cabezazo para desatar la alegría	manual	Res Filiformes.xlsx	alegría	B4	0	illustrative
fil-alegría-cl-0004	Res Filiformes	alegría	CL	verbal-objective	desatar	definir de gran forma, desatando la alegría cruzada	manual	Res Filiformes.xlsx	alegría	B4	0	illustrative
fil-alegría-cl-0005	Res Filiformes	alegría	CL	verbal-objective	entrelazar	entrelazar alegría	manual	Res Filiformes.xlsx	alegría	B4	1	total
fil-alegría-cl-0006	Res Filiformes	alegría	CL	verbal-objective	entrelazar	Un destello que entrelaza la alegría y la nostalgia	manual	Res Filiformes.xlsx	alegría	B4	0	illustrative
fil-alegría-cl-0007	Res Filiformes	alegría	CL	verbal-subject-intransitive	desatarse	desatarse alegría	manual	Res Filiformes.xlsx	alegría	C4	1	total
fil-alegría-cl-0008	Res Filiformes	alegría	CL	verbal-subject-intransitive	desatarse	Minuto 18 de partido y se desataba la alegría de la Roja.	manual	Res Filiformes.xlsx	alegría	C4	0	illustrative
fil-alegría-cl-0009	Res Filiformes	alegría	CL	attributive	desatado	desatado alegría	manual	Res Filiformes.xlsx	alegría	F4	6	total
fil-alegría-cl-0010	Res Filiformes	alegría	CL	attributive	desatado	La alegría desatada por los " citizens " no gustó para nada	manual	Res Filiformes.xlsx	alegría	F4	0	illustrative
fil-alegría-cl-0011	Res Filiformes	alegría	CL	attributive	tenso	tensa alegría	manual	Res Filiformes.xlsx	alegría	F4	1	total
fil-alegría-cl-0012	Res Filiformes	alegría	CL	attributive	tenso	en el dramatismo, en la intimidad y en una tensa alegría.	manual	Res Filiformes.xlsx	alegría	F4	0	illustrative
fil-alegría-co-0001	Res Filiformes	alegría	CO	verbal-objective	desatar	desatar alegría	manual	Res Filiformes.xlsx	alegría	B5	37	total
fil-alegría-co-0002	Res Filiformes	alegría	CO	verbal-objective	desatar	gol de Cristiano Ronaldo desató la alegría entre sus seguidores	manual	Res Filiformes.xlsx	alegría	B5	0	illustrative
fil-alegría-co-0003	Res Filiformes	alegría	CO	verbal-objective	desatar	La noticia de el rechazo a la candidatura de la actual primera dama desató la alegría de la oposición	manual	Res Filiformes.xlsx	alegría	B5	0	illustrative
fil-alegría-co-0004	Res Filiformes	alegría	CO	verbal-objective	desatar	la reina desataba su alegría y la Vaca Vieja sonaba a ritmo de Pedro Laza	manual	Res Filiformes.xlsx	alegría	B5	0	illustrative
fil-alegría-co-0005	Res Filiformes	alegría	CO	verbal-objective	tejer	tejer alegría	manual	Res Filiformes.xlsx	alegría	B5	1	total
fil-alegría-co-0006	Res Filiformes	alegría	CO	verbal-objective	tejer	seguiremos tejiendo muchas alegrías para Colombia	manual	Res Filiformes.xlsx	alegría	B5	0	illustrative
fil-alegría-co-0007	Res Filiformes	alegría	CO	verbal-subject-intransitive	desatarse	desatar alegría	manual	Res Filiformes.xlsx	alegría	C5	2	total
fil-alegría-co-0008	Res Filiformes	alegría	CO	verbal-subject-intransitive	desatarse	entre los madridistas se desató la alegría	manual	Res Filiformes.xlsx	alegría	C5	0	illustrative
fil-alegría-co-0009	Res Filiformes	alegría	CO	verbal-subject-intransitive	desatarse	Tras esa primera anotación se desató una gran alegría,	manual	Res Filiformes.xlsx	alegría	C5	0	illustrative
fil-alegría-co-0010	Res Filiformes	alegría	CO	attributive	desatado	desatado alegría	manual	Res Filiformes.xlsx	alegría	F5	2	total
fil-alegría-co-0011	Res Filiformes	alegría	CO	attributive	desatado	se concilian los rigores de la música rusa y la alegría latina desatada	manual	Res Filiformes.xlsx	alegría	F5	0	illustrative
fil-alegría-co-0012	Res Filiformes	alegría	CO	substantive	hilo de	hilvanar esa madeja de alegrías cantada	manual	Res Filiformes.xlsx	alegría	G5	1	example
fil-alegría-co-0013	Res Filiformes	alegría	CO	substantive	hilo	Has dejado hilos de tristeza, alegrías, sueños y esperanzas esparcidas entre las nubes	manual	Res Filiformes.xlsx	alegría	G5	1	example
fil-alegría-cr-0001	Res Filiformes	alegría	CR	verbal-objective	desatar	desatar alegría	manual	Res Filiformes.xlsx	alegría	B6	11	total
fil-alegría-cr-0002	Res Filiformes	alegría	CR	verbal-objective	desatar	Hernandez desató la alegría mexicana en la ciudad de San Diego	manual	Res Filiformes.xlsx	alegría	B6	0	illustrative
fil-alegría-cr-0003	Res Filiformes	alegría	CR	verbal-objective	desatar	El pitazo final llegó para desatar la alegría de la afición local	manual	Res Filiformes.xlsx	alegría	B6	0	illustrative
fil-alegría-cr-0004	Res Filiformes	alegría	CR	verbal-subject-intransitive	desatarse	desatarse alegría	manual	Res Filiformes.xlsx	alegría	C6	1	total
fil-alegría-cr-0005	Res Filiformes	alegría	CR	verbal-subject-intransitive	desatarse	la alegría se desató en la capital y captó la atención	manual	Res Filiformes.xlsx	alegría	C6	0	illustrative
fil-alegría-cu-0001	Res Filiformes	alegría	CU	verbal-objective	desatar	desatar alegría	manual	Res Filiformes.xlsx	alegría	B7	4	total
fil-alegría-cu-0002	Res Filiformes	alegría	CU	verbal-objective	desatar	Sánchez clavó la puntilla en el minuto 44 y desató la alegría de una selección	manual	Res Filiformes.xlsx	alegría	B7	0	illustrative
fil-alegría-cu-0003	Res Filiformes	alegría	CU	verbal-objective	desatar	para desatar la alegría en la tierra de el tequila	manual	Res Filiformes.xlsx	alegría	B7	0	illustrative
fil-alegría-cu-0004	Res Filiformes	alegría	CU	verbal-objective	entrelazar	entrelazar alegría	manual	Res Filiformes.xlsx	alegría	B7	1	total
fil-alegría-cu-0005	Res Filiformes	alegría	CU	verbal-objective	entrelazar	múltiples actividades donde se entrelazan la alegría, el júbilo y el compromiso eterno	manual	Res Filiformes.xlsx	alegría	B7	0	illustrative
fil-alegría-cu-0006	Res Filiformes	alegría	CU	verbal-subject-intransitive	desatarse	desatar alegría	manual	Res Filiformes.xlsx	alegría	C7	1	total
fil-alegría-cu-0007	Res Filiformes	alegría	CU	verbal-subject-intransitive	desatarse	luego se desató la alegría a base de las más de diez manifestaciones artísticas	manual	Res Filiformes.xlsx	alegría	C7	0	illustrative
fil-alegría-cu-0008	Res Filiformes	alegría	CU	attributive	desatado	mostrar una alegría desatada en la victoria	manual	Res Filiformes.xlsx	alegría	F7	1	example
fil-alegría-do-0001	Res Filiformes	alegría	DO	verbal-objective	desatar	desatar alegría	manual	Res Filiformes.xlsx	alegría	B8	4	total
fil-alegría-do-0002	Res Filiformes	alegría	DO	verbal-objective	desatar	l emblemático " Salta ", de la otrora artista Infantil Isha, lo que desató risas y alegría	manual	Res Filiformes.xlsx	alegría	B8	0	illustrative
fil-alegría-do-0003	Res Filiformes	alegría	DO	verbal-subject-intransitive	desatarse	desatar alegría	manual	Res Filiformes.xlsx	alegría	C8	1	total
fil-alegría-do-0004	Res Filiformes	alegría	DO	verbal-subject-intransitive	desatarse	Dentro de el capitolio se desató la alegría de el festín.	manual	Res Filiformes.xlsx	alegría	C8	0	illustrative
fil-alegría-do-0005	Res Filiformes	alegría	DO	attributive	amarrar	una estela de luz, alegría y felicidad, amarrada a la paz y grandeza	manual	Res Filiformes.xlsx	alegría	F8	1	example
fil-alegría-ec-0001	Res Filiformes	alegría	EC	verbal-objective	desatar	desatar alegría	manual	Res Filiformes.xlsx	alegría	B9	27	total
fil-alegría-ec-0002	Res Filiformes	alegría	EC	verbal-objective	desatar	el' 10' argentino desató su alegría por el' milagro' alcanzado	manual	Res Filiformes.xlsx	alegría	B9	0	illustrative
fil-alegría-ec-0003	Res Filiformes	alegría	EC	verbal-objective	desatar	remontar el marcador a los 84 minutos y así desatar la alegría entre los locales	manual	Res Filiformes.xlsx	alegría	B9	0	illustrative
fil-alegría-ec-0004	Res Filiformes	alegría	EC	verbal-objective	desatar	la banda de pueblo que desata la alegría..	manual	Res Filiformes.xlsx	alegría	B9	0	illustrative
fil-alegría-ec-0005	Res Filiformes	alegría	EC	verbal-subject-intransitive	desatarse	desatar alegría	manual	Res Filiformes.xlsx	alegría	C9	4	total
fil-alegría-ec-0006	Res Filiformes	alegría	EC	verbal-subject-intransitive	desatarse	el marcador final de 2 a 0, con lo que se desató la alegría de los hinchas celestes	manual	Res Filiformes.xlsx	alegría	C9	0	illustrative
fil-alegría-ec-0007	Res Filiformes	alegría	EC	verbal-subject-intransitive	desatarse	alegría se desató en la esquina con su entrenador Nicolás Dirovi	manual	Res Filiformes.xlsx	alegría	C9	0	illustrative
fil-alegría-ec-0008	Res Filiformes	alegría	EC	verbal-subject-intransitive	desatarse	La alegría se desató, entre aplausos y fuertes abrazos.	manual	Res Filiformes.xlsx	alegría	C9	0	illustrative
fil-alegría-ec-0009	Res Filiformes	alegría	EC	verbal-subject-intransitive	desatarse	Cuando el árbitro argentino Pitana indicó el final de el encuentro, se desató la alegría francesa.	manual	Res Filiformes.xlsx	alegría	C9	0	illustrative
fil-alegría-ec-0010	Res Filiformes	alegría	EC	verbal-instrumental		? alegría	manual	Res Filiformes.xlsx	alegría	E9	1	total
fil-alegría-ec-0011	Res Filiformes	alegría	EC	verbal-instrumental		demuestran la " fuerza " del pueblo ecuatoriano, que tira de " alegría " para afrontar las secuelas de estos años de crisis.	manual	Res Filiformes.xlsx	alegría	E9	0	illustrative
fil-alegría-ec-0012	Res Filiformes	alegría	EC	attributive	desatado	se hace eco de la alegría desatada en Kenia por la proeza	manual	Res Filiformes.xlsx	alegría	F9	1	example
fil-alegría-es-0001	Res Filiformes	alegría	ES	verbal-objective	desatar	desatar alegría	manual	Res Filiformes.xlsx	alegría	B10	60	total
fil-alegría-es-0002	Res Filiformes	alegría	ES	verbal-objective	desatar	. El 1-1 desató la alegría y confianza en la grada,	manual	Res Filiformes.xlsx	alegría	B10	0	illustrative
fil-alegría-es-0003	Res Filiformes	alegría	ES	verbal-objective	desatar	El sí desató la alegría de todos.	manual	Res Filiformes.xlsx	alegría	B10	0	illustrative
fil-alegría-es-0004	Res Filiformes	alegría	ES	verbal-objective	desatar	No refrenen su euforia: abandonen la lectura de este artículo y desaten su alegría sin remilgos	manual	Res Filiformes.xlsx	alegría	B10	0	illustrative
fil-alegría-es-0005	Res Filiformes	alegría	ES	verbal-objective	desatar	las peñas y sus charangas desatarán la alegría con el Pasacalles con la Bruja	manual	Res Filiformes.xlsx	alegría	B10	0	illustrative
fil-alegría-es-0006	Res Filiformes	alegría	ES	verbal-subject-intransitive	desatarse	desatarse alegría	manual	Res Filiformes.xlsx	alegría	C10	3	total
fil-alegría-es-0007	Res Filiformes	alegría	ES	verbal-subject-intransitive	desatarse	la alegría se desató en la expedición visitante:	manual	Res Filiformes.xlsx	alegría	C10	0	illustrative
fil-alegría-es-0008	Res Filiformes	alegría	ES	verbal-subject-intransitive	desatarse	La alegría se desató en la localidad lucense de Monforte de Lemos, donde recayó íntegro el primer premio	manual	Res Filiformes.xlsx	alegría	C10	0	illustrative
fil-alegría-es-0009	Res Filiformes	alegría	ES	verbal-subject-intransitive	desatarse	El número afortunado se desataba la alegría entre el público asistente	manual	Res Filiformes.xlsx	alegría	C10	0	illustrative
fil-alegría-es-0010	Res Filiformes	alegría	ES	verbal-instrumental		? alegría	manual	Res Filiformes.xlsx	alegría	E10	1	total
fil-alegría-es-0011	Res Filiformes	alegría	ES	verbal-instrumental		así que la presentadora ha tirado de la alegría que le caracteriza para combatir lo	manual	Res Filiformes.xlsx	alegría	E10	0	illustrative
fil-alegría-es-0012	Res Filiformes	alegría	ES	attributive	desatado	la alegría desatada da paso a el miedo, la intranquilidad y la zozobra	manual	Res Filiformes.xlsx	alegría	F10	1	example
fil-alegría-es-0013	Res Filiformes	alegría	ES	attributive	desatado	abordar la alegría desatada desde todos los ángulos posibles	manual	Res Filiformes.xlsx	alegría	F10	1	example
fil-alegría-es-0014	Res Filiformes	alegría	ES	substantive	hilo	gran cantidad de gente " contagiada por el sólido hilo de la alegría.	manual	Res Filiformes.xlsx	alegría	G10	1	example
fil-alegría-gt-0001	Res Filiformes	alegría	GT	verbal-objective	desatar	desatar alegría	manual	Res Filiformes.xlsx	alegría	B11	7	total
fil-alegría-gt-0002	Res Filiformes	alegría	GT	verbal-objective	desatar	marcador empatado a uno, cuando la Unión de San Guillermo logró anotar y desató la alegría de los locales.	manual	Res Filiformes.xlsx	alegría	B11	0	illustrative
fil-alegría-hn-0001	Res Filiformes	alegría	HN	verbal-objective	desatar	desatar alegría	manual	Res Filiformes.xlsx	alegría	B12	11	total
fil-alegría-hn-0002	Res Filiformes	alegría	HN	verbal-objective	desatar	Al llegar las 12: 00 la medianoche, se desató la alegría en los hogares	manual	Res Filiformes.xlsx	alegría	B12	0	illustrative
fil-alegría-hn-0003	Res Filiformes	alegría	HN	verbal-objective	desatar	desatar la alegría de el público angelino	manual	Res Filiformes.xlsx	alegría	B12	0	illustrative
fil-alegría-mx-0001	Res Filiformes	alegría	MX	verbal-objective	desatar	desatar alegría	manual	Res Filiformes.xlsx	alegría	B13	234	total
fil-alegría-mx-0002	Res Filiformes	alegría	MX	verbal-objective	desatar	desató la alegría en las gradas.	manual	Res Filiformes.xlsx	alegría	B13	0	illustrative
fil-alegría-mx-0003	Res Filiformes	alegría	MX	verbal-objective	desatar	penalti en el minuto 86 que desató la alegría nigeriana en el hote	manual	Res Filiformes.xlsx	alegría	B13	0	illustrative
fil-alegría-mx-0004	Res Filiformes	alegría	MX	verbal-objective	desatar	hecho que desató la alegría entre los integrantes de el club	manual	Res Filiformes.xlsx	alegría	B13	0	illustrative
fil-alegría-mx-0005	Res Filiformes	alegría	MX	verbal-objective	desatar	volvió a desatar la alegría de Maradona	manual	Res Filiformes.xlsx	alegría	B13	0	illustrative
fil-alegría-mx-0006	Res Filiformes	alegría	MX	attributive	desatado	la alegría desatada luego de que Perú consiguiera sellar su boleto a Rusia 2018	manual	Res Filiformes.xlsx	alegría	F13	1	example
fil-alegría-ni-0001	Res Filiformes	alegría	NI	verbal-objective	desatar	desatar alegría	manual	Res Filiformes.xlsx	alegría	B14	5	total
fil-alegría-ni-0002	Res Filiformes	alegría	NI	verbal-objective	desatar	Cuando llegó a el pedestal se desató la alegría.	manual	Res Filiformes.xlsx	alegría	B14	0	illustrative
fil-alegría-ni-0003	Res Filiformes	alegría	NI	attributive	desatado	Con la alegría desatada por la liberación de los manifestantes presos,	manual	Res Filiformes.xlsx	alegría	F14	1	example
fil-alegría-pa-0001	Res Filiformes	alegría	PA	verbal-objective	desatar	desatar alegría	manual	Res Filiformes.xlsx	alegría	B15	6	total
fil-alegría-pa-0002	Res Filiformes	alegría	PA	verbal-objective	desatar	hizo el trabajo con potente trallazo que desató la alegría de el escaso público	manual	Res Filiformes.xlsx	alegría	B15	0	illustrative
fil-alegría-pa-0003	Res Filiformes	alegría	PA	attributive	desatado	provocó escenas de alegría desatada en la capital	manual	Res Filiformes.xlsx	alegría	F15	1	example
fil-alegría-pe-0001	Res Filiformes	alegría	PE	verbal-objective	desatar	desatar alegría	manual	Res Filiformes.xlsx	alegría	B16	158	total
fil-alegría-pe-0002	Res Filiformes	alegría	PE	verbal-objective	desatar	Fernando Pacheco (52') se encargó de desatar la alegría peruana	manual	Res Filiformes.xlsx	alegría	B16	0	illustrative
fil-alegría-pe-0003	Res Filiformes	alegría	PE	verbal-subject-intransitive	desatarse	desatar alegría	manual	Res Filiformes.xlsx	alegría	C16	12	total
fil-alegría-pe-0004	Res Filiformes	alegría	PE	verbal-subject-intransitive	desatarse	n Pueblo Nuevo de Colán se desata la alegría en los meses de febrero y marzo	manual	Res Filiformes.xlsx	alegría	C16	0	illustrative
fil-alegría-pe-0005	Res Filiformes	alegría	PE	attributive	desatado	La alegría desatada por los estruendosos aficionados'	manual	Res Filiformes.xlsx	alegría	F16	1	example
fil-alegría-pr-0001	Res Filiformes	alegría	PR	verbal-objective	desatar	desatar alegría	manual	Res Filiformes.xlsx	alegría	B17	1	total
fil-alegría-pr-0002	Res Filiformes	alegría	PR	verbal-objective	desatar	desatar la alegría:	manual	Res Filiformes.xlsx	alegría	B17	0	illustrative
fil-alegría-pr-0003	Res Filiformes	alegría	PR	verbal-objective	desatar	lanzaron el cohete desde el balcón de el ayuntamiento a mediodía, desatando la alegría de las miles de personas que atestaban la plaza de abajo.	manual	Res Filiformes.xlsx	alegría	B17	0	illustrative
fil-alegría-pr-0004	Res Filiformes	alegría	PR	verbal-subject-intransitive	desatarse	desatarse alegría	manual	Res Filiformes.xlsx	alegría	C17	1	total
fil-alegría-pr-0005	Res Filiformes	alegría	PR	verbal-subject-intransitive	desatarse	mientras la alegría continúa desatándose un rato más	manual	Res Filiformes.xlsx	alegría	C17	0	illustrative
fil-alegría-pr-0006	Res Filiformes	alegría	PR	attributive	desatado	La magnitud de la alegría desatada	manual	Res Filiformes.xlsx	alegría	F17	1	example
fil-alegría-py-0001	Res Filiformes	alegría	PY	verbal-objective	desatar	desatar alegría	manual	Res Filiformes.xlsx	alegría	B18	43	total
fil-alegría-py-0002	Res Filiformes	alegría	PY	verbal-objective	desatar	Pablo Mouche que solo empujó para desatar la alegría de los hinchas sobre los 36'	manual	Res Filiformes.xlsx	alegría	B18	0	illustrative
fil-alegría-py-0003	Res Filiformes	alegría	PY	verbal-subject-intransitive	desatarse	desatar alegría	manual	Res Filiformes.xlsx	alegría	C18	4	total
fil-alegría-sv-0001	Res Filiformes	alegría	SV	verbal-objective	desatar	desatar alegría	manual	Res Filiformes.xlsx	alegría	B19	6	total
fil-alegría-sv-0002	Res Filiformes	alegría	SV	verbal-objective	desatar	terminó en el fondo de una portería, lo que desató la alegría de sus compañero	manual	Res Filiformes.xlsx	alegría	B19	0	illustrative
fil-alegría-sv-0004	Res Filiformes	alegría	SV	verbal-subject-intransitive	desatarse	Pitana indicó el final del encuentro y se desató la alegría francesa	manual	Res Filiformes.xlsx	alegría	C19	0	illustrative
fil-alegría-sv-0005	Res Filiformes	alegría	SV	attributive	desatado	La alegría desatada por los estruendosos aficionados	manual	Res Filiformes.xlsx	alegría	F19	1	example
fil-alegría-us-0001	Res Filiformes	alegría	US	verbal-objective	desatar	desatar alegría	manual	Res Filiformes.xlsx	alegría	B22	18	total
fil-alegría-us-0002	Res Filiformes	alegría	US	verbal-objective	desatar	desatando la alegría de las miles de personas que atestaban la plaza	manual	Res Filiformes.xlsx	alegría	B22	0	illustrative
fil-alegría-us-0003	Res Filiformes	alegría	US	verbal-subject-intransitive	desatarse	desatarse alegría	manual	Res Filiformes.xlsx	alegría	C22	2	total
fil-alegría-us-0004	Res Filiformes	alegría	US	verbal-subject-intransitive	desatarse	la alegría que se desataba cuando llovía	manual	Res Filiformes.xlsx	alegría	C22	0	illustrative
fil-alegría-us-0005	Res Filiformes	alegría	US	verbal-subject-intransitive	desatarse	desatándose la alegría final en la cancha y la tribuna	manual	Res Filiformes.xlsx	alegría	C22	0	illustrative
fil-alegría-us-0006	Res Filiformes	alegría	US	attributive	desatado	alargando la alegría desatada el domingo tras ganar	manual	Res Filiformes.xlsx	alegría	F22	1	example
fil-alegría-uy-0001	Res Filiformes	alegría	UY	verbal-objective	desatar	desatar alegría	manual	Res Filiformes.xlsx	alegría	B20	13	total
fil-alegría-uy-0002	Res Filiformes	alegría	UY	verbal-objective	desatar	Tabú volvió a ganar y eso desató una alegría generalizada y un largo festejo	manual	Res Filiformes.xlsx	alegría	B20	0	illustrative
fil-alegría-uy-0003	Res Filiformes	alegría	UY	verbal-objective	desatar	s el lugar elegido para desatar la alegría por el triunfo de la selección uruguaya	manual	Res Filiformes.xlsx	alegría	B20	0	illustrative
fil-alegría-uy-0004	Res Filiformes	alegría	UY	attributive	desatado	unes su día nacional alargando la alegría	manual	Res Filiformes.xlsx	alegría	F20	1	example
fil-alegría-uy-0005	Res Filiformes	alegría	UY	attributive	desatado	desatada el domingo a el ganar su selección la primera edición	manual	Res Filiformes.xlsx	alegría	F20	1	example
fil-alegría-ve-0001	Res Filiformes	alegría	VE	verbal-objective	desatar	desatar alegría	manual	Res Filiformes.xlsx	alegría	B21	16	total
fil-alegría-ve-0002	Res Filiformes	alegría	VE	verbal-objective	desatar	El pitazo final desató la alegría en la banca nacional liderada por un Pizzi	manual	Res Filiformes.xlsx	alegría	B21	0	illustrative
fil-alegría-ve-0003	Res Filiformes	alegría	VE	verbal-objective	retorcer	retorcer alegría	manual	Res Filiformes.xlsx	alegría	B21	1	total
fil-alegría-ve-0004	Res Filiformes	alegría	VE	verbal-objective	retorcer	Se retuercen alegría con la caída de el precio de el petróleo y el alza psicopática de…	manual	Res Filiformes.xlsx	alegría	B21	0	illustrative
fil-alegría-ve-0005	Res Filiformes	alegría	VE	attributive	desatado	La alegría desatada por los grandes medios 2) a el servicio de las trasnacionales financieras	manual	Res Filiformes.xlsx	alegría	F21	1	example
liq-alegría-ar-0001	Res Liquidae	alegría	AR	verbal-objective	derramar	Lucrecia Chiama derrama alegría y saludos entre las filas de el rayo	manual	RES LIQUIDAE COR.xlsx	alegría	B2	1	example
liq-alegría-ar-0002	Res Liquidae	alegría	AR	verbal-objective	derramar	Una guitarra que derramaba amor y alegría entre las manos de el nieto	manual	RES LIQUIDAE COR.xlsx	alegría	B2	1	example
liq-alegría-ar-0003	Res Liquidae	alegría	AR	verbal-objective	derramar	En otras palabras, mi pito se pone contento y derrama alegría AR	manual	RES LIQUIDAE COR.xlsx	alegría	B2	1	example
liq-alegría-ar-0004	Res Liquidae	alegría	AR	verbal-objective	derramar	Derramando humor y alegría, a un chico hasta le dijo: " ¡Rezá a favor	manual	RES LIQUIDAE COR.xlsx	alegría	B2	1	example
liq-alegría-ar-0005	Res Liquidae	alegría	AR	verbal-objective	derramar	a través de sonoridades novedosas y puestas escénicas que derraman alegría y absurdo	manual	RES LIQUIDAE COR.xlsx	alegría	B2	1	example
liq-alegría-ar-0006	Res Liquidae	alegría	AR	verbal-objective	fluir	fluir alegría	manual	RES LIQUIDAE COR.xlsx	alegría	B2	2	inline
liq-alegría-ar-0007	Res Liquidae	alegría	AR	verbal-objective	fluir	El capitán Blandi hizo fluir la alegría; la mujer dejó fluir su alegría	manual	RES LIQUIDAE COR.xlsx	alegría	B2	0	illustrative
liq-alegría-ar-0008	Res Liquidae	alegría	AR	verbal-objective	salpicar	Formar parte de esto, además de ser una alegría que ando salpicando por la vida como niña que va a hacer los mandados	manual	RES LIQUIDAE COR.xlsx	alegría	B2	1	example
liq-alegría-ar-0009	Res Liquidae	alegría	AR	verbal-subject-transitive	inundar	La alegría inunda las calles de Pamplona Fuente	manual	RES LIQUIDAE COR.xlsx	alegría	C2	1	example
liq-alegría-ar-0010	Res Liquidae	alegría	AR	verbal-subject-transitive	inundar	no esconden la alegría que los inunda por el incipiente viaje que emprenderán a Ecuador	manual	RES LIQUIDAE COR.xlsx	alegría	C2	1	example
liq-alegría-ar-0011	Res Liquidae	alegría	AR	verbal-subject-transitive	inundar	Si bien en el bunker de FORJA la alegría inundaba cada rincón de el gimnasio de el Club Sportivo	manual	RES LIQUIDAE COR.xlsx	alegría	C2	1	example
liq-alegría-ar-0012	Res Liquidae	alegría	AR	verbal-subject-transitive	inundar	la alegría inundaba el Bosque.	manual	RES LIQUIDAE COR.xlsx	alegría	C2	1	example
liq-alegría-ar-0013	Res Liquidae	alegría	AR	verbal-subject-transitive	inundar	e entrega a la fiesta y la alegría que inunda todos los rincones	manual	RES LIQUIDAE COR.xlsx	alegría	C2	1	example
liq-alegría-ar-0014	Res Liquidae	alegría	AR	verbal-subject-transitive	inundar	Tras haber recibido la prótesis y la alegría inundándo le el rostro, Mau tomó su bicicleta y salió a pasear	manual	RES LIQUIDAE COR.xlsx	alegría	C2	1	example
liq-alegría-ar-0015	Res Liquidae	alegría	AR	verbal-subject-transitive	inundar	" La emoción y la alegría me inundó. Pero también me sorprendí de la elección	manual	RES LIQUIDAE COR.xlsx	alegría	C2	1	example
liq-alegría-ar-0016	Res Liquidae	alegría	AR	verbal-subject-transitive	inundar	la alegría inundaba los rostros de las dos alumnas	manual	RES LIQUIDAE COR.xlsx	alegría	C2	1	example
liq-alegría-ar-0017	Res Liquidae	alegría	AR	verbal-subject-transitive	inundar	la alegría inundaba el alma de los fanáticos	manual	RES LIQUIDAE COR.xlsx	alegría	C2	1	example
liq-alegría-ar-0018	Res Liquidae	alegría	AR	verbal-subject-transitive	inundar	el público se deja invadir por esa alegría que inunda el lugar	manual	RES LIQUIDAE COR.xlsx	alegría	C2	1	example
liq-alegría-ar-0019	Res Liquidae	alegría	AR	verbal-subject-transitive	inundar	la alegría inundó a los afotunados	manual	RES LIQUIDAE COR.xlsx	alegría	C2	1	example
liq-alegría-ar-0020	Res Liquidae	alegría	AR	verbal-subject-transitive	inundar	se desborda la alegría pascual que inunda los cincuenta días subsiguientes	manual	RES LIQUIDAE COR.xlsx	alegría	C2	1	example
liq-alegría-ar-0021	Res Liquidae	alegría	AR	verbal-subject-transitive	inundar	una mezcla de tristeza y alegría que inundó a los policías	manual	RES LIQUIDAE COR.xlsx	alegría	C2	1	example
liq-alegría-ar-0022	Res Liquidae	alegría	AR	verbal-subject-transitive	inundar	ontó a su público que espera un hijo, exteriorizando toda la alegría que la inunda en este momento tan especial de su vid	manual	RES LIQUIDAE COR.xlsx	alegría	C2	1	example
liq-alegría-ar-0023	Res Liquidae	alegría	AR	verbal-subject-intransitive	derramar	Todo su colorido y su ruidosa y rítmica alegría se derramaba aquella tarde de julio "	manual	RES LIQUIDAE COR.xlsx	alegría	D2	1	example
liq-alegría-ar-0024	Res Liquidae	alegría	AR	verbal-subject-intransitive	fluir	la alegría musical que fluye casi mitológicamente por sus venas	manual	RES LIQUIDAE COR.xlsx	alegría	D2	1	example
liq-alegría-ar-0025	Res Liquidae	alegría	AR	verbal-subject-intransitive	brotar	Cuánta alegría ha brotado en el corazón de estas dos mujeres, la adúltera y la pecadora	manual	RES LIQUIDAE COR.xlsx	alegría	D2	1	example
liq-alegría-ar-0026	Res Liquidae	alegría	AR	verbal-subject-intransitive	brotar	la alegría le brota por los poros	manual	RES LIQUIDAE COR.xlsx	alegría	D2	1	example
liq-alegría-ar-0027	Res Liquidae	alegría	AR	verbal-subject-intransitive	brotar	en tu corazón brota la vida, brota la alegría, el consuelo, la luz	manual	RES LIQUIDAE COR.xlsx	alegría	D2	1	example
liq-alegría-ar-0028	Res Liquidae	alegría	AR	verbal-subject-intransitive	brotar	la sonrisa espontánea y la alegría que brota a el ver a el otro, aparecen desdibujadas	manual	RES LIQUIDAE COR.xlsx	alegría	D2	1	example
liq-alegría-ar-0029	Res Liquidae	alegría	AR	verbal-subject-intransitive	brotar	la esperanza que llevamos en el corazón y por la alegría que brota de ella	manual	RES LIQUIDAE COR.xlsx	alegría	D2	1	example
liq-alegría-ar-0030	Res Liquidae	alegría	AR	verbal-subject-intransitive	brotar	armar el árbol de Navidad y el pesebre. La alegría que brota de allí no es superficial o artificial, sino bien concreta	manual	RES LIQUIDAE COR.xlsx	alegría	D2	1	example
liq-alegría-ar-0031	Res Liquidae	alegría	AR	verbal-subject-intransitive	brotar	Presentan en la Cámara de Diputados el libro " Francisco, la alegría que brota de el pueblo	manual	RES LIQUIDAE COR.xlsx	alegría	D2	1	example
liq-alegría-ar-0032	Res Liquidae	alegría	AR	verbal-subject-intransitive	brotar	la alegría que brota de la memoria agradecida por cuanto el Señor hizo a través de nuestro santo fundador	manual	RES LIQUIDAE COR.xlsx	alegría	D2	1	example
liq-alegría-ar-0033	Res Liquidae	alegría	AR	verbal-subject-intransitive	brotar	a verdadera alegría brota de poner nuestra vida a el servicio de el otro	manual	RES LIQUIDAE COR.xlsx	alegría	D2	1	example
liq-alegría-ar-0034	Res Liquidae	alegría	AR	verbal-subject-intransitive	brotar	la energía de dar con el corazón, donde brota siempre la alegría de compartir con el que más lo necesita	manual	RES LIQUIDAE COR.xlsx	alegría	D2	1	example
liq-alegría-ar-0035	Res Liquidae	alegría	AR	verbal-subject-intransitive	brotar	La alegría de el cristiano es, fundamentalmente, un alegría que brota de el misterio de la Pascua, renovada en cada Eucaristía	manual	RES LIQUIDAE COR.xlsx	alegría	D2	1	example
liq-alegría-ar-0036	Res Liquidae	alegría	AR	verbal-subject-intransitive	diluirse	,Su alegría efímera se diluye dejando rastros	manual	RES LIQUIDAE COR.xlsx	alegría	D2	1	example
liq-alegría-ar-0037	Res Liquidae	alegría	AR	verbal-subject-intransitive	rebosar	.en una embajada donde cada 14 de julio siempre rebosaba la alegría	manual	RES LIQUIDAE COR.xlsx	alegría	D2	1	example
liq-alegría-ar-0038	Res Liquidae	alegría	AR	verbal-instrumental	inundar de	inundado alegría	manual	RES LIQUIDAE COR.xlsx	alegría	E2	15	inline
liq-alegría-ar-0039	Res Liquidae	alegría	AR	verbal-instrumental	inundar de	El corazón se inundo de alegría, la belleza de el amanecer era sencillamente alucinante	manual	RES LIQUIDAE COR.xlsx	alegría	E2	0	illustrative
liq-alegría-ar-0040	Res Liquidae	alegría	AR	verbal-instrumental	inundar de	"Este reconocimiento de la Iglesia, a través del Papa Francisco, realmente nos inunda de alegría	manual	RES LIQUIDAE COR.xlsx	alegría	E2	0	illustrative
liq-alegría-ar-0041	Res Liquidae	alegría	AR	verbal-instrumental	inundar de	estandartes, muñecos, papelitos y pancartas, inundarán de alegría cada lugar	manual	RES LIQUIDAE COR.xlsx	alegría	E2	0	illustrative
liq-alegría-ar-0042	Res Liquidae	alegría	AR	verbal-instrumental	inundar de	el ejemplo que hoy nos inunda de alegría	manual	RES LIQUIDAE COR.xlsx	alegría	E2	0	illustrative
liq-alegría-ar-0043	Res Liquidae	alegría	AR	verbal-instrumental	inundar de	lujosos trajes están a la orden para inundar de alegría las calles	manual	RES LIQUIDAE COR.xlsx	alegría	E2	0	illustrative
liq-alegría-ar-0044	Res Liquidae	alegría	AR	verbal-instrumental	inundar de	festejar esta fecha lo inunda de alegría y felicidad	manual	RES LIQUIDAE COR.xlsx	alegría	E2	0	illustrative
liq-alegría-ar-0045	Res Liquidae	alegría	AR	verbal-instrumental	inundar de	Dios-que-viene, para que Él inunde de alegría toda nuestra vida	manual	RES LIQUIDAE COR.xlsx	alegría	E2	0	illustrative
liq-alegría-ar-0046	Res Liquidae	alegría	AR	verbal-instrumental	inundar de	otros con globos en sus vehículos, inundaron de alegría a la ciudad Chivilco	manual	RES LIQUIDAE COR.xlsx	alegría	E2	0	illustrative
liq-alegría-ar-0047	Res Liquidae	alegría	AR	verbal-instrumental	inundar de	la sala se inundó de alegría con el primer llanto	manual	RES LIQUIDAE COR.xlsx	alegría	E2	0	illustrative
liq-alegría-ar-0048	Res Liquidae	alegría	AR	verbal-instrumental	inundar de	bailes característicos de América inundaron de alegría a los presente	manual	RES LIQUIDAE COR.xlsx	alegría	E2	0	illustrative
liq-alegría-ar-0049	Res Liquidae	alegría	AR	verbal-instrumental	inundar de	# La llegada de Dana inundó de alegría la guardia navideña de la Sala de Partos	manual	RES LIQUIDAE COR.xlsx	alegría	E2	0	illustrative
liq-alegría-ar-0050	Res Liquidae	alegría	AR	verbal-instrumental	inundar de	s Franklin Rawson se dejó inundar por la alegría de sus visitantes de verano	manual	RES LIQUIDAE COR.xlsx	alegría	E2	0	illustrative
liq-alegría-ar-0051	Res Liquidae	alegría	AR	verbal-instrumental	inundar de	os cristianos un movimiento de el Espíritu Santo. Sopla cuando quiere, sorprende, inunda de alegría y esperanza	manual	RES LIQUIDAE COR.xlsx	alegría	E2	0	illustrative
liq-alegría-ar-0052	Res Liquidae	alegría	AR	verbal-instrumental	rebosar	Las jugadoras locales ganaron y rebosaron de alegría.	manual	RES LIQUIDAE COR.xlsx	alegría	E2	1	example
liq-alegría-ar-0053	Res Liquidae	alegría	AR	verbal-instrumental	rebosar	yo mismo he oído a los padres de nuestra patria reunidos, hablar y resolver rebosando de alegría...	manual	RES LIQUIDAE COR.xlsx	alegría	E2	1	example
liq-alegría-ar-0054	Res Liquidae	alegría	AR	verbal-instrumental	rebosar	Crecí en esta iglesia y en ella pasé todas las Navidades, el ambiente rebosaba de alegría...	manual	RES LIQUIDAE COR.xlsx	alegría	E2	1	example
liq-alegría-ar-0055	Res Liquidae	alegría	AR	verbal-instrumental	rebosar	se trata de unas efemérides en la que nuestros templos rebosan no solo de alegría, sino también de personas...	manual	RES LIQUIDAE COR.xlsx	alegría	E2	1	example
liq-alegría-ar-0056	Res Liquidae	alegría	AR	verbal-instrumental	rebosar	Es un orgullo haber ayudado a armar esta reunión que rebosa de alegría...	manual	RES LIQUIDAE COR.xlsx	alegría	E2	1	example
liq-alegría-ar-0057	Res Liquidae	alegría	AR	verbal-instrumental	rebosar	muestra que el animal también rebosa de alegría por haber vuelto con su familia...	manual	RES LIQUIDAE COR.xlsx	alegría	E2	1	example
liq-alegría-ar-0058	Res Liquidae	alegría	AR	verbal-instrumental	rebosar	Rebosaba de alegría de que yo pudiera ver el parecido de su padre в его лице...	manual	RES LIQUIDAE COR.xlsx	alegría	E2	1	example
liq-alegría-ar-0059	Res Liquidae	alegría	AR	verbal-instrumental	rebosar	Los flamantes papás de Rufina rebosan de alegría y la joven actriz celebró la primera semana...	manual	RES LIQUIDAE COR.xlsx	alegría	E2	1	example
liq-alegría-ar-0060	Res Liquidae	alegría	AR	substantive	aluvión	justamente, como la primera murga " Aluvión de Alegría  AR	manual	RES LIQUIDAE COR.xlsx	alegría	G2	1	example
liq-alegría-ar-0061	Res Liquidae	alegría	AR	substantive	aluvión	hace tres años había una agrupación que se llamaba Aluvión de Alegría	manual	RES LIQUIDAE COR.xlsx	alegría	G2	1	example
liq-alegría-ar-0062	Res Liquidae	alegría	AR	substantive	chorro	TV Chorro de alegría AR	manual	RES LIQUIDAE COR.xlsx	alegría	G2	1	example
liq-alegría-ar-0063	Res Liquidae	alegría	AR	substantive	chorro	iertos chorros de alegría que me atravesaban en la adolescencia?	manual	RES LIQUIDAE COR.xlsx	alegría	G2	1	example
liq-alegría-bo-0001	Res Liquidae	alegría	BO	verbal-objective	fluir	los presentes dejaron fluir su alegría	manual	RES LIQUIDAE COR.xlsx	alegría	B3	1	example
liq-alegría-bo-0002	Res Liquidae	alegría	BO	verbal-subject-intransitive		? alegría	manual	RES LIQUIDAE COR.xlsx	alegría	D3	0	absent
liq-alegría-bo-0003	Res Liquidae	alegría	BO	verbal-instrumental	inundar de	las actividades de el carnaval recuperan la identidad milenaria e inunda de alegría a los bolivianos	manual	RES LIQUIDAE COR.xlsx	alegría	E3	1	example
liq-alegría-bo-0004	Res Liquidae	alegría	BO	verbal-instrumental	inundar de	su estreno en España, daba la vuelta a la manzana, lo que me inundó de alegría —sobre todo porque un amigo ya me había comprado la entrada	manual	RES LIQUIDAE COR.xlsx	alegría	E3	1	example
liq-alegría-bo-0005	Res Liquidae	alegría	BO	verbal-instrumental	inundar de	Niños y adultos inundaron de alegría el coliseo, con bailes, juegos	manual	RES LIQUIDAE COR.xlsx	alegría	E3	1	example
liq-alegría-bo-0006	Res Liquidae	alegría	BO	verbal-instrumental	rebosar	Los qataríes rebosan de alegría en las calles de Doha tras cantar victoria	manual	RES LIQUIDAE COR.xlsx	alegría	E3	1	example
liq-alegría-bo-0007	Res Liquidae	alegría	BO	verbal-instrumental	rebosar	los residentes de Uruguay que rebosaban de alegría en la celebración	manual	RES LIQUIDAE COR.xlsx	alegría	E3	1	example
liq-alegría-bo-0009	Res Liquidae	alegría	BO	substantive	brote de	de	manual	RES LIQUIDAE COR.xlsx	alegría	G3	1	example
liq-alegría-bo-0010	Res Liquidae	alegría	BO	substantive	brote de	se han registrado aislados brotes de alegría en la ultramarina Hawá	manual	RES LIQUIDAE COR.xlsx	alegría	G3	1	example
liq-alegría-cl-0001	Res Liquidae	alegría	CL	verbal-objective	derramar	una comparsa con marionetas gigantes derramará alegría	manual	RES LIQUIDAE COR.xlsx	alegría	B4	1	example
liq-alegría-cl-0002	Res Liquidae	alegría	CL	verbal-subject-transitive	inundar	Desde el primer día su alegría inundó mi corazón y se volvió el mejor partne	manual	RES LIQUIDAE COR.xlsx	alegría	C4	1	example
liq-alegría-cl-0003	Res Liquidae	alegría	CL	verbal-subject-transitive	inundar	La alegría azul inunda Plaza Italia Los hinchas de la U. de Chile	manual	RES LIQUIDAE COR.xlsx	alegría	C4	1	example
liq-alegría-cl-0004	Res Liquidae	alegría	CL	verbal-subject-transitive	inundar	la alegría inundará tu relación de pareja	manual	RES LIQUIDAE COR.xlsx	alegría	C4	1	example
liq-alegría-cl-0005	Res Liquidae	alegría	CL	verbal-subject-transitive	inundar	La alegría navideña inunda a muchos, en particular las líneas aéreas	manual	RES LIQUIDAE COR.xlsx	alegría	C4	1	example
liq-alegría-cl-0006	Res Liquidae	alegría	CL	verbal-subject-transitive	inundar	# La alegría sigue inundando el camarín de " La Roja	manual	RES LIQUIDAE COR.xlsx	alegría	C4	1	example
liq-alegría-cl-0007	Res Liquidae	alegría	CL	verbal-subject-transitive	inundar	cuantas alegrías inundan y eclipsan cualquier cansancio	manual	RES LIQUIDAE COR.xlsx	alegría	C4	1	example
liq-alegría-cl-0008	Res Liquidae	alegría	CL	verbal-subject-transitive	inundar	tristeza y a el mismo tiempo la alegría inundaron a Kit Harington cuando grabó su última escena de' Game of Thrones	manual	RES LIQUIDAE COR.xlsx	alegría	C4	1	example
liq-alegría-cl-0009	Res Liquidae	alegría	CL	verbal-subject-transitive	inundar	Cierto es que la alegría inunda a el equipo chileno de Copa Davis	manual	RES LIQUIDAE COR.xlsx	alegría	C4	1	example
liq-alegría-cl-0010	Res Liquidae	alegría	CL	verbal-subject-transitive	inundar	Gritos de celebración y alegría inundaron la simbólica Plaza de Bolívar en Bogotá el sábado por la noch	manual	RES LIQUIDAE COR.xlsx	alegría	C4	1	example
liq-alegría-cl-0011	Res Liquidae	alegría	CL	verbal-subject-intransitive	fluir	esa alegría no fluye	manual	RES LIQUIDAE COR.xlsx	alegría	D4	1	example
liq-alegría-cl-0012	Res Liquidae	alegría	CL	verbal-subject-intransitive	brotar	La alegría interna, la alegría que brota de el corazón como de su fuent	manual	RES LIQUIDAE COR.xlsx	alegría	D4	1	example
liq-alegría-cl-0013	Res Liquidae	alegría	CL	verbal-subject-intransitive	brotar	Y tras el paso, el milagroso paso, brotó la alegría	manual	RES LIQUIDAE COR.xlsx	alegría	D4	1	example
liq-alegría-cl-0014	Res Liquidae	alegría	CL	verbal-subject-intransitive	rebosar	La alegría rebosaba en el DT argentino, que llenó de elogios a sus dirigidos:	manual	RES LIQUIDAE COR.xlsx	alegría	D4	1	example
liq-alegría-cl-0015	Res Liquidae	alegría	CL	verbal-subject-intransitive	rebosar	la alegría rebosa en los voluntarios de la Sexta Compañía	manual	RES LIQUIDAE COR.xlsx	alegría	D4	1	example
liq-alegría-cl-0016	Res Liquidae	alegría	CL	verbal-instrumental	inundar de	Es una actividad extraordinaria, que nos inunda de alegría CL	manual	RES LIQUIDAE COR.xlsx	alegría	E4	1	example
liq-alegría-cl-0017	Res Liquidae	alegría	CL	verbal-instrumental	inundar de	este espectáculo de arte popular, que inunde de alegría y color la ciudad  CL	manual	RES LIQUIDAE COR.xlsx	alegría	E4	1	example
liq-alegría-cl-0018	Res Liquidae	alegría	CL	verbal-instrumental	inundar de	entre otros temas musicales que inundaron de alegría y magia las dependencias gubernamentales en vísperas de Navida	manual	RES LIQUIDAE COR.xlsx	alegría	E4	1	example
liq-alegría-cl-0019	Res Liquidae	alegría	CL	verbal-instrumental	inundar de	Con zamacueca y tumbes, la comunidad afrodescendiente de Arica inundó con la alegría de su cultura viva el salón de Honor de el Congreso Naciona	manual	RES LIQUIDAE COR.xlsx	alegría	E4	1	example
liq-alegría-cl-0020	Res Liquidae	alegría	CL	verbal-instrumental	rebosar	retoños, quienes le rebosan el corazón de alegría y amor	manual	RES LIQUIDAE COR.xlsx	alegría	E4	1	example
liq-alegría-cl-0021	Res Liquidae	alegría	CL	verbal-instrumental	rebosar	estas últimas rebosaban de alegría y no paraban de sonreír.	manual	RES LIQUIDAE COR.xlsx	alegría	E4	1	example
liq-alegría-cl-0022	Res Liquidae	alegría	CL	substantive	gota de	Cuando termine, le habrán escurrido hasta la última gota de alegría	manual	RES LIQUIDAE COR.xlsx	alegría	G4	1	example
liq-alegría-co-0001	Res Liquidae	alegría	CO	verbal-objective	derramar	1os atrevemos a contar algunas anécdotas maravillosas de humor campesino y de apuntes reidores de recuerdos siempre gratos que derramaban euforia y alegría	manual	RES LIQUIDAE COR.xlsx	alegría	B5	1	example
liq-alegría-co-0002	Res Liquidae	alegría	CO	verbal-subject-transitive	inundar	El video, dirigido por Mike Ho, muestra la unidad y la alegría que inunda las calles de muchas ciudades de el mundo durante la época de la Copa Mundia	manual	RES LIQUIDAE COR.xlsx	alegría	C5	1	example
liq-alegría-co-0003	Res Liquidae	alegría	CO	verbal-subject-transitive	inundar	La alegría también' inunda' las taquillas y viaja con cada usuario de el MÍO	manual	RES LIQUIDAE COR.xlsx	alegría	C5	1	example
liq-alegría-co-0004	Res Liquidae	alegría	CO	verbal-subject-transitive	inundar	la alegría que inunda todos los rincones	manual	RES LIQUIDAE COR.xlsx	alegría	C5	1	example
liq-alegría-co-0005	Res Liquidae	alegría	CO	verbal-subject-transitive	inundar	La alegría inunda a Diego Umaña cada vez que viene a Barranquilla	manual	RES LIQUIDAE COR.xlsx	alegría	C5	1	example
liq-alegría-co-0006	Res Liquidae	alegría	CO	verbal-subject-transitive	inundar	la alegría inundaba el lugar y entre nervios y risas transcurrían las funciones	manual	RES LIQUIDAE COR.xlsx	alegría	C5	1	example
liq-alegría-co-0007	Res Liquidae	alegría	CO	verbal-subject-transitive	inundar	Sin embargo, una nueva alegría inundaría los corazones escarlatas	manual	RES LIQUIDAE COR.xlsx	alegría	C5	1	example
liq-alegría-co-0008	Res Liquidae	alegría	CO	verbal-subject-transitive	inundar	La celebración y alegría inundó las calles argentinas	manual	RES LIQUIDAE COR.xlsx	alegría	C5	1	example
liq-alegría-co-0009	Res Liquidae	alegría	CO	verbal-subject-transitive	inundar	La alegría inundó los corazones de los jugadores	manual	RES LIQUIDAE COR.xlsx	alegría	C5	1	example
liq-alegría-co-0010	Res Liquidae	alegría	CO	verbal-subject-transitive	inundar	Pero ya pasada la ceremonia, la alegría lo inundó todo.	manual	RES LIQUIDAE COR.xlsx	alegría	C5	1	example
liq-alegría-co-0011	Res Liquidae	alegría	CO	verbal-subject-transitive	inundar	pero a los 38 llegó ese estallido de gol y de alegría que inundó el estadio Arena Mordovia de Saransk	manual	RES LIQUIDAE COR.xlsx	alegría	C5	1	example
liq-alegría-co-0012	Res Liquidae	alegría	CO	verbal-subject-intransitive	derramar	la alegría que se derrama de la experiencia es clara	manual	RES LIQUIDAE COR.xlsx	alegría	D5	1	example
liq-alegría-co-0013	Res Liquidae	alegría	CO	verbal-subject-intransitive	brotar	omo en toda Barranquilla, la alegría brota en cada esquina en todas las formas posible	manual	RES LIQUIDAE COR.xlsx	alegría	D5	1	example
liq-alegría-co-0014	Res Liquidae	alegría	CO	verbal-subject-intransitive	brotar	Le brota la alegría por los poros	manual	RES LIQUIDAE COR.xlsx	alegría	D5	1	example
liq-alegría-co-0015	Res Liquidae	alegría	CO	verbal-subject-intransitive	brotar	por eso a el final de el partido con Perú brotó la alegría por todos los rincones de el paí	manual	RES LIQUIDAE COR.xlsx	alegría	D5	1	example
liq-alegría-co-0016	Res Liquidae	alegría	CO	verbal-subject-intransitive	brotar	brota una alegría enorme en la población, regresan las tradicione	manual	RES LIQUIDAE COR.xlsx	alegría	D5	1	example
liq-alegría-co-0017	Res Liquidae	alegría	CO	verbal-subject-intransitive	brotar	Antonio Enrique Alviz también deja que su alegría brote sin reparos	manual	RES LIQUIDAE COR.xlsx	alegría	D5	1	example
liq-alegría-co-0018	Res Liquidae	alegría	CO	verbal-subject-intransitive	brotar	A Leonel Álvarez le brota alegría por todos los poros	manual	RES LIQUIDAE COR.xlsx	alegría	D5	1	example
liq-alegría-co-0019	Res Liquidae	alegría	CO	verbal-subject-intransitive	diluirse	La alegría entonces se diluía	manual	RES LIQUIDAE COR.xlsx	alegría	D5	1	example
liq-alegría-co-0020	Res Liquidae	alegría	CO	verbal-subject-intransitive	rebosar	rebosa la alegría rusa por el mal ajeno	manual	RES LIQUIDAE COR.xlsx	alegría	D5	1	example
liq-alegría-co-0021	Res Liquidae	alegría	CO	verbal-instrumental	inundar de	inundado alegría	manual	RES LIQUIDAE COR.xlsx	alegría	E5	12	inline
liq-alegría-co-0022	Res Liquidae	alegría	CO	verbal-instrumental	inundar de	el alma entera se me inunda de alegría	manual	RES LIQUIDAE COR.xlsx	alegría	E5	0	illustrative
liq-alegría-co-0023	Res Liquidae	alegría	CO	verbal-instrumental	inundar de	a selección inunde de alegría una nación futbolera que tantos jugadores de calida	manual	RES LIQUIDAE COR.xlsx	alegría	E5	0	illustrative
liq-alegría-co-0024	Res Liquidae	alegría	CO	verbal-instrumental	inundar de	sensibilidad de estos pequeños artistas inundarán de alegría la Plaza de Bolívar	manual	RES LIQUIDAE COR.xlsx	alegría	E5	0	illustrative
liq-alegría-co-0025	Res Liquidae	alegría	CO	verbal-instrumental	inundar de	l tambor y la flauta de carrizo, inundando de alegría, color y tradición las jornadas que buscan inundar de alegría la vida de los niños	manual	RES LIQUIDAE COR.xlsx	alegría	E5	0	illustrative
liq-alegría-co-0026	Res Liquidae	alegría	CO	verbal-instrumental	inundar de	para iluminar e inundar de alegría las calles de la localida	manual	RES LIQUIDAE COR.xlsx	alegría	E5	0	illustrative
liq-alegría-co-0027	Res Liquidae	alegría	CO	verbal-instrumental	inundar de	Esta declaración inundó de alegría a los partidarios de Piñera	manual	RES LIQUIDAE COR.xlsx	alegría	E5	0	illustrative
liq-alegría-co-0028	Res Liquidae	alegría	CO	verbal-instrumental	inundar de	donde inundó de alegría a toda la niñez que participó de el evento	manual	RES LIQUIDAE COR.xlsx	alegría	E5	0	illustrative
liq-alegría-co-0029	Res Liquidae	alegría	CO	verbal-instrumental	inundar de	a asistencia de la verdadera agrupación' Niche' que se tomó el escenario, inundó de alegría y baile a todos sus asistentes.	manual	RES LIQUIDAE COR.xlsx	alegría	E5	0	illustrative
liq-alegría-co-0030	Res Liquidae	alegría	CO	verbal-instrumental	inundar de	na multitud desbordante de pequeñines inundó de alegría las instalaciones de la Sede Campestre de Pance.	manual	RES LIQUIDAE COR.xlsx	alegría	E5	0	illustrative
liq-alegría-co-0031	Res Liquidae	alegría	CO	verbal-instrumental	inundar de	escuelas de la ciudad los que inundaron con alegría el primer desfile de la Feria	manual	RES LIQUIDAE COR.xlsx	alegría	E5	0	illustrative
liq-alegría-co-0032	Res Liquidae	alegría	CO	verbal-instrumental	inundar de	Los permisos se gestionaron y la noticia inundó de alegría a todos los integrantes	manual	RES LIQUIDAE COR.xlsx	alegría	E5	0	illustrative
liq-alegría-co-0033	Res Liquidae	alegría	CO	verbal-instrumental	rebosar	Yo rebosaba de alegría con mis regalos	manual	RES LIQUIDAE COR.xlsx	alegría	E5	1	example
liq-alegría-co-0034	Res Liquidae	alegría	CO	verbal-instrumental	rebosar	el ambiente rebosaba de alegría	manual	RES LIQUIDAE COR.xlsx	alegría	E5	1	example
liq-alegría-co-0035	Res Liquidae	alegría	CO	verbal-instrumental	rebosar	hacer rebosar nuestras vidas de alegría	manual	RES LIQUIDAE COR.xlsx	alegría	E5	1	example
liq-alegría-co-0036	Res Liquidae	alegría	CO	substantive	torrente	Un torrente de desbordante alegría abre hoy el carnaval de Barranquilla	manual	RES LIQUIDAE COR.xlsx	alegría	G5	1	example
liq-alegría-co-0037	Res Liquidae	alegría	CO	substantive	torrente	en medio de un torrente de alegría	manual	RES LIQUIDAE COR.xlsx	alegría	G5	1	example
liq-alegría-co-0038	Res Liquidae	alegría	CO	substantive	gota de	n la espalda fue una gota de alegría en un océano de desesperanza	manual	RES LIQUIDAE COR.xlsx	alegría	G5	1	example
liq-alegría-co-0039	Res Liquidae	alegría	CO	substantive	chorro	emás de el líquido encontramos fueron chorros de alegría en medio de la comunidad	manual	RES LIQUIDAE COR.xlsx	alegría	G5	1	example
liq-alegría-cr-0001	Res Liquidae	alegría	CR	verbal-subject-transitive	inundar	La alegría inunda Santa Clara, el paso de los transeúntes	manual	RES LIQUIDAE COR.xlsx	alegría	C6	1	example
liq-alegría-cr-0004	Res Liquidae	alegría	CR	verbal-instrumental	inundar	Y esta certidumbre inunda de alegría mi yo último	manual	RES LIQUIDAE COR.xlsx	alegría	E6	1	example
liq-alegría-cr-0005	Res Liquidae	alegría	CR	verbal-instrumental	inundar	Giuliana inundó de alegría la casa de la familia	manual	RES LIQUIDAE COR.xlsx	alegría	E6	1	example
liq-alegría-cu-0001	Res Liquidae	alegría	CU	verbal-objective	derramar	Argeo Martínez derramó alegría en la último día de el año CU	manual	RES LIQUIDAE COR.xlsx	alegría	B7	1	example
liq-alegría-cu-0002	Res Liquidae	alegría	CU	verbal-objective	fluir	permitió fluir la alegría	manual	RES LIQUIDAE COR.xlsx	alegría	B7	1	example
liq-alegría-cu-0003	Res Liquidae	alegría	CU	verbal-objective	rebosar	en estos días en que los granmenses rebosan alegría por haber obtenido la sede...	manual	RES LIQUIDAE COR.xlsx	alegría	B7	1	example
liq-alegría-cu-0004	Res Liquidae	alegría	CU	verbal-objective	rebosar	Por eso rebosa alegría en una epístola dirigida a Manuel Mercado desde Nueva York...	manual	RES LIQUIDAE COR.xlsx	alegría	B7	1	example
liq-alegría-cu-0005	Res Liquidae	alegría	CU	verbal-objective	rebosar	de el rostro de la escultura le es totalmente ajena a la alegría plena que rebosa el personaje	manual	RES LIQUIDAE COR.xlsx	alegría	B7	1	example
liq-alegría-cu-0006	Res Liquidae	alegría	CU	verbal-subject-transitive	inundar	la alegría inunda los pueblos	manual	RES LIQUIDAE COR.xlsx	alegría	C7	1	example
liq-alegría-cu-0007	Res Liquidae	alegría	CU	verbal-subject-transitive	inundar	La alegría inunda desde la madrugada a el pueblo de Artemisa	manual	RES LIQUIDAE COR.xlsx	alegría	C7	1	example
liq-alegría-cu-0009	Res Liquidae	alegría	CU	verbal-subject-transitive	inundar	La alegría inundó los rostros de los nuevos cederistas	manual	RES LIQUIDAE COR.xlsx	alegría	C7	1	example
liq-alegría-cu-0010	Res Liquidae	alegría	CU	verbal-subject-transitive	inundar	La alegría inunda Santa Clara, el paso de los transeúntes	manual	RES LIQUIDAE COR.xlsx	alegría	C7	1	example
liq-alegría-cu-0011	Res Liquidae	alegría	CU	verbal-subject-transitive	inundar	La alegría inundó el teatro Avellaneda, donde sus letras y su carisma hicieron posible echar a volar	manual	RES LIQUIDAE COR.xlsx	alegría	C7	1	example
liq-alegría-cu-0012	Res Liquidae	alegría	CU	verbal-subject-intransitive	fluir	la alegría que fluye de el teatro hecho por niño	manual	RES LIQUIDAE COR.xlsx	alegría	D7	1	example
liq-alegría-cu-0013	Res Liquidae	alegría	CU	verbal-subject-intransitive	fluir	La alegría fluyó aún más	manual	RES LIQUIDAE COR.xlsx	alegría	D7	1	example
liq-alegría-cu-0014	Res Liquidae	alegría	CU	verbal-subject-intransitive	brotar	Con la alegría espontánea que brota de los niños de la Compañía Infantil La Colmenita	manual	RES LIQUIDAE COR.xlsx	alegría	D7	1	example
liq-alegría-cu-0015	Res Liquidae	alegría	CU	verbal-subject-intransitive	brotar	cuando la felicidad parecía inundar le el alma, cuando la alegría le brotaba de cada palabra como un surco fértil que se llena de fruto	manual	RES LIQUIDAE COR.xlsx	alegría	D7	1	example
liq-alegría-cu-0016	Res Liquidae	alegría	CU	verbal-subject-intransitive	brotar	Una alegría que brota de la esperanza dejaron en la afición los equipos femenino y masculino cubano	manual	RES LIQUIDAE COR.xlsx	alegría	D7	1	example
liq-alegría-cu-0017	Res Liquidae	alegría	CU	verbal-subject-intransitive	brotar	el terreno como en la gradas, que el Latino se engalane, y que brote la alegría, la musica, sin tensió	manual	RES LIQUIDAE COR.xlsx	alegría	D7	1	example
liq-alegría-cu-0018	Res Liquidae	alegría	CU	verbal-subject-intransitive	brotar	entonces que brote la alegría por cada nueva victoria de la Patria	manual	RES LIQUIDAE COR.xlsx	alegría	D7	1	example
liq-alegría-cu-0019	Res Liquidae	alegría	CU	verbal-instrumental	inundado	el despertar inunda de alegría la casa	manual	RES LIQUIDAE COR.xlsx	alegría	E7	1	example
liq-alegría-cu-0020	Res Liquidae	alegría	CU	verbal-instrumental	inundado	Sancti Spíritus espantó su sueño y se inundó de alegría para abrazar a su equipo	manual	RES LIQUIDAE COR.xlsx	alegría	E7	1	example
liq-alegría-cu-0021	Res Liquidae	alegría	CU	verbal-instrumental	inundado	habrá lámpara maravillosa para largo inundando de alegría y fiesta la espaciosa Avenida de el Puerto	manual	RES LIQUIDAE COR.xlsx	alegría	E7	1	example
liq-alegría-cu-0022	Res Liquidae	alegría	CU	verbal-instrumental	inundado	Las calles se inundaron de alegría y se hizo el changüí que para cada Primero de Mayo	manual	RES LIQUIDAE COR.xlsx	alegría	E7	1	example
liq-alegría-cu-0023	Res Liquidae	alegría	CU	verbal-instrumental	inundado	Todos inundarán de alegría las escuelas	manual	RES LIQUIDAE COR.xlsx	alegría	E7	1	example
liq-alegría-cu-0024	Res Liquidae	alegría	CU	verbal-instrumental	rebosar	El fútbol rebosa de alegría en Europa por la gran paridad existente.	manual	RES LIQUIDAE COR.xlsx	alegría	E7	1	example
liq-alegría-cu-0025	Res Liquidae	alegría	CU	verbal-instrumental	rebosar	la vieja Mariana, rebosando de alegría, entra en su cuarto, coge un crucifijo...	manual	RES LIQUIDAE COR.xlsx	alegría	E7	1	example
liq-alegría-cu-0026	Res Liquidae	alegría	CU	verbal-instrumental	rebosar	su madre, rebosando de alegría por la respuesta patriótica de sus hijos, los hizo jurar...	manual	RES LIQUIDAE COR.xlsx	alegría	E7	1	example
liq-alegría-cu-0027	Res Liquidae	alegría	CU	verbal-instrumental	rebosar	al contrario, la hace rebosar de alegría al asegurar que es la de más experiencia.	manual	RES LIQUIDAE COR.xlsx	alegría	E7	1	example
liq-alegría-cu-0028	Res Liquidae	alegría	CU	verbal-instrumental	rebosar	donde estaría Fidel, y mi huésped rebosaba de alegría.	manual	RES LIQUIDAE COR.xlsx	alegría	E7	1	example
liq-alegría-cu-0029	Res Liquidae	alegría	CU	verbal-instrumental	rebosar	Eddy Herrera dijo que esta rebosando de alegría por la noticia de la Unesco...	manual	RES LIQUIDAE COR.xlsx	alegría	E7	1	example
liq-alegría-cu-0030	Res Liquidae	alegría	CU	verbal-instrumental	rebosar	Evidentemente la embajadora Samantha Power rebosaba de alegría когда anunció en la ONU...	manual	RES LIQUIDAE COR.xlsx	alegría	E7	1	example
liq-alegría-cu-0031	Res Liquidae	alegría	CU	verbal-instrumental	rebosar	mientras yo me hacía la infeliz aunque rebosara de alegría por dentro.	manual	RES LIQUIDAE COR.xlsx	alegría	E7	1	example
liq-alegría-cu-0032	Res Liquidae	alegría	CU	verbal-instrumental	rebosar	la vieja Mariana, rebosando en alegría, entra en su cuarto, coge un crucifijo...	manual	RES LIQUIDAE COR.xlsx	alegría	E7	1	example
liq-alegría-cu-0033	Res Liquidae	alegría	CU	verbal-instrumental	rebosar	...este pueblo que agradece su inmenso sacrificio, ahora rebosa de alegría por su regreso...	manual	RES LIQUIDAE COR.xlsx	alegría	E7	1	example
liq-alegría-cu-0034	Res Liquidae	alegría	CU	verbal-instrumental	rebosar	...el carnaval santiaguero, que rebosará de alegría	manual	RES LIQUIDAE COR.xlsx	alegría	E7	1	example
liq-alegría-cu-0035	Res Liquidae	alegría	CU	substantive	aluvión	Al amanecer entre mis vecinos hubo un aluvión de alegría en medio de tanta tristezas a el ver nos vivo	manual	RES LIQUIDAE COR.xlsx	alegría	G7	1	example
liq-alegría-cu-0036	Res Liquidae	alegría	CU	substantive	desbordamiento	el desbordamiento oceánico de alegría pura y sincera	manual	RES LIQUIDAE COR.xlsx	alegría	G7	1	example
liq-alegría-cu-0037	Res Liquidae	alegría	CU	substantive	gota de	" No estoy seguro chorro de alegría.	manual	RES LIQUIDAE COR.xlsx	alegría	G7	1	example
liq-alegría-do-0001	Res Liquidae	alegría	DO	verbal-objective	verter	Este famoso coctel de color rosa, llega para verter alegría en las copas de quienes persiguen disfruta	manual	RES LIQUIDAE COR.xlsx	alegría	B8	1	example
liq-alegría-do-0002	Res Liquidae	alegría	DO	verbal-subject-transitive	inundar	donde la magia y la alegría inundaron la noche para el deleite de los asistentes	manual	RES LIQUIDAE COR.xlsx	alegría	C8	1	example
liq-alegría-do-0003	Res Liquidae	alegría	DO	verbal-subject-transitive	inundar	pasado domingo fue uno de esos días en los que la alegría inundó su corazón, un corazón que siente y vive por la música	manual	RES LIQUIDAE COR.xlsx	alegría	C8	1	example
liq-alegría-do-0004	Res Liquidae	alegría	DO	verbal-subject-transitive	rebosar	Me rebosa la alegría, en los 2. 3 dominicanos que han participado en los diversos...	manual	RES LIQUIDAE COR.xlsx	alegría	C8	1	example
liq-alegría-do-0005	Res Liquidae	alegría	DO	verbal-subject-transitive	rebosar	Pienso, y a el pensar me rebosa la alegría, en los 2 millones trescientos mil dominicanos..	manual	RES LIQUIDAE COR.xlsx	alegría	C8	1	example
liq-alegría-do-0006	Res Liquidae	alegría	DO	verbal-subject-intransitive	fluir	Al hablar de sus progenitores la alegría fluye	manual	RES LIQUIDAE COR.xlsx	alegría	D8	1	example
liq-alegría-do-0007	Res Liquidae	alegría	DO	verbal-subject-intransitive	brotar	La alegría brota en la piel dominicana. Si algo destaca la cultura dominicana es la jocosidad	manual	RES LIQUIDAE COR.xlsx	alegría	D8	1	example
liq-alegría-do-0008	Res Liquidae	alegría	DO	verbal-subject-intransitive	brotar	grupo pasa por las calles como' pequeños traviesos', brotando alegría y dinamismo por cada pavimento que pasa	manual	RES LIQUIDAE COR.xlsx	alegría	D8	1	example
liq-alegría-do-0009	Res Liquidae	alegría	DO	verbal-subject-intransitive	brotar	la alegría le brotaba a borbotones por los poros	manual	RES LIQUIDAE COR.xlsx	alegría	D8	1	example
liq-alegría-do-0010	Res Liquidae	alegría	DO	verbal-subject-intransitive	brotar	Sus alegres bailes durante los desfiles hacen que la alegría brote por doquier mientras la gente intenta escapar de sus vejigazos	manual	RES LIQUIDAE COR.xlsx	alegría	D8	1	example
liq-alegría-do-0011	Res Liquidae	alegría	DO	verbal-instrumental	rebosar	Dios todopoderoso, rebosar de santa alegría y, gozosos, elevar a ti...	manual	RES LIQUIDAE COR.xlsx	alegría	E8	1	example
liq-alegría-do-0012	Res Liquidae	alegría	DO	verbal-instrumental	rebosar	El evento terminó con un público rebosado de alegría, que gracias a esta iniciativa...	manual	RES LIQUIDAE COR.xlsx	alegría	E8	1	example
liq-alegría-do-0013	Res Liquidae	alegría	DO	verbal-instrumental	rebosar	verás cómo tu corazón se rebosará de alegría y tu espíritu se elevará...	manual	RES LIQUIDAE COR.xlsx	alegría	E8	1	example
liq-alegría-do-0014	Res Liquidae	alegría	DO	verbal-instrumental	rebosar	los familiares y amigos de la joven, rebosaron de alegría en una celebración...	manual	RES LIQUIDAE COR.xlsx	alegría	E8	1	example
liq-alegría-do-0015	Res Liquidae	alegría	DO	verbal-instrumental	rebosar	Los estudiantes y profesores de La Romana y San Pedro de Macorís rebosaban de alegría este miércoles...	manual	RES LIQUIDAE COR.xlsx	alegría	E8	1	example
liq-alegría-do-0016	Res Liquidae	alegría	DO	verbal-instrumental	rebosar	Ellos eran quienes ayer rebosaban de alegría y más de uno invitó...	manual	RES LIQUIDAE COR.xlsx	alegría	E8	1	example
liq-alegría-ec-0001	Res Liquidae	alegría	EC	verbal-objective	diluir	gol de el argentino Néstor Martinena a los 90 minutos diluyó la alegría de el cuadro guayaquileñ	manual	RES LIQUIDAE COR.xlsx	alegría	B9	1	example
liq-alegría-ec-0002	Res Liquidae	alegría	EC	verbal-subject-transitive	inundar	La alegría inunda la plaza de Los Óvalos	manual	RES LIQUIDAE COR.xlsx	alegría	C9	1	example
liq-alegría-ec-0003	Res Liquidae	alegría	EC	verbal-subject-transitive	inundar	deja que la gratitud y la alegría inunden tu vida	manual	RES LIQUIDAE COR.xlsx	alegría	C9	1	example
liq-alegría-ec-0004	Res Liquidae	alegría	EC	verbal-subject-transitive	inundar	u propia felicidad y cuando la encuentre, su alegría inundará su relación de pareja	manual	RES LIQUIDAE COR.xlsx	alegría	C9	1	example
liq-alegría-ec-0005	Res Liquidae	alegría	EC	verbal-subject-transitive	inundar	l cotejo los festejos y la alegría inundaron el tradicional coliseo capitalino	manual	RES LIQUIDAE COR.xlsx	alegría	C9	1	example
liq-alegría-ec-0006	Res Liquidae	alegría	EC	verbal-subject-transitive	salpicar	La alegría por este triunfo salpicó inmediatamente a el conjunto suizo	manual	RES LIQUIDAE COR.xlsx	alegría	C9	1	example
liq-alegría-ec-0007	Res Liquidae	alegría	EC	verbal-subject-intransitive	fluir	esta alegría solo fluye cuando el pastor está en medio de su rebaño	manual	RES LIQUIDAE COR.xlsx	alegría	D9	1	example
liq-alegría-ec-0008	Res Liquidae	alegría	EC	verbal-subject-intransitive	brotar	Alegría que brota de la esperanza # El central Isbel Mesa mostró un ascenso en La Haban	manual	RES LIQUIDAE COR.xlsx	alegría	D9	1	example
liq-alegría-ec-0009	Res Liquidae	alegría	EC	verbal-instrumental	inundar de	inundan de alegría las céntricas calles de la ciudad	manual	RES LIQUIDAE COR.xlsx	alegría	E9	1	example
liq-alegría-ec-0010	Res Liquidae	alegría	EC	verbal-instrumental	rebosar	El rostro de Danna Santos rebosó de alegría.	manual	RES LIQUIDAE COR.xlsx	alegría	E9	1	example
liq-alegría-ec-0011	Res Liquidae	alegría	EC	verbal-instrumental	rebosar	Hoy mi corazón rebosa de alegría con estas escena	manual	RES LIQUIDAE COR.xlsx	alegría	E9	1	example
liq-alegría-es-0001	Res Liquidae	alegría	ES	verbal-objective	fluir	Hay que dejar fluir la alegría	manual	RES LIQUIDAE COR.xlsx	alegría	B10	1	example
liq-alegría-es-0002	Res Liquidae	alegría	ES	verbal-objective	fluir	dejando fluir esa alegría	manual	RES LIQUIDAE COR.xlsx	alegría	B10	1	example
liq-alegría-es-0003	Res Liquidae	alegría	ES	verbal-objective	rebosar	comienzan diez días festivos en los que Pradoluengo rebosa alegría, alboroto, música y cultura...	manual	RES LIQUIDAE COR.xlsx	alegría	B10	1	example
liq-alegría-es-0004	Res Liquidae	alegría	ES	verbal-objective	rebosar	Cristina Pedroche rebosa alegría, estilo y arte por los cuatro costados.	manual	RES LIQUIDAE COR.xlsx	alegría	B10	1	example
liq-alegría-es-0005	Res Liquidae	alegría	ES	verbal-objective	rebosar	Hoy la Plaza de Ópera rebosaba feminismo, ilusión y alegría.	manual	RES LIQUIDAE COR.xlsx	alegría	B10	1	example
liq-alegría-es-0006	Res Liquidae	alegría	ES	verbal-objective	rebosar	Yeyeba rebosa alegría, felicidad, es una expresión de albricias...	manual	RES LIQUIDAE COR.xlsx	alegría	B10	1	example
liq-alegría-es-0007	Res Liquidae	alegría	ES	verbal-objective	rebosar	Sin duda, dos personajes que rebosan alegría.	manual	RES LIQUIDAE COR.xlsx	alegría	B10	1	example
liq-alegría-es-0008	Res Liquidae	alegría	ES	verbal-objective	rebosar	ebosaban alegría porque los dos, desde sus centros comerciales...	manual	RES LIQUIDAE COR.xlsx	alegría	B10	1	example
liq-alegría-es-0009	Res Liquidae	alegría	ES	verbal-objective	rebosar	Ahora, la panadería rebosa alegría gracias a los vecinos...	manual	RES LIQUIDAE COR.xlsx	alegría	B10	1	example
liq-alegría-es-0010	Res Liquidae	alegría	ES	verbal-objective	rebosar	ahora el lugar rebosa ternura y alegría...	manual	RES LIQUIDAE COR.xlsx	alegría	B10	1	example
liq-alegría-es-0011	Res Liquidae	alegría	ES	verbal-objective	rebosar	rebosó alegría al recibir la en compañía de su pareja...	manual	RES LIQUIDAE COR.xlsx	alegría	B10	1	example
liq-alegría-es-0012	Res Liquidae	alegría	ES	verbal-objective	rebosar	Ni que decir tiene que rebosaban alegría, pues capturar la primera lamprea...	manual	RES LIQUIDAE COR.xlsx	alegría	B10	1	example
liq-alegría-es-0013	Res Liquidae	alegría	ES	verbal-objective	rebosar	rebosando «alegría de vivir», como pondría en un pie de foto...	manual	RES LIQUIDAE COR.xlsx	alegría	B10	1	example
liq-alegría-es-0014	Res Liquidae	alegría	ES	verbal-objective	rebosar	un pueblo que ese día rebosa alegría y colorido.	manual	RES LIQUIDAE COR.xlsx	alegría	B10	1	example
liq-alegría-es-0015	Res Liquidae	alegría	ES	verbal-objective	rebosar	Calles y plazas de el casco urbano rebosan hoy alegría con motivo de las fiestas...	manual	RES LIQUIDAE COR.xlsx	alegría	B10	1	example
liq-alegría-es-0016	Res Liquidae	alegría	ES	verbal-objective	rebosar	Rebosan alegría y no hay más que ver les.	manual	RES LIQUIDAE COR.xlsx	alegría	B10	1	example
liq-alegría-es-0017	Res Liquidae	alegría	ES	verbal-objective	rebosar	Europa rebosa alegría.	manual	RES LIQUIDAE COR.xlsx	alegría	B10	1	example
liq-alegría-es-0018	Res Liquidae	alegría	ES	verbal-objective	rebosar	.ha comentado a Efe con una cara que rebosaba alegría y felicidad.	manual	RES LIQUIDAE COR.xlsx	alegría	B10	1	example
liq-alegría-es-0019	Res Liquidae	alegría	ES	verbal-objective	rebosar	Estas paredes rebosan alegría каждый segundo fin de semana de septiembre...	manual	RES LIQUIDAE COR.xlsx	alegría	B10	1	example
liq-alegría-es-0020	Res Liquidae	alegría	ES	verbal-objective	rebosar	un vivero: rebosaba alegría y vitalidad.	manual	RES LIQUIDAE COR.xlsx	alegría	B10	1	example
liq-alegría-es-0021	Res Liquidae	alegría	ES	verbal-objective	rebosar	destaca la alegría que rebosa el posado, un buen augurio...	manual	RES LIQUIDAE COR.xlsx	alegría	B10	1	example
liq-alegría-es-0022	Res Liquidae	alegría	ES	verbal-objective	rebosar	.porque rebosaba ilusión, alegría de ver cómo al fin todo...	manual	RES LIQUIDAE COR.xlsx	alegría	B10	1	example
liq-alegría-es-0023	Res Liquidae	alegría	ES	verbal-objective	rebosar	rebosa alegría por colocar a su amor entre los mejores...	manual	RES LIQUIDAE COR.xlsx	alegría	B10	1	example
liq-alegría-es-0024	Res Liquidae	alegría	ES	verbal-objective	rebosar	rebosa emotividad y alegría.	manual	RES LIQUIDAE COR.xlsx	alegría	B10	1	example
liq-alegría-es-0025	Res Liquidae	alegría	ES	verbal-objective	rebosar	Rebosaba salud y alegría sin que las jornadas exhaustivas...	manual	RES LIQUIDAE COR.xlsx	alegría	B10	1	example
liq-alegría-es-0026	Res Liquidae	alegría	ES	verbal-objective	rebosar	Pero no solo la calle rebosaba alegría, colorido y público sino que el patio...	manual	RES LIQUIDAE COR.xlsx	alegría	B10	1	example
liq-alegría-es-0027	Res Liquidae	alegría	ES	verbal-objective	rebosar	La sonrisa y alegría que rebosaban las gimnastas españolas, un equipo	manual	RES LIQUIDAE COR.xlsx	alegría	B10	1	example
liq-alegría-es-0028	Res Liquidae	alegría	ES	verbal-objective	rebosar	La juvenil y fantástica ciudad de Salamanca que rebosa juventud y alegría.	manual	RES LIQUIDAE COR.xlsx	alegría	B10	1	example
liq-alegría-es-0029	Res Liquidae	alegría	ES	verbal-subject-transitive	inundar	Cuando terminó en segundo lugar la alegría nos inundó	manual	RES LIQUIDAE COR.xlsx	alegría	C10	1	example
liq-alegría-es-0030	Res Liquidae	alegría	ES	verbal-subject-transitive	inundar	La alegría inundó la transitada zona, a escasos metros de la Catedral de San Salvador	manual	RES LIQUIDAE COR.xlsx	alegría	C10	1	example
liq-alegría-es-0031	Res Liquidae	alegría	ES	verbal-subject-transitive	inundar	La alegría inundó las calles, sobre todo, el número 8 de la calle Jovellano	manual	RES LIQUIDAE COR.xlsx	alegría	C10	1	example
liq-alegría-es-0032	Res Liquidae	alegría	ES	verbal-subject-transitive	inundar	la alegría inundó la Parte Vieja	manual	RES LIQUIDAE COR.xlsx	alegría	C10	1	example
liq-alegría-es-0033	Res Liquidae	alegría	ES	verbal-subject-transitive	inundar	La alegría también inundó la administración número 2 de Vinaròs	manual	RES LIQUIDAE COR.xlsx	alegría	C10	1	example
liq-alegría-es-0034	Res Liquidae	alegría	ES	verbal-subject-transitive	inundar	La alegría inundó el local, azuzada, entre otros, por David	manual	RES LIQUIDAE COR.xlsx	alegría	C10	1	example
liq-alegría-es-0035	Res Liquidae	alegría	ES	verbal-subject-transitive	inundar	los tres minutos, la alegría inundará su alma	manual	RES LIQUIDAE COR.xlsx	alegría	C10	1	example
liq-alegría-es-0036	Res Liquidae	alegría	ES	verbal-subject-transitive	inundar	La alegría inundó los domicilios de las dos elegidas tras los nombramientos	manual	RES LIQUIDAE COR.xlsx	alegría	C10	1	example
liq-alegría-es-0037	Res Liquidae	alegría	ES	verbal-subject-transitive	inundar	as lentejuelas, el glitter y la alegría lo inundaron todo	manual	RES LIQUIDAE COR.xlsx	alegría	C10	1	example
liq-alegría-es-0038	Res Liquidae	alegría	ES	verbal-subject-transitive	inundar	tras la alegría que inundó sus calles el pasado día 22, con el reparto íntegro de el Gordo	manual	RES LIQUIDAE COR.xlsx	alegría	C10	1	example
liq-alegría-es-0039	Res Liquidae	alegría	ES	verbal-subject-transitive	inundar	la alegría contagiosa inundó los hogares cubanos	manual	RES LIQUIDAE COR.xlsx	alegría	C10	1	example
liq-alegría-es-0040	Res Liquidae	alegría	ES	verbal-subject-transitive	inundar	os podéis imaginar la alegría que inundó mi corazón	manual	RES LIQUIDAE COR.xlsx	alegría	C10	1	example
liq-alegría-es-0041	Res Liquidae	alegría	ES	verbal-subject-transitive	inundar	no faltó la música, los bailes y la alegría, que inundó a la localidad	manual	RES LIQUIDAE COR.xlsx	alegría	C10	1	example
liq-alegría-es-0042	Res Liquidae	alegría	ES	verbal-subject-transitive	inundar	La alegría inunda el vestuario de el líder	manual	RES LIQUIDAE COR.xlsx	alegría	C10	1	example
liq-alegría-es-0043	Res Liquidae	alegría	ES	verbal-subject-transitive	inundar	Una alegría inmensa inunda este pequeño hoga	manual	RES LIQUIDAE COR.xlsx	alegría	C10	1	example
liq-alegría-es-0044	Res Liquidae	alegría	ES	verbal-subject-transitive	inundar	La alegría lo inunda todo cuando aparece' el Gordo	manual	RES LIQUIDAE COR.xlsx	alegría	C10	1	example
liq-alegría-es-0045	Res Liquidae	alegría	ES	verbal-subject-transitive	inundar	a celebración y la alegría inundaron su hogar el Día de Acción de Gracias	manual	RES LIQUIDAE COR.xlsx	alegría	C10	1	example
liq-alegría-es-0046	Res Liquidae	alegría	ES	verbal-subject-transitive	inundar	maravillosa nación " que es Colombia ha destacado la alegría " que inunda nuestros corazones	manual	RES LIQUIDAE COR.xlsx	alegría	C10	1	example
liq-alegría-es-0047	Res Liquidae	alegría	ES	verbal-subject-transitive	inundar	la progenitora destacó la alegría que inunda a el pequeño cada día	manual	RES LIQUIDAE COR.xlsx	alegría	C10	1	example
liq-alegría-es-0048	Res Liquidae	alegría	ES	verbal-subject-transitive	inundar	la primera victoria y la alegría inunda a niños y padres.	manual	RES LIQUIDAE COR.xlsx	alegría	C10	1	example
liq-alegría-es-0049	Res Liquidae	alegría	ES	verbal-subject-transitive	inundar	alegría contagiosa inunda las calles palentinas los días feriales	manual	RES LIQUIDAE COR.xlsx	alegría	C10	1	example
liq-alegría-es-0050	Res Liquidae	alegría	ES	verbal-subject-transitive	inundar	El optimismo y la alegría inundaron la sede nacional de el partido en Venta	manual	RES LIQUIDAE COR.xlsx	alegría	C10	1	example
liq-alegría-es-0051	Res Liquidae	alegría	ES	verbal-subject-transitive	inundar	La alegría inunda cada canción de la banda madrileña	manual	RES LIQUIDAE COR.xlsx	alegría	C10	1	example
liq-alegría-es-0053	Res Liquidae	alegría	ES	verbal-subject-transitive	inundar	aras de alegría y felicidad inundaron sus rostros nada más finalizar la prueba	manual	RES LIQUIDAE COR.xlsx	alegría	C10	1	example
liq-alegría-es-0054	Res Liquidae	alegría	ES	verbal-subject-transitive	inundar	puede ser que con esas compañías la alegría inunde las ideas de Rajoy,	manual	RES LIQUIDAE COR.xlsx	alegría	C10	1	example
liq-alegría-es-0055	Res Liquidae	alegría	ES	verbal-subject-transitive	inundar	mostró hace un par de meses la alegría que le inundaba en su cuenta atrás para dar a luz	manual	RES LIQUIDAE COR.xlsx	alegría	C10	1	example
liq-alegría-es-0056	Res Liquidae	alegría	ES	verbal-subject-transitive	inundar	su alegría inundará nuestro ser. Y el mundo será más luminoso	manual	RES LIQUIDAE COR.xlsx	alegría	C10	1	example
liq-alegría-es-0057	Res Liquidae	alegría	ES	verbal-subject-transitive	inundar	Una explosión de color y alegría inundará las calles garachiquenses para festejar las carnestolendas.	manual	RES LIQUIDAE COR.xlsx	alegría	C10	1	example
liq-alegría-es-0058	Res Liquidae	alegría	ES	verbal-subject-transitive	inundar	s el conocido « himno de la alegría » que inundará la Sala Sinfónica de el Auditorio Nacional.	manual	RES LIQUIDAE COR.xlsx	alegría	C10	1	example
liq-alegría-es-0059	Res Liquidae	alegría	ES	verbal-subject-transitive	inundar	en la gran noche de la ilusión y alegría que inundará este sábado las calles de la localidad sexitana para entregar los regalos a pequeños	manual	RES LIQUIDAE COR.xlsx	alegría	C10	1	example
liq-alegría-es-0060	Res Liquidae	alegría	ES	verbal-subject-transitive	inundar	cuerdes de todos estos momentos en los que la alegría inundaba el plató	manual	RES LIQUIDAE COR.xlsx	alegría	C10	1	example
liq-alegría-es-0061	Res Liquidae	alegría	ES	verbal-subject-transitive	inundar	# Pájaros, árboles, colorido y alegría inundan los ascensos a todas las consultas y habitaciones, contagiando de alegría e ilusión	manual	RES LIQUIDAE COR.xlsx	alegría	C10	1	example
liq-alegría-es-0062	Res Liquidae	alegría	ES	verbal-subject-transitive	inundar	Alegría y euforia inundaron el Hotel Barceló, donde CiudadanosMálaga recibió anoche la noticia de los cuatro escaños	manual	RES LIQUIDAE COR.xlsx	alegría	C10	1	example
liq-alegría-es-0063	Res Liquidae	alegría	ES	verbal-subject-transitive	inundar	. La alegría inundaba a el madridismo, que obliga ahora a el Barça	manual	RES LIQUIDAE COR.xlsx	alegría	C10	1	example
liq-alegría-es-0064	Res Liquidae	alegría	ES	verbal-subject-transitive	inundar	e inundaba una alegría que me hacía cosquillas en los pies	manual	RES LIQUIDAE COR.xlsx	alegría	C10	1	example
liq-alegría-es-0065	Res Liquidae	alegría	ES	verbal-subject-transitive	fluir	alegría crecida fluyendo en el entorno	manual	RES LIQUIDAE COR.xlsx	alegría	C10	1	example
liq-alegría-es-0066	Res Liquidae	alegría	ES	verbal-subject-intransitive	brotar	1vivir y ofrecer la alegría que brota de la fe y de la esperanza cristianas	manual	RES LIQUIDAE COR.xlsx	alegría	D10	1	example
liq-alegría-es-0067	Res Liquidae	alegría	ES	verbal-subject-intransitive	brotar	vivir y ofrecer la alegría que brota de la fe y de la esperanza cristiana	manual	RES LIQUIDAE COR.xlsx	alegría	D10	1	example
liq-alegría-es-0068	Res Liquidae	alegría	ES	verbal-subject-intransitive	brotar	de sus cenizas brote la alegría, paz y concordia	manual	RES LIQUIDAE COR.xlsx	alegría	D10	1	example
liq-alegría-es-0069	Res Liquidae	alegría	ES	verbal-subject-intransitive	brotar	Los monjes y las monjas, entregados sólo a Dios en soledad y silencio beben de la fuente, que es Jesucristo, de la que brotan esa alegría y ese entusiasmo	manual	RES LIQUIDAE COR.xlsx	alegría	D10	1	example
liq-alegría-es-0070	Res Liquidae	alegría	ES	verbal-subject-intransitive	brotar	Cuando vivimos conectados a Él lo que brota es alegría, es el don de poder reír nos de nosotros mismo	manual	RES LIQUIDAE COR.xlsx	alegría	D10	1	example
liq-alegría-es-0071	Res Liquidae	alegría	ES	verbal-subject-intransitive	brotar	la alegría que brota de la maldad, la más pura de todas, es incontrolable	manual	RES LIQUIDAE COR.xlsx	alegría	D10	1	example
liq-alegría-es-0072	Res Liquidae	alegría	ES	verbal-subject-intransitive	brotar	de dónde brota la sana alegría que irradian	manual	RES LIQUIDAE COR.xlsx	alegría	D10	1	example
liq-alegría-es-0073	Res Liquidae	alegría	ES	verbal-subject-intransitive	brotar	la alegría que brota de la conciencia de haber recibido un gran don de Dios	manual	RES LIQUIDAE COR.xlsx	alegría	D10	1	example
liq-alegría-es-0074	Res Liquidae	alegría	ES	verbal-subject-intransitive	brotar	. En Düsseldorf, semanas después de el accidente, le brotó la alegría.	manual	RES LIQUIDAE COR.xlsx	alegría	D10	1	example
liq-alegría-es-0075	Res Liquidae	alegría	ES	verbal-subject-intransitive	brotar	brota la alegría de el fondo de el corazón a el sentir nos amados de Dios	manual	RES LIQUIDAE COR.xlsx	alegría	D10	1	example
liq-alegría-es-0076	Res Liquidae	alegría	ES	verbal-subject-intransitive	brotar	Lo hacía de manera constante, siempre, natural, con esa alegría que le brotaba e irradiaba ES la alegría les brota por los poro	manual	RES LIQUIDAE COR.xlsx	alegría	D10	1	example
liq-alegría-es-0077	Res Liquidae	alegría	ES	verbal-subject-intransitive	brotar	renovamos la alegría pascual que brota de el hecho de que nosotros somos " su pueblo y ovejas de su rebaño	manual	RES LIQUIDAE COR.xlsx	alegría	D10	1	example
liq-alegría-es-0078	Res Liquidae	alegría	ES	verbal-subject-intransitive	brotar	Es la alegría que brota de la conciencia de haber recibido un gran don de Dios	manual	RES LIQUIDAE COR.xlsx	alegría	D10	1	example
liq-alegría-es-0079	Res Liquidae	alegría	ES	verbal-subject-intransitive	brotar	La alegría que brota de la celebración de la Santa Navidad	manual	RES LIQUIDAE COR.xlsx	alegría	D10	1	example
liq-alegría-es-0080	Res Liquidae	alegría	ES	verbal-subject-intransitive	brotar	el pie de el árbol de la zambomba de Higuero brotó la alegría como fuente de la vida	manual	RES LIQUIDAE COR.xlsx	alegría	D10	1	example
liq-alegría-es-0081	Res Liquidae	alegría	ES	verbal-subject-intransitive	diluirse	la alegría se diluyó	manual	RES LIQUIDAE COR.xlsx	alegría	D10	1	example
liq-alegría-es-0082	Res Liquidae	alegría	ES	verbal-subject-intransitive	diluirse	una piscina en la que se van a diluir lágrimas de alegría	manual	RES LIQUIDAE COR.xlsx	alegría	D10	1	example
liq-alegría-es-0083	Res Liquidae	alegría	ES	verbal-subject-intransitive	rebosar	La alegría rebosaba entre todos los militantes y apoderados de Vox...	manual	RES LIQUIDAE COR.xlsx	alegría	D10	1	example
liq-alegría-es-0084	Res Liquidae	alegría	ES	verbal-subject-intransitive	rebosar	La alegría rebosa en el seno de el equipo DISA Copi Sport...	manual	RES LIQUIDAE COR.xlsx	alegría	D10	1	example
liq-alegría-es-0085	Res Liquidae	alegría	ES	verbal-subject-intransitive	rebosar	Debía rebosar la alegría de los podiums, su simpatía habitual pero sólo ofreciía...	manual	RES LIQUIDAE COR.xlsx	alegría	D10	1	example
liq-alegría-es-0086	Res Liquidae	alegría	ES	verbal-instrumental	inundar de	inundado alegría	manual	RES LIQUIDAE COR.xlsx	alegría	E10	23	inline
liq-alegría-es-0087	Res Liquidae	alegría	ES	verbal-instrumental	inundar de	ocalidad oscense vecina de 2. 000 habitantes, también inundada de alegría, cava y abrazos.	manual	RES LIQUIDAE COR.xlsx	alegría	E10	0	illustrative
liq-alegría-es-0089	Res Liquidae	alegría	ES	verbal-instrumental	inundar de	Una alegría inmensa inunda este pequeño hoga	manual	RES LIQUIDAE COR.xlsx	alegría	E10	0	illustrative
liq-alegría-es-0090	Res Liquidae	alegría	ES	verbal-instrumental	inundar de	los dibujos animados que inundarán de alegría el parque	manual	RES LIQUIDAE COR.xlsx	alegría	E10	0	illustrative
liq-alegría-es-0091	Res Liquidae	alegría	ES	verbal-instrumental	inundar de	Los Reyes Magos de Oriente inundarán de alegría y de ilusión todo el día de hoy	manual	RES LIQUIDAE COR.xlsx	alegría	E10	0	illustrative
liq-alegría-es-0092	Res Liquidae	alegría	ES	verbal-instrumental	inundar de	ncuentro será la Plaza de España, que se inundará de la alegría de ver cómo, finalmente, Jesús venció a la muerte	manual	RES LIQUIDAE COR.xlsx	alegría	E10	0	illustrative
liq-alegría-es-0093	Res Liquidae	alegría	ES	verbal-instrumental	inundar de	apirotes de azul Hiniesta inundarán de alegría la ciudad intramuros en las primeras horas de la tard	manual	RES LIQUIDAE COR.xlsx	alegría	E10	0	illustrative
liq-alegría-es-0094	Res Liquidae	alegría	ES	verbal-instrumental	inundar de	os encargados de animar el gran desfile huertano que inundará de alegría y diversión las diferentes arterias de la pedanía.	manual	RES LIQUIDAE COR.xlsx	alegría	E10	0	illustrative
liq-alegría-es-0095	Res Liquidae	alegría	ES	verbal-instrumental	inundar de	las calles se inundan de alegría, de color y música	manual	RES LIQUIDAE COR.xlsx	alegría	E10	0	illustrative
liq-alegría-es-0096	Res Liquidae	alegría	ES	verbal-instrumental	inundar de	, las sevillanas de Amigos de Gines inundarán de alegría las calles de Benamocarra.	manual	RES LIQUIDAE COR.xlsx	alegría	E10	0	illustrative
liq-alegría-es-0097	Res Liquidae	alegría	ES	verbal-instrumental	inundar de	l colorido de los disfraces inundarán de alegría y diversión las calles norteñas	manual	RES LIQUIDAE COR.xlsx	alegría	E10	0	illustrative
liq-alegría-es-0098	Res Liquidae	alegría	ES	verbal-instrumental	inundar de	rias charangas durante los cuatr días de fiesta, que inundan de alegría y color, las calles y plazas de la localidad	manual	RES LIQUIDAE COR.xlsx	alegría	E10	0	illustrative
liq-alegría-es-0099	Res Liquidae	alegría	ES	verbal-instrumental	inundar de	de un dibujo animado que inundarán de alegría el parque.	manual	RES LIQUIDAE COR.xlsx	alegría	E10	0	illustrative
liq-alegría-es-0100	Res Liquidae	alegría	ES	verbal-instrumental	inundar de	u capacidad para rebosar e inundar de alegría a los que se dejaban la garganta por é	manual	RES LIQUIDAE COR.xlsx	alegría	E10	0	illustrative
liq-alegría-es-0101	Res Liquidae	alegría	ES	verbal-instrumental	inundar de	El ascenso inunda de alegría a jugadores como José Suárez o Gerard Gumbau	manual	RES LIQUIDAE COR.xlsx	alegría	E10	0	illustrative
liq-alegría-es-0102	Res Liquidae	alegría	ES	verbal-instrumental	inundar de	Los jóvenes, con sus coloristas camisetas, inundan de alegría el primer día de las celebraciones patronales de la capita	manual	RES LIQUIDAE COR.xlsx	alegría	E10	0	illustrative
liq-alegría-es-0103	Res Liquidae	alegría	ES	verbal-instrumental	inundar de	nos 25. 000 euros por cupón que inundaron de alegría a la población de Silla en esta cuesta de enero.	manual	RES LIQUIDAE COR.xlsx	alegría	E10	0	illustrative
liq-alegría-es-0104	Res Liquidae	alegría	ES	verbal-instrumental	inundar de	Otra de las tradiciones que inunda de alegría Vélez Rubio es la de los' Inocentes	manual	RES LIQUIDAE COR.xlsx	alegría	E10	0	illustrative
liq-alegría-es-0105	Res Liquidae	alegría	ES	verbal-instrumental	inundar de	iños, unos más vergonzosos que otros, que lo inundan todo de alegría.	manual	RES LIQUIDAE COR.xlsx	alegría	E10	0	illustrative
liq-alegría-es-0106	Res Liquidae	alegría	ES	verbal-instrumental	inundar de	la administración de loterías de un centro comercial en Peñacastillo (Santander) se inundó de alegría	manual	RES LIQUIDAE COR.xlsx	alegría	E10	0	illustrative
liq-alegría-es-0107	Res Liquidae	alegría	ES	verbal-instrumental	inundar de	inundó de alegría a toda Miranda de Ebro a el marcar el tercero local de cabeza	manual	RES LIQUIDAE COR.xlsx	alegría	E10	0	illustrative
liq-alegría-es-0108	Res Liquidae	alegría	ES	verbal-instrumental	inundar de	el año pasado inundó de alegría el sur de Tenerif	manual	RES LIQUIDAE COR.xlsx	alegría	E10	0	illustrative
liq-alegría-es-0109	Res Liquidae	alegría	ES	verbal-instrumental	rebosar	Hoy, una semana después de su inauguración, rebosa de alegría y los niños juegan...	manual	RES LIQUIDAE COR.xlsx	alegría	E10	1	example
liq-alegría-es-0110	Res Liquidae	alegría	ES	verbal-instrumental	rebosar	la Cidade da Cultura, que en las últimas jornadas rebosó de la alegría e ilusión de los pequeños...	manual	RES LIQUIDAE COR.xlsx	alegría	E10	1	example
liq-alegría-es-0111	Res Liquidae	alegría	ES	verbal-instrumental	rebosar	día «en el que nuestro corazón rebosa de alegría» fueron otros de los momentos...	manual	RES LIQUIDAE COR.xlsx	alegría	E10	1	example
liq-alegría-es-0112	Res Liquidae	alegría	ES	verbal-instrumental	rebosar	cuando en realidad debiéramos rebosar de alegría por ese anuncio que se hace realidad.	manual	RES LIQUIDAE COR.xlsx	alegría	E10	1	example
liq-alegría-es-0113	Res Liquidae	alegría	ES	verbal-instrumental	rebosar	«Qué bonita está mi Cádiz... Que rebosa de alegría cuando se pone a luchar»...	manual	RES LIQUIDAE COR.xlsx	alegría	E10	1	example
liq-alegría-es-0114	Res Liquidae	alegría	ES	verbal-instrumental	rebosar	cuando se hace, «el corazón rebosa de alegría»...	manual	RES LIQUIDAE COR.xlsx	alegría	E10	1	example
liq-alegría-es-0115	Res Liquidae	alegría	ES	verbal-instrumental	rebosar	la que tiene mi padre, su habilidad para que una habitación rebose de alegría...	manual	RES LIQUIDAE COR.xlsx	alegría	E10	1	example
liq-alegría-es-0116	Res Liquidae	alegría	ES	verbal-instrumental	rebosar	el ganador de el premio rebosa de alegría por su premio y Montoro consigue...	manual	RES LIQUIDAE COR.xlsx	alegría	E10	1	example
liq-alegría-es-0117	Res Liquidae	alegría	ES	verbal-instrumental	rebosar	La tripulación rebosó de alegría cuando finalmente divisaron tierra...	manual	RES LIQUIDAE COR.xlsx	alegría	E10	1	example
liq-alegría-es-0118	Res Liquidae	alegría	ES	verbal-instrumental	rebosar	Rebosando de alegría, este domingo dijo que quiere elecciones inmediatas...	manual	RES LIQUIDAE COR.xlsx	alegría	E10	1	example
liq-alegría-es-0119	Res Liquidae	alegría	ES	verbal-instrumental	rebosar	El pasado viernes las calles de la localidad rebosaban de alegría al ver el desfile...	manual	RES LIQUIDAE COR.xlsx	alegría	E10	1	example
liq-alegría-es-0120	Res Liquidae	alegría	ES	verbal-instrumental	rebosar	La remozada plaza rebosaba de alegría y color por parte de las peñas.	manual	RES LIQUIDAE COR.xlsx	alegría	E10	1	example
liq-alegría-es-0121	Res Liquidae	alegría	ES	verbal-instrumental	rebosar	.tus ambientes de exterior e interior rebosarán de alegría.	manual	RES LIQUIDAE COR.xlsx	alegría	E10	1	example
liq-alegría-es-0122	Res Liquidae	alegría	ES	attributive	derramado	osé Miguel Gambín y, en especial, mi hermano Pablo, que disfrutó poco más de cuatro meses de un ministerio a el que llegó con la alegría derramada de el Evangelio	manual	RES LIQUIDAE COR.xlsx	alegría	F10	1	example
liq-alegría-es-0123	Res Liquidae	alegría	ES	attributive	diluido	Alegría diluida en el palco de el Santiago Bernabéu con la goleada a el Celt	manual	RES LIQUIDAE COR.xlsx	alegría	F10	1	example
liq-alegría-es-0124	Res Liquidae	alegría	ES	substantive	brote	destruye cualquier brote de alegría e ilusión que todos deberíamos tene	manual	RES LIQUIDAE COR.xlsx	alegría	G10	1	example
liq-alegría-es-0125	Res Liquidae	alegría	ES	substantive	desbordamiento	para dejar se llevar por desbordamientos de alegría -o de cólera ES	manual	RES LIQUIDAE COR.xlsx	alegría	G10	1	example
liq-alegría-es-0126	Res Liquidae	alegría	ES	substantive	desbordamiento	Por eso, los congregantes están radiantes, pletóricos, felices, un desbordamiento de alegría que ha contagiado a los centenares de personas	manual	RES LIQUIDAE COR.xlsx	alegría	G10	1	example
liq-alegría-es-0127	Res Liquidae	alegría	ES	substantive	torrente	es un torrente de alegría contagiosa. ES	manual	RES LIQUIDAE COR.xlsx	alegría	G10	1	example
liq-alegría-es-0128	Res Liquidae	alegría	ES	substantive	torrente	ue un blanco perfecto es un torrente de alegría que invade todo el espíritu de el arquero ES	manual	RES LIQUIDAE COR.xlsx	alegría	G10	1	example
liq-alegría-es-0129	Res Liquidae	alegría	ES	substantive	torrente	Fue todo un torrente de alegrías el que inundó las maderas nobles y las alfombras de buen pelo	manual	RES LIQUIDAE COR.xlsx	alegría	G10	1	example
liq-alegría-es-0130	Res Liquidae	alegría	ES	substantive	gota de	Un bloque sólido pero con las gotas de alegría, intrínsecas a su historia ES	manual	RES LIQUIDAE COR.xlsx	alegría	G10	1	example
liq-alegría-es-0131	Res Liquidae	alegría	ES	substantive	gota de	Morenito de Maracay, puso gotas de alegría ante otra mala vaca de Montealto ES	manual	RES LIQUIDAE COR.xlsx	alegría	G10	1	example
liq-alegría-es-0132	Res Liquidae	alegría	ES	substantive	gota de	Tan sólo es una gota de alegría en un mar terriblemente revuelto. ES	manual	RES LIQUIDAE COR.xlsx	alegría	G10	1	example
liq-alegría-es-0133	Res Liquidae	alegría	ES	substantive	gota de	la legendaria banda Queen, y aportó una gota de alegría a el arranque de una campañ	manual	RES LIQUIDAE COR.xlsx	alegría	G10	1	example
liq-alegría-es-0134	Res Liquidae	alegría	ES	substantive	chorro	Su chorro de alegría le está viniendo fenomenal a un equipo ES	manual	RES LIQUIDAE COR.xlsx	alegría	G10	1	example
liq-alegría-es-0135	Res Liquidae	alegría	ES	substantive	chorro	es además un chorro de alegría dentro de el vestuari	manual	RES LIQUIDAE COR.xlsx	alegría	G10	1	example
liq-alegría-gt-0001	Res Liquidae	alegría	GT	verbal-subject-transitive	inundar	La alegría continúa inundando a los aficionados de el país vecino, gracias a las dos victoria	manual	RES LIQUIDAE COR.xlsx	alegría	C11	1	example
liq-alegría-gt-0002	Res Liquidae	alegría	GT	verbal-subject-intransitive	derramar	los que el elenco comparte cómo es trabajar con Waititi, la alegría que se derrama de la experiencia es clar	manual	RES LIQUIDAE COR.xlsx	alegría	D11	1	example
liq-alegría-hn-0002	Res Liquidae	alegría	HN	verbal-subject-transitive	inundar	Una alegría plena inundó el auditorio a el dar se a conocer la apertura de la segunda etapa	manual	RES LIQUIDAE COR.xlsx	alegría	C12	1	example
liq-alegría-hn-0003	Res Liquidae	alegría	HN	verbal-subject-transitive	inundar	la alegría que inundaba su hogar	manual	RES LIQUIDAE COR.xlsx	alegría	C12	1	example
liq-alegría-hn-0004	Res Liquidae	alegría	HN	verbal-instrumental	inundar de	Las risas infantiles inundaron de alegría la escuela "" José Elías Nazar	manual	RES LIQUIDAE COR.xlsx	alegría	E12	1	example
liq-alegría-hn-0005	Res Liquidae	alegría	HN	substantive	torrente	La nueva institucionalidd electoral ha generado torrentes de alegría como todo lo nuevo	manual	RES LIQUIDAE COR.xlsx	alegría	G12	1	example
liq-alegría-mx-0001	Res Liquidae	alegría	MX	verbal-objective	fluir	la alegría comenzó a fluir en las calles	manual	RES LIQUIDAE COR.xlsx	alegría	B13	1	example
liq-alegría-mx-0002	Res Liquidae	alegría	MX	verbal-objective	rebosar	Los 50. 027 espectadores de Do Dragao, lleno, rebosaban alegría.	manual	RES LIQUIDAE COR.xlsx	alegría	B13	1	example
liq-alegría-mx-0003	Res Liquidae	alegría	MX	verbal-objective	rebosar	Rebosan juventud y alegría por cada poro.	manual	RES LIQUIDAE COR.xlsx	alegría	B13	1	example
liq-alegría-mx-0004	Res Liquidae	alegría	MX	verbal-objective	rebosar	Ariel rebosaba alegría en la fiesta colectiva por ser el día de el empleado.	manual	RES LIQUIDAE COR.xlsx	alegría	B13	1	example
liq-alegría-mx-0005	Res Liquidae	alegría	MX	verbal-objective	rebosar	Entonces el changuito rebosaba todavía alegría.	manual	RES LIQUIDAE COR.xlsx	alegría	B13	1	example
liq-alegría-mx-0006	Res Liquidae	alegría	MX	verbal-subject-transitive	inundar	inundar alegría	manual	RES LIQUIDAE COR.xlsx	alegría	C13	16	inline
liq-alegría-mx-0007	Res Liquidae	alegría	MX	verbal-subject-transitive	inundar	masaje en las manos a un soldado, dice con una alegría que le inunda los ojos	manual	RES LIQUIDAE COR.xlsx	alegría	C13	0	illustrative
liq-alegría-mx-0008	Res Liquidae	alegría	MX	verbal-subject-transitive	inundar	estejaron sus XV años de vida; la emoción las inundaba, la alegría también, nunca imaginaron poder celebrar con una fiesta	manual	RES LIQUIDAE COR.xlsx	alegría	C13	0	illustrative
liq-alegría-mx-0009	Res Liquidae	alegría	MX	verbal-subject-transitive	inundar	Inunda color y alegría las calles de Guaymas por el Carnaval	manual	RES LIQUIDAE COR.xlsx	alegría	C13	0	illustrative
liq-alegría-mx-0010	Res Liquidae	alegría	MX	verbal-subject-transitive	inundar	la prosperidad y la alegría inunden sus hogares sin recato alguno	manual	RES LIQUIDAE COR.xlsx	alegría	C13	0	illustrative
liq-alegría-mx-0011	Res Liquidae	alegría	MX	verbal-subject-transitive	inundar	Con el merengue de el negrito, la alegría inundó el patio central de esta escuela	manual	RES LIQUIDAE COR.xlsx	alegría	C13	0	illustrative
liq-alegría-mx-0012	Res Liquidae	alegría	MX	verbal-subject-transitive	inundar	Una alegría está por inundar los corazones de María Fernanda Butterfield de Doroteo	manual	RES LIQUIDAE COR.xlsx	alegría	C13	0	illustrative
liq-alegría-mx-0013	Res Liquidae	alegría	MX	verbal-subject-transitive	inundar	Entre música y alegría que inundaron las instalaciones de el auditorio Benito Juárez de esta ciudad	manual	RES LIQUIDAE COR.xlsx	alegría	C13	0	illustrative
liq-alegría-mx-0014	Res Liquidae	alegría	MX	verbal-subject-transitive	inundar	La alegría inundó a la Bolsa Mexicana de Valores	manual	RES LIQUIDAE COR.xlsx	alegría	C13	0	illustrative
liq-alegría-mx-0015	Res Liquidae	alegría	MX	verbal-subject-transitive	inundar	uiero que en estas fechas la alegría inunde sus corazones, casa y universo	manual	RES LIQUIDAE COR.xlsx	alegría	C13	0	illustrative
liq-alegría-mx-0016	Res Liquidae	alegría	MX	verbal-subject-transitive	inundar	Alegría y paz inundaron el escenario de el Teatro Principal de el Centro Cultural de Nuevo Laredo	manual	RES LIQUIDAE COR.xlsx	alegría	C13	0	illustrative
liq-alegría-mx-0017	Res Liquidae	alegría	MX	verbal-subject-transitive	inundar	La alegría inundó las calles de la ciudad	manual	RES LIQUIDAE COR.xlsx	alegría	C13	0	illustrative
liq-alegría-mx-0018	Res Liquidae	alegría	MX	verbal-subject-transitive	inundar	La fiesta y alegría que inundó a el Maratón de la Ciudad de México tuvo gran intensidad	manual	RES LIQUIDAE COR.xlsx	alegría	C13	0	illustrative
liq-alegría-mx-0019	Res Liquidae	alegría	MX	verbal-subject-transitive	inundar	a qué se debe esta alegría que me inunda?	manual	RES LIQUIDAE COR.xlsx	alegría	C13	0	illustrative
liq-alegría-mx-0020	Res Liquidae	alegría	MX	verbal-subject-transitive	inundar	Crepita el fuego espiritual de Tere Ramírez. Toca primero. La alegría inunda el corazón de México	manual	RES LIQUIDAE COR.xlsx	alegría	C13	0	illustrative
liq-alegría-mx-0021	Res Liquidae	alegría	MX	verbal-subject-transitive	inundar	el buen ánimo y la alegría inundaron el ambiente	manual	RES LIQUIDAE COR.xlsx	alegría	C13	0	illustrative
liq-alegría-mx-0022	Res Liquidae	alegría	MX	verbal-subject-transitive	inundar	cuando le dijeron que estaba embarazada la alegría inundó su hogar	manual	RES LIQUIDAE COR.xlsx	alegría	C13	0	illustrative
liq-alegría-mx-0023	Res Liquidae	alegría	MX	verbal-subject-transitive	inundar	Pero a diferencia de la alegría que inundó a Kim y a Kourtney a el conocer que iban a ser tías	manual	RES LIQUIDAE COR.xlsx	alegría	C13	0	illustrative
liq-alegría-mx-0024	Res Liquidae	alegría	MX	verbal-subject-intransitive	derramar	los continuos y abundantes taponazos de sidra-champagne, marcaban cómo se derramaba la alegría a la par que diner	manual	RES LIQUIDAE COR.xlsx	alegría	D13	1	example
liq-alegría-mx-0025	Res Liquidae	alegría	MX	verbal-subject-intransitive	fluir	Una sustancia única es la alegría que fluye por la sobreabundancia de Alá	manual	RES LIQUIDAE COR.xlsx	alegría	D13	1	example
liq-alegría-mx-0026	Res Liquidae	alegría	MX	verbal-subject-intransitive	brotar	La alegría cristiana brota de la acción de gracias, sobre todo por el amor que el Seño	manual	RES LIQUIDAE COR.xlsx	alegría	D13	1	example
liq-alegría-mx-0027	Res Liquidae	alegría	MX	verbal-subject-intransitive	brotar	se viva una alegría que brota de el corazón agradecidos y que sale de el corazón que se arrepiente	manual	RES LIQUIDAE COR.xlsx	alegría	D13	1	example
liq-alegría-mx-0028	Res Liquidae	alegría	MX	verbal-subject-intransitive	brotar	Analiza pausadamente si tu alegría brota sólo de lo externo	manual	RES LIQUIDAE COR.xlsx	alegría	D13	1	example
liq-alegría-mx-0029	Res Liquidae	alegría	MX	verbal-subject-intransitive	brotar	LA ALEGRÍA brota desde el corazón de nosotros mismos, de la paz de la conciencia	manual	RES LIQUIDAE COR.xlsx	alegría	D13	1	example
liq-alegría-mx-0030	Res Liquidae	alegría	MX	verbal-subject-intransitive	brotar	La alegría brota de el corazón de el hombre a el sentir que Dios lo ama	manual	RES LIQUIDAE COR.xlsx	alegría	D13	1	example
liq-alegría-mx-0031	Res Liquidae	alegría	MX	verbal-subject-intransitive	brotar	de donde brota la alegría de la Navidad	manual	RES LIQUIDAE COR.xlsx	alegría	D13	1	example
liq-alegría-mx-0032	Res Liquidae	alegría	MX	verbal-subject-intransitive	brotar	la alegría que brota de tener a Dios con nosotros	manual	RES LIQUIDAE COR.xlsx	alegría	D13	1	example
liq-alegría-mx-0033	Res Liquidae	alegría	MX	verbal-subject-intransitive	brotar	Una alegría profunda que brota de el corazón mismo de la vida trinitaria	manual	RES LIQUIDAE COR.xlsx	alegría	D13	1	example
liq-alegría-mx-0034	Res Liquidae	alegría	MX	verbal-subject-intransitive	brotar	fue un espectáculo ver cómo de las entrañas de el enorme camión brotó la alegrí	manual	RES LIQUIDAE COR.xlsx	alegría	D13	1	example
liq-alegría-mx-0035	Res Liquidae	alegría	MX	verbal-subject-intransitive	diluirse	.la alegría se diluye a el comparar la con los 11 milloneS	manual	RES LIQUIDAE COR.xlsx	alegría	D13	1	example
liq-alegría-mx-0036	Res Liquidae	alegría	MX	verbal-instrumental	inundar de	inundado alegría	manual	RES LIQUIDAE COR.xlsx	alegría	E13	17	inline
liq-alegría-mx-0037	Res Liquidae	alegría	MX	verbal-instrumental	inundar de	uedó entre los diez primeros lugares de el mundo la inundo de alegría	manual	RES LIQUIDAE COR.xlsx	alegría	E13	0	illustrative
liq-alegría-mx-0038	Res Liquidae	alegría	MX	verbal-instrumental	inundar de	La Lluvia de Soles de Radio UA de O inunda de alegría a cientos de niños y niña	manual	RES LIQUIDAE COR.xlsx	alegría	E13	0	illustrative
liq-alegría-mx-0039	Res Liquidae	alegría	MX	verbal-instrumental	inundar de	De color y alegría se inundaron las principales calles de la ciudad con la celebración de el Carnaval Internacional	manual	RES LIQUIDAE COR.xlsx	alegría	E13	0	illustrative
liq-alegría-mx-0040	Res Liquidae	alegría	MX	verbal-instrumental	inundar de	e el lugar se inundaba de alegría	manual	RES LIQUIDAE COR.xlsx	alegría	E13	0	illustrative
liq-alegría-mx-0041	Res Liquidae	alegría	MX	verbal-instrumental	inundar de	l campeonato de las Chivas no sólo sirvió para inundar de alegría a la Nación Rojiblanca	manual	RES LIQUIDAE COR.xlsx	alegría	E13	0	illustrative
liq-alegría-mx-0042	Res Liquidae	alegría	MX	verbal-instrumental	inundar de	- Las aulas se inundan de alegría, con los juegos y las sonrisas de los pequeños	manual	RES LIQUIDAE COR.xlsx	alegría	E13	0	illustrative
liq-alegría-mx-0043	Res Liquidae	alegría	MX	verbal-instrumental	inundar de	uando inunden con su alegría espacios culturales y públicos de el Centro Histórico,	manual	RES LIQUIDAE COR.xlsx	alegría	E13	0	illustrative
liq-alegría-mx-0044	Res Liquidae	alegría	MX	verbal-instrumental	inundar de	coincide con uno de estos astros que inundan de alegría no sólo con su espectacularidad en la competencia	manual	RES LIQUIDAE COR.xlsx	alegría	E13	0	illustrative
liq-alegría-mx-0045	Res Liquidae	alegría	MX	verbal-instrumental	inundar de	el ritmo de el tradicional Brinco de el Chileno, inundando de alegría y colorido el escenario de el recinto	manual	RES LIQUIDAE COR.xlsx	alegría	E13	0	illustrative
liq-alegría-mx-0046	Res Liquidae	alegría	MX	verbal-instrumental	inundar de	el espíritu de el anciano dictador se inundó de alegría a el recibir la visita de Amada, su hija consentida	manual	RES LIQUIDAE COR.xlsx	alegría	E13	0	illustrative
liq-alegría-mx-0047	Res Liquidae	alegría	MX	verbal-instrumental	inundar de	Culiacán, entre otras hermosas canciones de ayer, inundaron de alegría y de nostalgia el recinto	manual	RES LIQUIDAE COR.xlsx	alegría	E13	0	illustrative
liq-alegría-mx-0048	Res Liquidae	alegría	MX	verbal-instrumental	inundar de	Los Lobos de la UAdeC se "" inundaron "" de alegría a el ganar el denominado Tazón de la Amistad	manual	RES LIQUIDAE COR.xlsx	alegría	E13	0	illustrative
liq-alegría-mx-0049	Res Liquidae	alegría	MX	verbal-instrumental	inundar de	, agradeció la organización de este evento, que durante ocho días inundó de alegría y color los corazones de miles de zacatecano	manual	RES LIQUIDAE COR.xlsx	alegría	E13	0	illustrative
liq-alegría-mx-0050	Res Liquidae	alegría	MX	verbal-instrumental	inundar de	yo siento que el alma entera se me inunda de alegría a el conjuro de la fecha	manual	RES LIQUIDAE COR.xlsx	alegría	E13	0	illustrative
liq-alegría-mx-0051	Res Liquidae	alegría	MX	verbal-instrumental	inundar de	entusiasmo de las niñas y niños por participar y conocer los juegos tradicionales inundó de alegría el sitio	manual	RES LIQUIDAE COR.xlsx	alegría	E13	0	illustrative
liq-alegría-mx-0052	Res Liquidae	alegría	MX	verbal-instrumental	inundar de	Perla' inunda de alegría a La Minerva # Entrañables.	manual	RES LIQUIDAE COR.xlsx	alegría	E13	0	illustrative
liq-alegría-mx-0053	Res Liquidae	alegría	MX	verbal-instrumental	rebosar	...Crecí en esta iglesia y en ella pasé todas las Navidades, el ambiente rebosaba de alegría...	manual	RES LIQUIDAE COR.xlsx	alegría	E13	1	example
liq-alegría-mx-0054	Res Liquidae	alegría	MX	verbal-instrumental	rebosar	La tierra de Don Quijote rebosó de colorido y alegría en la magna exposición...	manual	RES LIQUIDAE COR.xlsx	alegría	E13	1	example
liq-alegría-mx-0055	Res Liquidae	alegría	MX	verbal-instrumental	rebosar	.3 Acabo de rebosar de alegría, extasiada. Es una montaña rusa emocional...»	manual	RES LIQUIDAE COR.xlsx	alegría	E13	1	example
liq-alegría-mx-0056	Res Liquidae	alegría	MX	verbal-instrumental	rebosar	nos presentan a la madre de Quill y a este sujeto rebosando de alegría.	manual	RES LIQUIDAE COR.xlsx	alegría	E13	1	example
liq-alegría-mx-0057	Res Liquidae	alegría	MX	verbal-instrumental	rebosar	Su hija, Ana Gabriela Salazar, rebosa de alegría, aunque apenas menciona alguna palabra.	manual	RES LIQUIDAE COR.xlsx	alegría	E13	1	example
liq-alegría-mx-0059	Res Liquidae	alegría	MX	verbal-instrumental	rebosar	Este jueves, en un patio de Rectoría que rebosaba de alegría, los asistentes se volcaron...	manual	RES LIQUIDAE COR.xlsx	alegría	E13	1	example
liq-alegría-mx-0060	Res Liquidae	alegría	MX	substantive	flujo	el flujo de alegría que tienen nuestras músicas per se	manual	RES LIQUIDAE COR.xlsx	alegría	G13	1	example
liq-alegría-ni-0001	Res Liquidae	alegría	NI	verbal-objective	rebosar	spectadores de Do Dragao, lleno, rebosaban alegría	manual	RES LIQUIDAE COR.xlsx	alegría	B14	1	example
liq-alegría-ni-0002	Res Liquidae	alegría	NI	verbal-objective	rebosar	la crónica rebosa alegría	manual	RES LIQUIDAE COR.xlsx	alegría	B14	1	example
liq-alegría-ni-0003	Res Liquidae	alegría	NI	verbal-subject-transitive	inundar	La alegría inundó el corazón de las madres que con much	manual	RES LIQUIDAE COR.xlsx	alegría	C14	1	example
liq-alegría-ni-0004	Res Liquidae	alegría	NI	verbal-subject-transitive	inundar	la alegría inundó a los tres pequeños que corrieron a el lugar para premiar se con su paquete	manual	RES LIQUIDAE COR.xlsx	alegría	C14	1	example
liq-alegría-ni-0005	Res Liquidae	alegría	NI	verbal-subject-transitive	inundar	a alegría inundó el corazón de las madres que con mucho cariño agradecieron a las autoridades	manual	RES LIQUIDAE COR.xlsx	alegría	C14	1	example
liq-alegría-ni-0006	Res Liquidae	alegría	NI	verbal-subject-intransitive	derramar	toda esa Alegría que se derrama sobre nuestro País, y toda esa Fuerza	manual	RES LIQUIDAE COR.xlsx	alegría	D14	1	example
liq-alegría-ni-0007	Res Liquidae	alegría	NI	verbal-subject-intransitive	brotar	siente que su alegría brota de su corazón como gorriones que vuelan en busca de nuevas esperanzas	manual	RES LIQUIDAE COR.xlsx	alegría	D14	1	example
liq-alegría-ni-0008	Res Liquidae	alegría	NI	verbal-instrumental	rebosar	destacada atleta nicaragüense Sayra Laguna rebosa de alegría	manual	RES LIQUIDAE COR.xlsx	alegría	E14	1	example
liq-alegría-ni-0009	Res Liquidae	alegría	NI	verbal-instrumental	rebosar	una anciana de Rama Cay, rebosaba de alegría por recibir una casa nueva	manual	RES LIQUIDAE COR.xlsx	alegría	E14	1	example
liq-alegría-ni-0010	Res Liquidae	alegría	NI	verbal-instrumental	rebosar	En la Arquidiócesis de Managua rebosamos de alegría y gratitud a el Señor por este nuevo servicio	manual	RES LIQUIDAE COR.xlsx	alegría	E14	1	example
liq-alegría-pe-0001	Res Liquidae	alegría	PE	verbal-objective	rebosar	se sometió a diversos exámenes clínicos y rebosó alegría junto con el resto de sus compañeros.	manual	RES LIQUIDAE COR.xlsx	alegría	B16	1	example
liq-alegría-pe-0002	Res Liquidae	alegría	PE	verbal-subject-transitive	inundar	La alegría inundó todo el Casco Viejo de la ciudad	manual	RES LIQUIDAE COR.xlsx	alegría	C16	1	example
liq-alegría-pe-0003	Res Liquidae	alegría	PE	verbal-subject-intransitive	brotar	Una alegría que brota de lo profundo de el corazón por obra de el Espíritu Santo	manual	RES LIQUIDAE COR.xlsx	alegría	D16	1	example
liq-alegría-pe-0004	Res Liquidae	alegría	PE	verbal-subject-intransitive	brotar	En cambio, la alegría brota en mis recuerdos con cada pasaje que nos hicieron vivir nuestros padres	manual	RES LIQUIDAE COR.xlsx	alegría	D16	1	example
liq-alegría-pe-0005	Res Liquidae	alegría	PE	verbal-subject-intransitive	brotar	La alegría no puede brotar más por sus poros	manual	RES LIQUIDAE COR.xlsx	alegría	D16	1	example
liq-alegría-pe-0006	Res Liquidae	alegría	PE	verbal-subject-intransitive	brotar	La alegría le brotaba por los poros a el panameño Luis Tejada	manual	RES LIQUIDAE COR.xlsx	alegría	D16	1	example
liq-alegría-pe-0007	Res Liquidae	alegría	PE	verbal-subject-intransitive	diluirse	.la alegría de Croacia se diluyó con el gol de Griezmann.,	manual	RES LIQUIDAE COR.xlsx	alegría	D16	1	example
liq-alegría-pe-0008	Res Liquidae	alegría	PE	verbal-instrumental	inundar de	legan felices novedades a la pareja que inundarán de alegría a toda la familia.	manual	RES LIQUIDAE COR.xlsx	alegría	E16	1	example
liq-alegría-pe-0009	Res Liquidae	alegría	PE	verbal-instrumental	inundar de	Una buena noticia inundó de alegría el corazón de los peruanos	manual	RES LIQUIDAE COR.xlsx	alegría	E16	1	example
liq-alegría-pe-0010	Res Liquidae	alegría	PE	verbal-instrumental	inundar de	posteriormente llevaran sus globos y su baldes de agua, inundando de alegría las principales calles de la ciudad	manual	RES LIQUIDAE COR.xlsx	alegría	E16	1	example
liq-alegría-pe-0011	Res Liquidae	alegría	PE	verbal-instrumental	inundar de	ustitución significó su primera vez con River Plate en un partido oficial, lo cual inundó de alegría a el gaucho	manual	RES LIQUIDAE COR.xlsx	alegría	E16	1	example
liq-alegría-pe-0012	Res Liquidae	alegría	PE	verbal-instrumental	inundar de	así lo ha anunciado inundando de alegría a todos los que disfrutamos de su art	manual	RES LIQUIDAE COR.xlsx	alegría	E16	1	example
liq-alegría-pe-0013	Res Liquidae	alegría	PE	verbal-instrumental	rebosar	rebosar alegría	manual	RES LIQUIDAE COR.xlsx	alegría	E16	6	inline
liq-alegría-pe-0014	Res Liquidae	alegría	PE	verbal-instrumental	rebosar	Compadre ahora sí hizo usted una muy buena fiesta ", le dijo Guzmán, rebosando de alegría a Martínez. 2. me gusta y muchos comentarios de felicidad para la actriz y Michael Bublé, quienes rebosan de alegría con la nueva integrante de la familia. 3. Obviamente, el clip subido a Facebook muestra que el animal también rebosa de alegría por haber vuelto con su familia, haciendo notar su afecto a todas 4. y, aun hoy, esta tiene cualquier cantidad de fans, los cuales estarán rebosando de alegría a el enterar se que es casi seguro que se viene una entrega 5. ya no se ve una imagen saludable, no se ve a una chica que rebose de alegría. Entonces se busca que sean delgadas sí, pero saludables y que 6. Úrsula Boza está rebosando de alegría	manual	RES LIQUIDAE COR.xlsx	alegría	E16	0	illustrative
liq-alegría-pe-0015	Res Liquidae	alegría	PE	substantive	gota de	ómo este pequeño acto de amor individual puede echar una gota de alegría en la ciudad PE	manual	RES LIQUIDAE COR.xlsx	alegría	G16	1	example
liq-alegría-pe-0016	Res Liquidae	alegría	PE	substantive	gota de	así el último adiós será con una gota de alegría a pesar de la tristeza	manual	RES LIQUIDAE COR.xlsx	alegría	G16	1	example
liq-alegría-pr-0001	Res Liquidae	alegría	PR	verbal-subject-transitive	inundar	día histórico han triunfado la Justicia y la Perseverancia, la alegría nos inunda	manual	RES LIQUIDAE COR.xlsx	alegría	C17	1	example
liq-alegría-pr-0002	Res Liquidae	alegría	PR	verbal-subject-transitive	inundar	ontento por la alegría que inunda este salón y satisfecho con el trabajo de Special Olympics Puerto Rico	manual	RES LIQUIDAE COR.xlsx	alegría	C17	1	example
liq-alegría-pr-0003	Res Liquidae	alegría	PR	verbal-subject-intransitive	brotar	Así, con esa chispa de alegría que brota cuando se está en familia transcurrió la fiesta	manual	RES LIQUIDAE COR.xlsx	alegría	D17	1	example
liq-alegría-pr-0004	Res Liquidae	alegría	PR	verbal-subject-intransitive	brotar	La alegría que brotaba de la ilusión de encontrar se con sus seres queridos irradiaba en cada uno	manual	RES LIQUIDAE COR.xlsx	alegría	D17	1	example
liq-alegría-pr-0005	Res Liquidae	alegría	PR	verbal-instrumental	inundar	Todo quedó en una gran carcajada que nos inundó de alegría a los presentes PR	manual	RES LIQUIDAE COR.xlsx	alegría	E17	1	example
liq-alegría-pr-0006	Res Liquidae	alegría	PR	verbal-instrumental	inundar	Queremos que el Senado se vuelva a inundar de la alegría de los niños que son los protagonistas de esta época	manual	RES LIQUIDAE COR.xlsx	alegría	E17	1	example
liq-alegría-pr-0007	Res Liquidae	alegría	PR	verbal-instrumental	rebosar	tu corazón boricua rebosa de alegría.	manual	RES LIQUIDAE COR.xlsx	alegría	E17	1	example
liq-alegría-py-0001	Res Liquidae	alegría	PY	verbal-instrumental	inundar de	los pequeños pacientes  inundaron de alegría por más de una hora	manual	RES LIQUIDAE COR.xlsx	alegría	E18	1	example
liq-alegría-py-0002	Res Liquidae	alegría	PY	verbal-instrumental	inundar de	llegaron Joelito y Katia para inundar de alegría la casa de los Filártiga	manual	RES LIQUIDAE COR.xlsx	alegría	E18	1	example
liq-alegría-py-0003	Res Liquidae	alegría	PY	verbal-instrumental	rebosar	Los cataríes rebosan de alegría en las calles de Doha tras cantar victori	manual	RES LIQUIDAE COR.xlsx	alegría	E18	1	example
liq-alegría-py-0005	Res Liquidae	alegría	PY	verbal-instrumental	rebosar	las familias que hoy rebosan de alegría por la liberació	manual	RES LIQUIDAE COR.xlsx	alegría	E18	1	example
liq-alegría-py-0006	Res Liquidae	alegría	PY	substantive	gota de	por dar les una gota de alegría a aquellos que, sin importar la disciplina, quieren ver la bandera	manual	RES LIQUIDAE COR.xlsx	alegría	G18	1	example
liq-alegría-sv-0001	Res Liquidae	alegría	SV	verbal-subject-transitive	rebosar	la alegría rebosó límites con el baño de oro	manual	RES LIQUIDAE COR.xlsx	alegría	C19	1	example
liq-alegría-sv-0003	Res Liquidae	alegría	SV	verbal-instrumental	inundar de	inundar alegría	manual	RES LIQUIDAE COR.xlsx	alegría	E19	2	inline
liq-alegría-sv-0004	Res Liquidae	alegría	SV	verbal-instrumental	inundar de	rostros alegres y sorprendidos  inundaron de alegría el lugar	manual	RES LIQUIDAE COR.xlsx	alegría	E19	0	illustrative
liq-alegría-sv-0005	Res Liquidae	alegría	SV	verbal-instrumental	inundar de	inundando de alegría a el verdadero pueblo, que reconoce las bondades	manual	RES LIQUIDAE COR.xlsx	alegría	E19	0	illustrative
liq-alegría-sv-0006	Res Liquidae	alegría	SV	verbal-instrumental	inundar de	las calles de Moscú se inundan con la alegría desbordante de la fiesta de el fútbol	manual	RES LIQUIDAE COR.xlsx	alegría	E19	0	illustrative
liq-alegría-us-0001	Res Liquidae	alegría	US	verbal-objective	verter	se declama en versos, la escritura poética es el espacio en el cual vierte alegrías, emociones, preocupaciones sociales, empeño político	manual	RES LIQUIDAE COR.xlsx	alegría	B22	1	example
liq-alegría-us-0002	Res Liquidae	alegría	US	verbal-objective	rebosar	ese rostro que la caracteriza y que rebosa alegría, y no " tan delgada " como lucía hace un tiempo	manual	RES LIQUIDAE COR.xlsx	alegría	B22	1	example
liq-alegría-us-0003	Res Liquidae	alegría	US	verbal-objective	rebosar	con la grada rebosando alegría y el equipo hinchándo se de confianza.	manual	RES LIQUIDAE COR.xlsx	alegría	B22	1	example
liq-alegría-us-0005	Res Liquidae	alegría	US	verbal-objective	rebosar	Macron rebosó alegría después de que Francia se coronase campeona de el Mundial d	manual	RES LIQUIDAE COR.xlsx	alegría	B22	1	example
liq-alegría-us-0006	Res Liquidae	alegría	US	verbal-objective	rebosar	los bares rebosarán alegría o tristeza	manual	RES LIQUIDAE COR.xlsx	alegría	B22	1	example
liq-alegría-us-0007	Res Liquidae	alegría	US	verbal-objective	rebosar	alegría que rebosa su post ha encantado a sus seguidores	manual	RES LIQUIDAE COR.xlsx	alegría	B22	1	example
liq-alegría-us-0008	Res Liquidae	alegría	US	verbal-subject-transitive	inundar	la alegría inunda las calles y las vidas de los ciudadanos	manual	RES LIQUIDAE COR.xlsx	alegría	C22	1	example
liq-alegría-us-0009	Res Liquidae	alegría	US	verbal-subject-transitive	inundar	Cuando te inunde una enorme alegría, no prometas nada a nadie	manual	RES LIQUIDAE COR.xlsx	alegría	C22	1	example
liq-alegría-us-0010	Res Liquidae	alegría	US	verbal-subject-transitive	inundar	La paz y la alegría inundan la vida de los vecinos que ultiman los preparativos de la tradicional fiesta	manual	RES LIQUIDAE COR.xlsx	alegría	C22	1	example
liq-alegría-us-0011	Res Liquidae	alegría	US	verbal-subject-transitive	inundar	la alegría inunda a las tres protagonistas ante el buen ritmo conseguido durante las últimas jornadas	manual	RES LIQUIDAE COR.xlsx	alegría	C22	1	example
liq-alegría-us-0012	Res Liquidae	alegría	US	verbal-subject-transitive	inundar	La alegría boricua inunda las calles de todo Nueva Yor	manual	RES LIQUIDAE COR.xlsx	alegría	C22	1	example
liq-alegría-us-0013	Res Liquidae	alegría	US	verbal-subject-transitive	inundar	La fiesta, color y alegría, nuevamente inundó las calles de el centro histórico de la ciudad de Oaxaca	manual	RES LIQUIDAE COR.xlsx	alegría	C22	1	example
liq-alegría-us-0014	Res Liquidae	alegría	US	verbal-subject-transitive	inundar	# La alegría que inunda las iglesias y conventos se refleja en los rostros de muchos fieles	manual	RES LIQUIDAE COR.xlsx	alegría	C22	1	example
liq-alegría-us-0015	Res Liquidae	alegría	US	verbal-subject-transitive	inundar	El príncipe Harry expresó la alegría que lo inundó cuando se enteró que se convertiría en tío,	manual	RES LIQUIDAE COR.xlsx	alegría	C22	1	example
liq-alegría-us-0016	Res Liquidae	alegría	US	verbal-subject-intransitive	fluir	Hay que dejar que fluya la alegría y la ilusión	manual	RES LIQUIDAE COR.xlsx	alegría	D22	1	example
liq-alegría-us-0017	Res Liquidae	alegría	US	verbal-subject-intransitive	brotar	habremos perdido la alegría que brota de la compasión, la ternura que nace de la confianza	manual	RES LIQUIDAE COR.xlsx	alegría	D22	1	example
liq-alegría-us-0018	Res Liquidae	alegría	US	verbal-subject-intransitive	brotar	es necesario saber que de la esperanza auténtica brota la alegría	manual	RES LIQUIDAE COR.xlsx	alegría	D22	1	example
liq-alegría-us-0019	Res Liquidae	alegría	US	verbal-subject-intransitive	brotar	ero siempre podemos brindar la alegría que brota de un corazón lleno de amo	manual	RES LIQUIDAE COR.xlsx	alegría	D22	1	example
liq-alegría-us-0020	Res Liquidae	alegría	US	verbal-subject-intransitive	brotar	omo la heroica sustancia de la vida misma, brotaban la alegría y la agonía	manual	RES LIQUIDAE COR.xlsx	alegría	D22	1	example
liq-alegría-us-0021	Res Liquidae	alegría	US	verbal-subject-intransitive	brotar	manifestar un gozo permanente en su vocación y la alegría brota de un corazón agradecido	manual	RES LIQUIDAE COR.xlsx	alegría	D22	1	example
liq-alegría-us-0022	Res Liquidae	alegría	US	verbal-subject-intransitive	brotar	Su agenda pastoral y misionera tiene que continuar con la firmeza y la alegría que brotan de el Evangel	manual	RES LIQUIDAE COR.xlsx	alegría	D22	1	example
liq-alegría-us-0023	Res Liquidae	alegría	US	verbal-subject-intransitive	brotar	" Dios está haciendo cosas grandes en personas muy pobres y humildes y eso hace brotar la alegría en ellas	manual	RES LIQUIDAE COR.xlsx	alegría	D22	1	example
liq-alegría-us-0024	Res Liquidae	alegría	US	verbal-subject-intransitive	diluirse	la alegría se ha ido diluyendo en este género.	manual	RES LIQUIDAE COR.xlsx	alegría	D22	1	example
liq-alegría-us-0025	Res Liquidae	alegría	US	verbal-subject-intransitive	diluirse	diluyeron la alegría de el madridismo.	manual	RES LIQUIDAE COR.xlsx	alegría	D22	1	example
liq-alegría-us-0026	Res Liquidae	alegría	US	verbal-subject-intransitive	diluirse	Alegría navideña se diluye en colas, caras largas..	manual	RES LIQUIDAE COR.xlsx	alegría	D22	1	example
liq-alegría-us-0027	Res Liquidae	alegría	US	verbal-instrumental	inundar de	Niños con la mirada borracha de ilusión, inundada de alegría y agradecimiento.	manual	RES LIQUIDAE COR.xlsx	alegría	E22	1	example
liq-alegría-us-0028	Res Liquidae	alegría	US	verbal-instrumental	inundar de	e hombre de sonrisa permanente, que inundó de alegría y optimismo a el madridismo	manual	RES LIQUIDAE COR.xlsx	alegría	E22	1	example
liq-alegría-us-0029	Res Liquidae	alegría	US	verbal-instrumental	inundar de	ahora, una dichosa certidumbre ha comenzado a inundar de alegría mi yo último	manual	RES LIQUIDAE COR.xlsx	alegría	E22	1	example
liq-alegría-us-0030	Res Liquidae	alegría	US	verbal-instrumental	inundar de	el insondable amor de Dios nos inunde de alegría cristiana.	manual	RES LIQUIDAE COR.xlsx	alegría	E22	1	example
liq-alegría-us-0031	Res Liquidae	alegría	US	verbal-instrumental	rebosar	su rostro de boliviano nacido de padres exiliados en la Argentina, rebosaba de alegría.	manual	RES LIQUIDAE COR.xlsx	alegría	E22	1	example
liq-alegría-us-0032	Res Liquidae	alegría	US	substantive	gota de	se propuso exprimir hasta la última gota de alegría de la vida US	manual	RES LIQUIDAE COR.xlsx	alegría	G22	1	example
liq-alegría-us-0033	Res Liquidae	alegría	US	substantive	gota de	Verter en cada uno de los ingredientes de nuestros platos una gota de alegría nos dará la oportunidad de apreciar	manual	RES LIQUIDAE COR.xlsx	alegría	G22	1	example
liq-alegría-us-0034	Res Liquidae	alegría	US	substantive	chorro	El carnaval es una magia un chorro de alegría que cuando tú lo mira se quieren mov	manual	RES LIQUIDAE COR.xlsx	alegría	G22	1	example
liq-alegría-uy-0001	Res Liquidae	alegría	UY	verbal-subject-intransitive	brotar	Un año con estos y otros brotes de alegría	manual	RES LIQUIDAE COR.xlsx	alegría	D20	1	example
liq-alegría-uy-0002	Res Liquidae	alegría	UY	verbal-instrumental	rebosar	mensaje de paz, de mucha felicidad, prosperidad, con un corazón rebosando de alegría,	manual	RES LIQUIDAE COR.xlsx	alegría	E20	1	example
liq-alegría-ve-0001	Res Liquidae	alegría	VE	verbal-objective	rebosar	Rebosando alegría y cargados de fe	manual	RES LIQUIDAE COR.xlsx	alegría	B21	1	example
liq-alegría-ve-0002	Res Liquidae	alegría	VE	verbal-objective	rebosar	Chipilines rebosaron de alegría con la visita.	manual	RES LIQUIDAE COR.xlsx	alegría	B21	1	example
liq-alegría-ve-0003	Res Liquidae	alegría	VE	verbal-objective	rebosar	" Antonio rebosa alegría, está muy emocionado	manual	RES LIQUIDAE COR.xlsx	alegría	B21	1	example
liq-alegría-ve-0004	Res Liquidae	alegría	VE	verbal-subject-transitive	inundar	inundar alegría	manual	RES LIQUIDAE COR.xlsx	alegría	C21	7	inline
liq-alegría-ve-0005	Res Liquidae	alegría	VE	verbal-subject-transitive	inundar	No es para menos la alegría que inunda a nuestro humilde cocinero	manual	RES LIQUIDAE COR.xlsx	alegría	C21	0	illustrative
liq-alegría-ve-0006	Res Liquidae	alegría	VE	verbal-subject-transitive	inundar	La alegría inundó el corazón de Valentina Martinez Giuffrida una pequeña pero talentosa niña	manual	RES LIQUIDAE COR.xlsx	alegría	C21	0	illustrative
liq-alegría-ve-0007	Res Liquidae	alegría	VE	verbal-subject-transitive	inundar	Apreciados compatriotas nos inunda la alegría por este victorioso inicio de campaña	manual	RES LIQUIDAE COR.xlsx	alegría	C21	0	illustrative
liq-alegría-ve-0008	Res Liquidae	alegría	VE	verbal-subject-transitive	inundar	Una gran alegría me inundó cuando recibí la noticia de la concesión de el doctorado honoris causa	manual	RES LIQUIDAE COR.xlsx	alegría	C21	0	illustrative
liq-alegría-ve-0009	Res Liquidae	alegría	VE	verbal-subject-transitive	inundar	color y la alegría inundó la plaza de Sucre Pequeños luciendo sus disfraces disfrutaron de sanqueros	manual	RES LIQUIDAE COR.xlsx	alegría	C21	0	illustrative
liq-alegría-ve-0010	Res Liquidae	alegría	VE	verbal-subject-transitive	inundar	os momentos en los que nos inundan la alegría y la felicidad	manual	RES LIQUIDAE COR.xlsx	alegría	C21	0	illustrative
liq-alegría-ve-0011	Res Liquidae	alegría	VE	verbal-subject-transitive	inundar	alegría que inunda a la famila de los músicos	manual	RES LIQUIDAE COR.xlsx	alegría	C21	0	illustrative
liq-alegría-ve-0012	Res Liquidae	alegría	VE	verbal-subject-transitive	inundar	enumeran apacibles debajo de los blancos bigotes que parecieran sonreír cada vez que la alegría inunda a Ignacio	manual	RES LIQUIDAE COR.xlsx	alegría	C21	0	illustrative
liq-alegría-ve-0014	Res Liquidae	alegría	VE	verbal-subject-intransitive	derramar	Todo su colorido y su ruidosa y rítmica alegría se derramaba aquella tarde de julio	manual	RES LIQUIDAE COR.xlsx	alegría	D21	1	example
liq-alegría-ve-0015	Res Liquidae	alegría	VE	verbal-subject-intransitive	brotar	nos pide que enseñemos a gustar a niños y grandes la alegría que brota de vivir día a día el amor, la solidaridad, la compasión	manual	RES LIQUIDAE COR.xlsx	alegría	D21	1	example
liq-alegría-ve-0016	Res Liquidae	alegría	VE	verbal-subject-intransitive	brotar	brota la alegría, el afecto fundamental que llena nuestras almas	manual	RES LIQUIDAE COR.xlsx	alegría	D21	1	example
liq-alegría-ve-0017	Res Liquidae	alegría	VE	verbal-subject-intransitive	brotar	gritaron en la tribuna derecha con la misma alegría que brotó en el campo	manual	RES LIQUIDAE COR.xlsx	alegría	D21	1	example
liq-alegría-ve-0018	Res Liquidae	alegría	VE	verbal-instrumental	inundar de	Cuba inunda de alegría la calles de el país suramericano	manual	RES LIQUIDAE COR.xlsx	alegría	E21	1	example
liq-alegría-ve-0019	Res Liquidae	alegría	VE	verbal-instrumental	inundar de	ermite que este mes que comienza, te inunde de la alegría de saber que el Mesías nace en tu corazón	manual	RES LIQUIDAE COR.xlsx	alegría	E21	1	example
liq-alegría-ve-0020	Res Liquidae	alegría	VE	verbal-instrumental	inundar de	os niños con sus juguetes nuevos inundan de alegría sus espacios	manual	RES LIQUIDAE COR.xlsx	alegría	E21	1	example
liq-alegría-ve-0021	Res Liquidae	alegría	VE	verbal-instrumental	inundar de	charrasca y tamborera, inundan de alegría y entusiasmo a el último mes de el año	manual	RES LIQUIDAE COR.xlsx	alegría	E21	1	example
liq-alegría-ve-0022	Res Liquidae	alegría	VE	verbal-instrumental	inundar de	desmovilizar a nuestros hombres y mujeres que con alegría inundan todos los rincones de la nació	manual	RES LIQUIDAE COR.xlsx	alegría	E21	1	example
liq-alegría-ve-0023	Res Liquidae	alegría	VE	verbal-instrumental	inundar de	avenida Gumilla de San Félix,se inundó con la alegría de asistentes	manual	RES LIQUIDAE COR.xlsx	alegría	E21	1	example
liq-alegría-ve-0024	Res Liquidae	alegría	VE	verbal-instrumental	inundar de	el nacimiento de un pequeño inundó de alegría a los padres	manual	RES LIQUIDAE COR.xlsx	alegría	E21	1	example
liq-alegría-ve-0025	Res Liquidae	alegría	VE	verbal-instrumental	rebosar	se vio rebosado de alegría	manual	RES LIQUIDAE COR.xlsx	alegría	E21	1	example
liq-alegría-ve-0026	Res Liquidae	alegría	VE	verbal-instrumental	rebosar	or eso el Poliedro está rebosado de alegría, de entusiasmo	manual	RES LIQUIDAE COR.xlsx	alegría	E21	1	example
liq-alegría-ve-0027	Res Liquidae	alegría	VE	verbal-instrumental	rebosar	o puede menos que rebosar nos de alegría, felicidad, satisfacci	manual	RES LIQUIDAE COR.xlsx	alegría	E21	1	example
liq-alegría-ve-0028	Res Liquidae	alegría	VE	verbal-instrumental	rebosar	El Junquito rebosó de alegría a niñas y niños	manual	RES LIQUIDAE COR.xlsx	alegría	E21	1	example
liq-alegría-ve-0029	Res Liquidae	alegría	VE	attributive	brotar	En los sitios donde desde hace trece años compartió alegrías brotadas de sus finas manos a el tocar el violín, ahora se respira tristeza.	manual	RES LIQUIDAE COR.xlsx	alegría	F21	1	example
liq-alegría-ve-0030	Res Liquidae	alegría	VE	substantive	gota de	nos hemos desplegado los ministros y ministras para llevar una gota de alegría y amor VE	manual	RES LIQUIDAE COR.xlsx	alegría	G21	1	example
liq-alegría-ve-0031	Res Liquidae	alegría	VE	substantive	gota de	Fue una gota de alegría que yo en ese momento les entregué a través de la televisión. VE	manual	RES LIQUIDAE COR.xlsx	alegría	G21	1	example
liq-alegría-ve-0032	Res Liquidae	alegría	VE	substantive	gota de	Le dan esa gota de alegría a los pequeños porque a la mayoría de ellos los ves tristes, VE	manual	RES LIQUIDAE COR.xlsx	alegría	G21	1	example
liq-alegría-ve-0033	Res Liquidae	alegría	VE	substantive	gota de	llevando una gota de amor y una gota de alegría " en esta Navidad	manual	RES LIQUIDAE COR.xlsx	alegría	G21	1	example
par-alegría-ar-0001	Res Parvae	alegría	AR	verbal-objective-grasp	coger	coger alegría	manual	Res Parvae.xlsx	alegría	B2	0	absent
par-alegría-ar-0002	Res Parvae	alegría	AR	verbal-objective-grasp	agarrar	agarrar alegría	manual	Res Parvae.xlsx	alegría	B2	0	absent
par-alegría-ar-0003	Res Parvae	alegría	AR	verbal-objective-grasp	traer	traer alegría	manual	Res Parvae.xlsx	alegría	B2	480	inline
par-alegría-ar-0004	Res Parvae	alegría	AR	verbal-objective-grasp	entregar	entregar alegría	manual	Res Parvae.xlsx	alegría	B2	15	inline
par-alegría-ar-0005	Res Parvae	alegría	AR	verbal-objective-grasp	entregar	Los niños entregaron su alegría y llenaron a todos de ternur	manual	Res Parvae.xlsx	alegría	B2	0	illustrative
par-alegría-ar-0006	Res Parvae	alegría	AR	verbal-objective-throw	soltar	soltar alegría	manual	Res Parvae.xlsx	alegría	C2	0	absent
par-alegría-ar-0007	Res Parvae	alegría	AR	verbal-objective-throw	arrojar	La primera jornada disputada ayer, arrojó alegrías y tristezas para los representantes de nuestra provincia.	manual	Res Parvae.xlsx	alegría	C2	1	example
par-alegría-ar-0008	Res Parvae	alegría	AR	substantive	puñado	después de puñados de alegrías y tormentas de tristezas llegó, por fin, la última campaña.	manual	Res Parvae.xlsx	alegría	E2	1	example
par-alegría-ar-0009	Res Parvae	alegría	AR	substantive	manojo	, los desafíos personales y un manojo de alegrías que superaban todo cansancio,	manual	Res Parvae.xlsx	alegría	E2	1	example
par-alegría-bo-0001	Res Parvae	alegría	BO	verbal-objective-grasp	coger	coger alegría	manual	Res Parvae.xlsx	alegría	B3	0	absent
par-alegría-bo-0002	Res Parvae	alegría	BO	verbal-objective-grasp	traer	traer alegría	manual	Res Parvae.xlsx	alegría	B3	78	inline
par-alegría-bo-0003	Res Parvae	alegría	BO	verbal-objective-throw	soltar	soltar alegría	manual	Res Parvae.xlsx	alegría	C3	0	absent
par-alegría-bo-0004	Res Parvae	alegría	BO	verbal-objective-throw	tirar	Es un colectivo cultural y una murga alegre que permanentemente le está tirando alegría y fiesta a el público para que sea mucho más feliz.	manual	Res Parvae.xlsx	alegría	C3	1	example
par-alegría-cl-0001	Res Parvae	alegría	CL	verbal-objective-grasp	coger	coger alegría	manual	Res Parvae.xlsx	alegría	B4	0	absent
par-alegría-cl-0002	Res Parvae	alegría	CL	verbal-objective-grasp	traer	traer alegría	manual	Res Parvae.xlsx	alegría	B4	255	inline
par-alegría-cl-0003	Res Parvae	alegría	CL	verbal-objective-grasp	entregar	entregar alegría	manual	Res Parvae.xlsx	alegría	B4	303	inline
par-alegría-cl-0004	Res Parvae	alegría	CL	verbal-objective-grasp	entregar	anar las últimas dos Copas América, yo creo que todavía pueden entregar nos muchas alegrías,	manual	Res Parvae.xlsx	alegría	B4	0	illustrative
par-alegría-cl-0005	Res Parvae	alegría	CL	verbal-objective-throw	soltar	soltar alegría	manual	Res Parvae.xlsx	alegría	C4	0	absent
par-alegría-co-0001	Res Parvae	alegría	CO	verbal-objective-grasp	coger	coger alegría	manual	Res Parvae.xlsx	alegría	B5	0	absent
par-alegría-co-0002	Res Parvae	alegría	CO	verbal-objective-grasp	traer	traer alegría	manual	Res Parvae.xlsx	alegría	B5	317	inline
par-alegría-co-0003	Res Parvae	alegría	CO	verbal-objective-grasp	entregar	entregar alegría	manual	Res Parvae.xlsx	alegría	B5	182	inline
par-alegría-co-0004	Res Parvae	alegría	CO	verbal-objective-grasp	entregar	Estamos soñando con entregar le una alegría más a nuestro país.	manual	Res Parvae.xlsx	alegría	B5	0	illustrative
par-alegría-co-0005	Res Parvae	alegría	CO	verbal-objective-throw	soltar	soltar alegría	manual	Res Parvae.xlsx	alegría	C5	0	absent
par-alegría-co-0006	Res Parvae	alegría	CO	substantive	manojo de	Meghan y Harry hablaron de lo fascinados que están con su bundle of joy (manojo de alegría), expresión inglesa para los recién nacidos	manual	Res Parvae.xlsx	alegría	E5	1	example
par-alegría-co-0007	Res Parvae	alegría	CO	substantive	manojo de	ando la bienvenida a no uno, ni a dos, sino a tres nuevos manojos de alegría en su camada	manual	Res Parvae.xlsx	alegría	E5	1	example
par-alegría-co-0008	Res Parvae	alegría	CO	substantive	manojo de	Amamos tanto a este pequeño manojo de alegría que la idea de dejar lo ir	manual	Res Parvae.xlsx	alegría	E5	1	example
par-alegría-cr-0001	Res Parvae	alegría	CR	verbal-objective-grasp	coger	coger alegría	manual	Res Parvae.xlsx	alegría	B6	0	absent
par-alegría-cr-0005	Res Parvae	alegría	CR	substantive	manojo de	Meghan y Harry hablaron de lo fascinados que están con su bundle of joy (manojo de alegría), expresión inglesa para los recién nacidos	manual	Res Parvae.xlsx	alegría	E6	1	example
par-alegría-cr-0006	Res Parvae	alegría	CR	substantive	manojo de	ando la bienvenida a no uno, ni a dos, sino a tres nuevos manojos de alegría en su camada	manual	Res Parvae.xlsx	alegría	E6	1	example
par-alegría-cr-0007	Res Parvae	alegría	CR	substantive	manojo de	Amamos tanto a este pequeño manojo de alegría que la idea de dejar lo ir	manual	Res Parvae.xlsx	alegría	E6	1	example
par-alegría-cu-0001	Res Parvae	alegría	CU	verbal-objective-grasp	coger	coger alegría	manual	Res Parvae.xlsx	alegría	B7	0	absent
par-alegría-cu-0002	Res Parvae	alegría	CU	verbal-objective-grasp	traer	traer alegría	manual	Res Parvae.xlsx	alegría	B7	119	inline
par-alegría-cu-0003	Res Parvae	alegría	CU	verbal-objective-grasp	entregar	entregar alegría	manual	Res Parvae.xlsx	alegría	B7	3	inline
par-alegría-cu-0004	Res Parvae	alegría	CU	verbal-objective-grasp	entregar	Espero entregar esa alegría a todo el pueblo de el Táchir	manual	Res Parvae.xlsx	alegría	B7	0	illustrative
par-alegría-cu-0005	Res Parvae	alegría	CU	verbal-objective-throw	soltar	soltar alegría	manual	Res Parvae.xlsx	alegría	C7	0	absent
par-alegría-do-0001	Res Parvae	alegría	DO	verbal-objective-grasp	coger	coger alegría	manual	Res Parvae.xlsx	alegría	B8	0	absent
par-alegría-do-0002	Res Parvae	alegría	DO	verbal-objective-grasp	traer	traer alegría	manual	Res Parvae.xlsx	alegría	B8	100	inline
par-alegría-do-0003	Res Parvae	alegría	DO	verbal-objective-grasp	entregar	os más importantes productores tuvieron su cuota en cuanto a entregar alegría a el pueblo dominican	manual	Res Parvae.xlsx	alegría	B8	1	example
par-alegría-do-0004	Res Parvae	alegría	DO	verbal-objective-throw	soltar	soltar alegría	manual	Res Parvae.xlsx	alegría	C8	0	absent
par-alegría-ec-0002	Res Parvae	alegría	EC	verbal-objective-grasp	traer	traer alegría	manual	Res Parvae.xlsx	alegría	B9	60	inline
par-alegría-ec-0003	Res Parvae	alegría	EC	verbal-objective-grasp	entregar	entregar alegría	manual	Res Parvae.xlsx	alegría	B9	4	inline
par-alegría-ec-0004	Res Parvae	alegría	EC	verbal-objective-grasp	entregar	Estamos soñando con entregar le una alegría más a nuestro país	manual	Res Parvae.xlsx	alegría	B9	0	illustrative
par-alegría-ec-0005	Res Parvae	alegría	EC	verbal-objective-throw	soltar	soltar alegría	manual	Res Parvae.xlsx	alegría	C9	0	absent
par-alegría-es-0001	Res Parvae	alegría	ES	verbal-objective-grasp	coger	De momento, que mi hermano coja alegría, juegue como él sabe y ya está ".	manual	Res Parvae.xlsx	alegría	B10	1	example
par-alegría-es-0002	Res Parvae	alegría	ES	verbal-objective-grasp	coger	una generación joven que no había vivido eso, y coge alegría y coge ideas	manual	Res Parvae.xlsx	alegría	B10	1	example
par-alegría-es-0003	Res Parvae	alegría	ES	verbal-objective-grasp	coger	ha pedido que les " acompañen en la decisión " y que " ayuden a coger un poco de alegría	manual	Res Parvae.xlsx	alegría	B10	1	example
par-alegría-es-0004	Res Parvae	alegría	ES	verbal-objective-grasp	coger	la canción cogió alegría en su voz, que se volvió juguetona	manual	Res Parvae.xlsx	alegría	B10	1	example
par-alegría-es-0005	Res Parvae	alegría	ES	verbal-objective-grasp	coger	lema de el día' Con María cogemos la alegría de el amor en familia'	manual	Res Parvae.xlsx	alegría	B10	1	example
par-alegría-es-0006	Res Parvae	alegría	ES	verbal-objective-grasp	coger	volví a coger esa alegría por jugar,	manual	Res Parvae.xlsx	alegría	B10	1	example
par-alegría-es-0007	Res Parvae	alegría	ES	verbal-objective-grasp	coger	Prefiero coger toda esta alegría que me ha dado la serie	manual	Res Parvae.xlsx	alegría	B10	1	example
par-alegría-es-0008	Res Parvae	alegría	ES	verbal-objective-grasp	coger	ahí siguen nuestros cuerpos capeando el temporal, sujetando alegrías y desdichas, en fin, todo un océano de estados emocionales	manual	Res Parvae.xlsx	alegría	B10	1	example
par-alegría-es-0009	Res Parvae	alegría	ES	verbal-objective-grasp	traer	traer alegría	manual	Res Parvae.xlsx	alegría	B10	405	inline
par-alegría-es-0010	Res Parvae	alegría	ES	verbal-objective-grasp	entregar	entregar alegría	manual	Res Parvae.xlsx	alegría	B10	4	inline
par-alegría-es-0011	Res Parvae	alegría	ES	verbal-objective-grasp	entregar	Me dirijo a la juventud, a aquellos que cantaron y entregaron su alegría y su espíritu de lucha	manual	Res Parvae.xlsx	alegría	B10	0	illustrative
par-alegría-es-0012	Res Parvae	alegría	ES	verbal-objective-throw	soltar	soltar alegría	manual	Res Parvae.xlsx	alegría	C10	0	absent
par-alegría-es-0013	Res Parvae	alegría	ES	verbal-objective-collect	recoger	Compartir talento, recoger alegría » es el lema de A kiss for all the worl	manual	Res Parvae.xlsx	alegría	D10	1	example
par-alegría-es-0014	Res Parvae	alegría	ES	substantive	puñado	nos vienen a la cabeza un puñado de alegrías y otras tantas decepciones	manual	Res Parvae.xlsx	alegría	E10	1	example
par-alegría-es-0015	Res Parvae	alegría	ES	substantive	manojo	Ella es mi pequeño manojo de alegría "	manual	Res Parvae.xlsx	alegría	E10	1	example
par-alegría-gt-0001	Res Parvae	alegría	GT	verbal-objective-grasp	coger	coger alegría	manual	Res Parvae.xlsx	alegría	B11	0	absent
par-alegría-gt-0002	Res Parvae	alegría	GT	verbal-objective-grasp	traer	traer alegría	manual	Res Parvae.xlsx	alegría	B11	20	inline
par-alegría-gt-0003	Res Parvae	alegría	GT	verbal-objective-throw	soltar	soltar alegría	manual	Res Parvae.xlsx	alegría	C11	0	absent
par-alegría-hn-0001	Res Parvae	alegría	HN	verbal-objective-grasp	coger	coger alegría	manual	Res Parvae.xlsx	alegría	B12	0	absent
par-alegría-hn-0002	Res Parvae	alegría	HN	verbal-objective-grasp	traer	traer alegría	manual	Res Parvae.xlsx	alegría	B12	44	inline
par-alegría-hn-0003	Res Parvae	alegría	HN	verbal-objective-throw	soltar	soltar alegría	manual	Res Parvae.xlsx	alegría	C12	0	absent
par-alegría-mx-0001	Res Parvae	alegría	MX	verbal-objective-grasp	coger	coger alegría	manual	Res Parvae.xlsx	alegría	B13	0	absent
par-alegría-mx-0002	Res Parvae	alegría	MX	verbal-objective-grasp	traer	traer alegría	manual	Res Parvae.xlsx	alegría	B13	294	inline
par-alegría-mx-0003	Res Parvae	alegría	MX	verbal-objective-grasp	entregar	entregar alegría	manual	Res Parvae.xlsx	alegría	B13	53	inline
par-alegría-mx-0004	Res Parvae	alegría	MX	verbal-objective-grasp	entregar	está en los jugadores revertir y entregar alegría a la gente	manual	Res Parvae.xlsx	alegría	B13	0	illustrative
par-alegría-mx-0005	Res Parvae	alegría	MX	verbal-objective-throw	soltar	soltar alegría	manual	Res Parvae.xlsx	alegría	C13	0	absent
par-alegría-mx-0006	Res Parvae	alegría	MX	verbal-objective-throw	lanzar	el objetivo de el Guerretón es brindar y lanzar alegría para nuestros aficionados	manual	Res Parvae.xlsx	alegría	C13	1	example
par-alegría-ni-0001	Res Parvae	alegría	NI	verbal-objective-grasp	coger	coger alegría	manual	Res Parvae.xlsx	alegría	B14	0	absent
par-alegría-ni-0002	Res Parvae	alegría	NI	verbal-objective-grasp	traer	traer alegría	manual	Res Parvae.xlsx	alegría	B14	40	inline
par-alegría-ni-0003	Res Parvae	alegría	NI	verbal-objective-grasp	entregar	entregar alegría	manual	Res Parvae.xlsx	alegría	B14	3	inline
par-alegría-ni-0004	Res Parvae	alegría	NI	verbal-objective-grasp	entregar	a el parecer Hazard se quería despedir a lo grande y entregar le una alegría a la hinchada de el Lille	manual	Res Parvae.xlsx	alegría	B14	0	illustrative
par-alegría-ni-0005	Res Parvae	alegría	NI	verbal-objective-throw	soltar	soltar alegría	manual	Res Parvae.xlsx	alegría	C14	0	absent
par-alegría-pa-0001	Res Parvae	alegría	PA	verbal-objective-grasp	coger	coger alegría	manual	Res Parvae.xlsx	alegría	B15	0	absent
par-alegría-pa-0002	Res Parvae	alegría	PA	verbal-objective-grasp	traer	traer alegría	manual	Res Parvae.xlsx	alegría	B15	40	inline
par-alegría-pa-0003	Res Parvae	alegría	PA	verbal-objective-grasp	entregar	nque con el sueño de " entregar le una alegría más a nuestro país " si se logra la victoria.	manual	Res Parvae.xlsx	alegría	B15	1	example
par-alegría-pa-0004	Res Parvae	alegría	PA	verbal-objective-throw	soltar	soltar alegría	manual	Res Parvae.xlsx	alegría	C15	0	absent
par-alegría-pe-0001	Res Parvae	alegría	PE	verbal-objective-grasp	coger	coger alegría	manual	Res Parvae.xlsx	alegría	B16	0	absent
par-alegría-pe-0002	Res Parvae	alegría	PE	verbal-objective-grasp	traer	traer alegría	manual	Res Parvae.xlsx	alegría	B16	370	inline
par-alegría-pe-0003	Res Parvae	alegría	PE	verbal-objective-grasp	entregar	entregar alegría	manual	Res Parvae.xlsx	alegría	B16	5	inline
par-alegría-pe-0004	Res Parvae	alegría	PE	verbal-objective-grasp	entregar	Añadió que su gobierno quiere entregar alegría a los cusqueños desde el primer día	manual	Res Parvae.xlsx	alegría	B16	0	illustrative
par-alegría-pe-0005	Res Parvae	alegría	PE	verbal-objective-throw	soltar	soltar alegría	manual	Res Parvae.xlsx	alegría	C16	0	absent
par-alegría-pe-0006	Res Parvae	alegría	PE	substantive	manojo	Hace 35 años, el Perú era un manojo de nervios y alegría	manual	Res Parvae.xlsx	alegría	E16	1	example
par-alegría-pr-0001	Res Parvae	alegría	PR	verbal-objective-grasp	coger	coger alegría	manual	Res Parvae.xlsx	alegría	B17	0	absent
par-alegría-pr-0002	Res Parvae	alegría	PR	verbal-objective-grasp	traer	traer alegría	manual	Res Parvae.xlsx	alegría	B17	95	inline
par-alegría-pr-0003	Res Parvae	alegría	PR	verbal-objective-throw	soltar	soltar alegría	manual	Res Parvae.xlsx	alegría	C17	0	absent
par-alegría-py-0001	Res Parvae	alegría	PY	verbal-objective-grasp	coger	coger alegría	manual	Res Parvae.xlsx	alegría	B18	0	absent
par-alegría-py-0002	Res Parvae	alegría	PY	verbal-objective-grasp	traer	traer alegría	manual	Res Parvae.xlsx	alegría	B18	45	inline
par-alegría-py-0003	Res Parvae	alegría	PY	verbal-objective-throw	soltar	soltar alegría	manual	Res Parvae.xlsx	alegría	C18	0	absent
par-alegría-sv-0001	Res Parvae	alegría	SV	verbal-objective-grasp	coger	coger alegría	manual	Res Parvae.xlsx	alegría	B19	0	absent
par-alegría-sv-0002	Res Parvae	alegría	SV	verbal-objective-grasp	traer	traer alegría	manual	Res Parvae.xlsx	alegría	B19	37	inline
par-alegría-sv-0003	Res Parvae	alegría	SV	verbal-objective-grasp	traer	entregar alegría	manual	Res Parvae.xlsx	alegría	B19	3	inline
par-alegría-sv-0004	Res Parvae	alegría	SV	verbal-objective-grasp	traer	La Selección de Francia entregó una alegría un tanto esperada a su país tras conquistar el Mundial de Rusia	manual	Res Parvae.xlsx	alegría	B19	0	illustrative
par-alegría-sv-0005	Res Parvae	alegría	SV	verbal-objective-throw	soltar	soltar alegría	manual	Res Parvae.xlsx	alegría	C19	0	absent
par-alegría-us-0001	Res Parvae	alegría	US	verbal-objective-grasp	coger	coger alegría	manual	Res Parvae.xlsx	alegría	B22	0	absent
par-alegría-us-0002	Res Parvae	alegría	US	verbal-objective-grasp	traer	traer alegría	manual	Res Parvae.xlsx	alegría	B22	90	inline
par-alegría-us-0003	Res Parvae	alegría	US	verbal-objective-throw	soltar	soltar alegría	manual	Res Parvae.xlsx	alegría	C22	0	absent
par-alegría-us-0004	Res Parvae	alegría	US	verbal-objective-collect	recoger	Los de derecha recogen amores y desamores	manual	Res Parvae.xlsx	alegría	D22	1	example
par-alegría-uy-0001	Res Parvae	alegría	UY	verbal-objective-grasp	coger	coger alegría	manual	Res Parvae.xlsx	alegría	B20	0	absent
par-alegría-uy-0002	Res Parvae	alegría	UY	verbal-objective-grasp	traer	traer alegría	manual	Res Parvae.xlsx	alegría	B20	50	inline
par-alegría-uy-0003	Res Parvae	alegría	UY	verbal-objective-grasp	entregar	entregar alegría	manual	Res Parvae.xlsx	alegría	B20	3	inline
par-alegría-uy-0004	Res Parvae	alegría	UY	verbal-objective-grasp	entregar	tridente formado por Leo Messi, Luis Suárez y Neymar que tantas alegrías entregó a los hinchas de el Barcelona es historia	manual	Res Parvae.xlsx	alegría	B20	0	illustrative
par-alegría-uy-0005	Res Parvae	alegría	UY	verbal-objective-throw	soltar	soltar alegría	manual	Res Parvae.xlsx	alegría	C20	0	absent
par-alegría-uy-0006	Res Parvae	alegría	UY	verbal-objective-collect	captar	Hablar con Katty Szollossy sobre el proyecto y sus alumnos, es captar alegría y satisfacción por el trabajo	manual	Res Parvae.xlsx	alegría	D20	1	example
par-alegría-ve-0001	Res Parvae	alegría	VE	verbal-objective-grasp	coger	coger alegría	manual	Res Parvae.xlsx	alegría	B21	0	absent
par-alegría-ve-0002	Res Parvae	alegría	VE	verbal-objective-grasp	traer	traer alegría	manual	Res Parvae.xlsx	alegría	B21	245	inline
par-alegría-ve-0003	Res Parvae	alegría	VE	verbal-objective-grasp	entregar	entregar alegría	manual	Res Parvae.xlsx	alegría	B21	3	inline
par-alegría-ve-0004	Res Parvae	alegría	VE	verbal-objective-grasp	entregar	Está muy herido porque no les entregó la alegría a los jugadores	manual	Res Parvae.xlsx	alegría	B21	0	illustrative
par-alegría-ve-0005	Res Parvae	alegría	VE	verbal-objective-throw	soltar	soltar alegría	manual	Res Parvae.xlsx	alegría	C21	0	absent
par-alegría-ve-0006	Res Parvae	alegría	VE	verbal-objective-collect	recoger	embraste esencia de ser y recogiste amor de multitudes de nosotros, compatriotas y hermanos	manual	Res Parvae.xlsx	alegría	D21	1	example
pen-alegría-ar-0001	Res Longae Penetrantes	alegría	AR	verbal-subject-transitive	atravesar	cuantas alegrías y tristezas atraviesan profundamente a la institución	manual	Res Penentrantes.xlsx	ALEGRÍA	B2	1	example
pen-alegría-ar-0002	Res Longae Penetrantes	alegría	AR	verbal-subject-transitive	atravesar	triunfos y alegrías que van atravesando tiempos, costumbres, culturas	manual	Res Penentrantes.xlsx	ALEGRÍA	B2	1	example
pen-alegría-ar-0003	Res Longae Penetrantes	alegría	AR	verbal-subject-transitive	atravesar	Una vida nutrida de ilusiones, nostalgias, alegrías y dolores que atravesarán lo más profundo de su ser.	manual	Res Penentrantes.xlsx	ALEGRÍA	B2	1	example
pen-alegría-ar-0004	Res Longae Penetrantes	alegría	AR	verbal-subject-transitive	atravesar	vive con mucha alegría este momento que atraviesa Old Lions. "	manual	Res Penentrantes.xlsx	ALEGRÍA	B2	1	example
pen-alegría-ar-0005	Res Longae Penetrantes	alegría	AR	verbal-subject-transitive	atravesar	muchos autores riojanos escriben sobre la alegría y la tristeza que atraviesa a esta fiesta,	manual	Res Penentrantes.xlsx	ALEGRÍA	B2	1	example
pen-alegría-ar-0006	Res Longae Penetrantes	alegría	AR	verbal-subject-transitive	atravesar	chorros de alegría que me atravesaban en la adolescencia?	manual	Res Penentrantes.xlsx	ALEGRÍA	B2	1	example
pen-alegría-ar-0007	Res Longae Penetrantes	alegría	AR	verbal-instrumental	atravesado por	atravesada por la alegría despampanante	manual	Res Penentrantes.xlsx	ALEGRÍA	E2	1	example
pen-alegría-ar-0008	Res Longae Penetrantes	alegría	AR	verbal-instrumental	atravesado por	En una tarde atravesada por la alegría de las niñas y niños que concurren a la Colonia Barrial	manual	Res Penentrantes.xlsx	ALEGRÍA	E2	1	example
pen-alegría-ar-0009	Res Longae Penetrantes	alegría	AR	verbal-instrumental	atravesado por	construir familias atravesadas por la alegría, mas allá de la búsqued	manual	Res Penentrantes.xlsx	ALEGRÍA	E2	1	example
pen-alegría-cu-0001	Res Longae Penetrantes	alegría	CU	attributive	penetrante	dejan un mensaje de superación y alegría penetrante en la juventud, más otros públicos	manual	Res Penentrantes.xlsx	ALEGRÍA	F7	1	example
pen-alegría-es-0001	Res Longae Penetrantes	alegría	ES	verbal-subject-transitive	penetrar	Dios es la Perpetua Alegría y como tal penetra nuestro Ser espiritual. P	manual	Res Penentrantes.xlsx	ALEGRÍA	B10	1	example
pen-alegría-pe-0001	Res Longae Penetrantes	alegría	PE	verbal-subject-transitive	atravesar	este video en Instagram refleja la alegría que atraviesa la familia Cueva López	manual	Res Penentrantes.xlsx	ALEGRÍA	B16	1	example
pen-alegría-pe-0002	Res Longae Penetrantes	alegría	PE	verbal-instrumental	atravesado por	La vida de el empresario estuvo envuelta en la polémica, atravesada por las alegrías y miserias	manual	Res Penentrantes.xlsx	ALEGRÍA	E16	1	example
pla-alegría-mx-0001	Res Planae	alegría	MX	attributive	llano	me he quedado con un sentimiento intenso de alegría, pura y llana	manual	Res Planae.xlsx	ALEGRÍA	B13	1	example
rot-alegría-ar-0001	Res Rotundae	alegría	AR	verbal-objective	rodar	hacen rodar lágrimas de alegría por aquellos chicos que recibirán más de un plato de comida.	manual	Res Rotundae.xlsx	ALEGRÍA	B2	1	example
rot-alegría-ar-0002	Res Rotundae	alegría	AR	verbal-objective	rodar	# Lágrimas de dolor pero también de alegría rodaron por las mejillas de varios viajero	manual	Res Rotundae.xlsx	ALEGRÍA	B2	1	example
rot-alegría-ar-0003	Res Rotundae	alegría	AR	verbal-objective	rodar	el sonido de sus bocinas hicieron rodar la alegría por toda la ciudad.	manual	Res Rotundae.xlsx	ALEGRÍA	B2	1	example
rot-alegría-co-0001	Res Rotundae	alegría	CO	verbal-objective	rodar	Llantos de alegría y felicidad rodaron por los rostros de los miles de aficionados	manual	Res Rotundae.xlsx	ALEGRÍA	B5	1	example
rot-alegría-co-0002	Res Rotundae	alegría	CO	verbal-subject-intransitive	girar en torno a	toda la alegría que gira en torno a la fecha.	manual	Res Rotundae.xlsx	ALEGRÍA	C5	1	example
rot-alegría-co-0003	Res Rotundae	alegría	CO	attributive	redondo	La alegría sería redonda con la presea de la también caleña Viviana Osor	manual	Res Rotundae.xlsx	ALEGRÍA	D5	1	example
rot-alegría-cu-0001	Res Rotundae	alegría	CU	attributive	redondo	Querido Gran padre, le escribo estas líneas desde la profunda y redonda alegría que nace en mi a el saber que cumple 90 añ	manual	Res Rotundae.xlsx	ALEGRÍA	D7	1	example
rot-alegría-do-0001	Res Rotundae	alegría	DO	verbal-objective	rodar	ágrimas de alegría rodando por sus mejillas.	manual	Res Rotundae.xlsx	ALEGRÍA	B8	1	example
rot-alegría-ec-0001	Res Rotundae	alegría	EC	verbal-objective	rodar	Todos se abrazaban y saltaban y hasta algunas lágrimas de alegría rodaron.	manual	Res Rotundae.xlsx	ALEGRÍA	B9	1	example
rot-alegría-es-0001	Res Rotundae	alegría	ES	attributive	redondo	la resistencia, quizá cazar un ataque y hacer la alegría aún más redonda	manual	Res Rotundae.xlsx	ALEGRÍA	D10	1	example
rot-alegría-es-0002	Res Rotundae	alegría	ES	attributive	redondo	Y hay también alegrías redondas como conchas	manual	Res Rotundae.xlsx	ALEGRÍA	D10	1	example
rot-alegría-mx-0001	Res Rotundae	alegría	MX	attributive	redondo	anar el Clásico Nacional no pudo ser una alegría redonda para Brian Lozano,	manual	Res Rotundae.xlsx	ALEGRÍA	D13	1	example
